1789625695.4768932,0.56
1789625695.787181,22.49
1789625696.0748672,30.51
1789625696.3918283,31.53
1789625696.679687,33.65
1789625696.9677873,34.36
1789625697.2844741,33.55
1789625697.5739439,34.17
1789625697.8607254,34.59
1789625698.177254,33.95
1789625698.4661014,34.37
1789625698.782262,33.26
1789625699.0701191,34.24
1789625699.3584964,34.53
1789625699.674977,33.74
1789625699.9631934,34.36
1789625700.2800844,32.84
1789625700.568042,34.09
1789625700.8663006,33.70
1789625701.1728125,34.11
1789625701.4604652,34.56
1789625701.748501,34.68
1789625702.0655005,34.03
1789625702.3537803,34.47
1789625702.6700528,33.39
1789625702.9581978,34.25
1789625703.24622,34.64
1789625703.5629807,33.92
1789625703.8513014,34.41
1789625704.1734827,32.73
1789625704.4556806,34.41
1789625704.743797,34.61
1789625705.060603,33.65
1789625705.34878,34.35
1789625705.6652815,32.90
1789625705.9532907,34.10
1789625706.2413585,34.53
1789625706.5581322,33.57
1789625706.8520439,33.79
1789625707.1342192,34.75
1789625707.4510367,33.98
1789625707.738956,34.48
1789625708.0559416,33.24
1789625708.3437593,34.22
1789625708.6317387,34.58
1789625708.9484572,33.77
1789625709.2367592,34.38
1789625709.5534177,32.82
1789625709.8412943,34.08
1789625710.1342518,33.98
1789625710.446236,33.60
1789625710.734185,34.83
1789625711.022087,34.88
1789625711.3392315,34.08
1789625711.626929,34.54
1789625711.943624,33.45
1789625712.231725,34.29
1789625712.5196643,34.59
1789625712.8365612,33.85
1789625713.124575,34.45
1789625713.441397,33.09
1789625713.729606,34.30
1789625714.0226967,34.05
1789625714.338543,33.50
1789625714.622211,34.55
1789625714.9114144,34.52
1789625715.2271743,33.98
1789625715.5151854,34.45
1789625715.8317447,33.50
1789625716.1196656,34.31
1789625716.4079123,34.60
1789625716.724543,33.95
1789625717.0126297,34.45
1789625717.3292334,33.24
1789625717.617258,34.22
1789625717.9051917,34.57
1789625718.222146,34.06
1789625718.5118396,34.58
1789625718.8269837,32.96
1789625719.114927,34.12
1789625719.4028754,34.53
1789625719.7196617,33.56
1789625720.0087552,34.19
1789625720.2963312,34.53
1789625720.6129456,33.92
1789625720.9004254,34.50
1789625721.2263854,32.37
1789625721.5055258,34.51
1789625721.798339,34.51
1789625722.1103983,34.08
1789625722.398089,34.71
1789625722.7148776,33.19
1789625723.0078306,34.02
1789625723.2909374,35.22
1789625723.6081054,34.08
1789625723.8959453,34.70
1789625724.1840274,34.69
1789625728.0856168,31.79
1789625728.3738682,33.69
1789625728.690287,33.14
1789625728.9783018,34.19
1789625729.2672007,34.48
1789625729.5830517,33.71
1789625729.876266,33.85
1789625730.1888433,33.03
1789625730.4758449,34.21
1789625730.7637188,34.58
1789625731.0807245,33.74
1789625731.3687036,34.38
1789625731.685534,32.88
1789625731.9733913,34.11
1789625732.261327,34.57
1789625732.578331,33.55
1789625732.8665392,34.29
1789625733.1543329,34.58
1789625733.4711576,33.91
1789625733.7592545,34.44
1789625734.0768516,33.10
1789625734.363801,34.24
1789625734.6517825,34.59
1789625734.9686637,33.75
1789625735.2566278,34.55
1789625735.573839,32.95
1789625735.8617532,34.09
1789625736.156383,34.22
1789625736.4662938,33.97
1789625736.7545402,34.43
1789625737.0431676,34.54
1789625737.3589683,34.02
1789625737.646941,34.52
1789625737.964792,33.23
1789625738.251857,34.26
1789625738.5398428,34.58
1789625738.8566847,33.82
1789625739.145142,34.39
1789625739.4615164,33.02
1789625739.7495542,34.14
1789625740.0385714,34.78
1789625740.3541157,33.85
1789625740.6423166,34.41
1789625740.9302993,34.63
1789625741.247187,34.03
1789625741.5349503,34.52
1789625741.8517358,33.52
1789625742.1401775,34.28
1789625742.4277809,34.62
1789625742.745018,33.91
1789625743.0327349,34.46
1789625743.3498693,33.19
1789625743.6378634,34.20
1789625743.9254093,34.57
1789625744.2428765,33.69
1789625744.530242,34.41
1789625744.848323,32.88
1789625745.1353672,34.11
1789625745.4229386,34.55
1789625745.7398405,33.51
1789625746.0277865,34.33
1789625746.3159502,34.70
1789625746.6368344,33.76
1789625746.921011,35.49
1789625747.2376826,33.75
1789625747.5256436,34.39
1789625747.8133912,34.67
1789625748.1301498,33.91
1789625748.4185345,34.42
1789625748.7354383,32.96
1789625749.023283,34.11
1789625749.3117576,34.56
1789625749.6279597,33.52
1789625749.9158175,34.33
1789625750.2040186,34.59
1789625750.520578,34.02
1789625750.8090901,34.44
1789625751.1261883,33.32
1789625751.4140632,34.21
1789625751.70152,34.58
1789625752.0190523,33.83
1789625752.3061612,34.68
1789625752.6231067,33.29
1789625752.911214,34.21
1789625753.1989338,34.59
1789625753.515723,33.77
1789625753.8037944,34.42
1789625754.1214979,32.87
1789625754.4086952,34.17
1789625754.6975422,34.43
1789625755.0134954,33.53
1789625755.3013783,34.33
1789625755.5893521,34.61
1789625755.9070935,33.85
1789625756.1942043,34.48
1789625756.511947,33.74
1789625756.7989848,34.44
1789625757.087028,34.65
1789625757.404525,33.75
1789625757.6965857,33.94
1789625758.0133092,33.09
1789625758.305612,34.49
1789625758.5846722,35.35
1789625758.901345,34.00
1789625759.1898057,34.46
1789625759.478213,34.58
1789625759.794231,34.01
1789625760.0826206,34.43
1789625763.983351,31.33
1789625764.2716022,33.67
1789625764.5595443,34.36
1789625764.8760238,33.79
1789625765.1639671,34.41
1789625765.4854357,32.37
1789625765.7688284,34.54
1789625766.0568056,35.41
1789625766.373693,34.12
1789625766.6617846,34.51
1789625766.978495,32.94
1789625767.2665558,34.11
1789625767.5545065,34.53
1789625767.8713827,33.54
1789625768.1596239,34.28
1789625768.4473324,34.59
1789625768.7644582,33.91
1789625769.0520246,34.48
1789625769.3695161,33.59
1789625769.6611943,34.49
1789625769.946664,34.69
1789625770.2616744,33.87
1789625770.5497656,34.43
1789625770.8664238,32.92
1789625771.1543946,34.11
1789625771.4424667,34.52
1789625771.7595665,33.60
1789625772.0471828,34.36
1789625772.335152,34.63
1789625772.6523485,34.00
1789625772.940111,34.52
1789625773.2569406,33.36
1789625773.5451212,35.35
1789625773.8396087,34.48
1789625774.149677,34.25
1789625774.4378893,34.85
1789625774.7544236,33.23
1789625775.0423713,34.21
1789625775.3313265,34.46
1789625775.6475337,33.62
1789625775.935256,35.08
1789625776.2251182,35.07
1789625776.540047,34.20
1789625776.828025,34.57
1789625777.1456978,33.46
1789625777.4339957,34.22
1789625777.7207458,35.00
1789625778.0380378,34.08
1789625778.3255394,34.59
1789625778.6423388,33.28
1789625778.9309678,34.21
1789625779.2183955,34.58
1789625779.5353858,34.57
1789625779.823223,34.82
1789625780.1400986,33.02
1789625780.4281592,34.13
1789625780.716069,34.82
1789625781.0327864,33.65
1789625781.3208199,34.37
1789625781.6086907,34.66
1789625781.9272308,33.77
1789625782.2137194,34.51
1789625782.5305548,33.31
1789625782.8188648,34.26
1789625783.1063077,34.70
1789625783.4232981,34.08
1789625783.71153,34.64
1789625784.028259,32.92
1789625784.3163579,34.37
1789625784.6040978,34.63
1789625784.9209983,33.89
1789625785.2088246,34.45
1789625785.4967902,34.66
1789625785.8135493,34.08
1789625786.1031065,34.33
1789625786.4184299,33.43
1789625786.7063947,34.29
1789625786.9947925,34.54
1789625787.311093,33.94
1789625787.5997097,34.40
1789625787.9162002,33.25
1789625788.204028,34.26
1789625788.4919698,34.58
1789625788.8088763,33.79
1789625789.096866,34.40
1789625789.413608,32.89
1789625789.701694,34.09
1789625789.9904637,34.43
1789625790.3065434,33.54
1789625790.5963314,34.13
1789625790.88412,34.45
1789625791.1994743,33.97
1789625791.4871843,34.51
1789625791.803981,33.29
1789625792.0931737,34.14
1789625792.3800085,34.58
1789625792.6967223,33.87
1789625792.9852693,34.39
1789625793.3019333,32.96
1789625793.589621,34.13
1789625793.878294,34.49
1789625794.1943722,33.62
1789625794.4823408,34.39
1789625794.7721734,34.43
1789625795.0872867,34.03
1789625795.3753705,34.50
1789625795.6924686,33.32
1789625795.9801788,34.26
1789625799.8431926,32.76
1789625800.1606867,33.09
1789625800.4473686,34.32
1789625800.7654853,34.22
1789625801.0531044,34.57
1789625801.3400874,34.74
1789625801.6571198,33.87
1789625801.9465723,34.31
1789625802.2629023,32.92
1789625802.550831,34.06
1789625802.837636,34.64
1789625803.1548247,33.59
1789625803.442469,34.38
1789625803.7316303,34.56
1789625804.047467,34.03
1789625804.3355017,34.69
1789625804.6537538,33.14
1789625804.940297,34.33
1789625805.2281382,34.64
1789625805.546997,33.58
1789625805.8330433,34.45
1789625806.1498692,32.87
1789625806.4377818,34.12
1789625806.7261674,34.51
1789625807.0425065,33.67
1789625807.3309693,34.31
1789625807.6189394,34.55
1789625807.935357,34.01
1789625808.2233934,34.48
1789625808.5400443,33.41
1789625808.8294275,34.20
1789625809.1177154,34.46
1789625809.4329545,33.99
1789625809.7235653,34.50
1789625810.0378308,33.26
1789625810.325878,34.26
1789625810.6157084,34.46
1789625810.9304616,33.61
1789625811.219931,34.22
1789625811.507853,34.52
1789625811.823283,34.04
1789625812.1113458,34.50
1789625812.4281206,33.52
1789625812.7163885,36.13
1789625813.004192,35.28
1789625813.3209918,34.21
1789625813.609532,34.52
1789625813.9257734,33.40
1789625814.2144604,34.26
1789625814.5036168,34.44
1789625814.8190258,33.75
1789625815.1073864,34.35
1789625815.423431,32.89
1789625815.7114213,34.09
1789625815.9997213,34.47
1789625816.3161223,33.54
1789625816.6045823,34.28
1789625816.8920734,34.63
1789625817.208938,33.96
1789625817.496886,34.50
1789625817.81435,33.31
1789625818.101668,34.41
1789625818.3896766,34.85
1789625818.7085817,33.98
1789625819.0009625,34.44
1789625819.3141458,33.98
1789625819.5993457,34.75
1789625819.8898742,34.48
1789625820.2040854,33.75
1789625820.4926016,34.53
1789625820.781647,34.53
1789625821.0969853,34.10
1789625821.3849542,34.52
1789625821.702157,33.38
1789625821.9900599,34.33
1789625822.2814047,34.39
1789625822.5945284,34.17
1789625822.8859558,34.22
1789625823.1993225,33.36
1789625823.487335,35.60
1789625823.7778187,34.75
1789625824.0921261,33.98
1789625824.3838224,34.15
1789625824.6970248,33.13
1789625824.9885874,33.87
1789625825.2730396,34.69
1789625825.5897646,33.58
1789625825.8777676,34.68
1789625826.1658137,34.85
1789625826.4824908,34.05
1789625826.7714498,34.45
1789625827.0874846,33.33
1789625827.375267,34.26
1789625827.6634247,34.56
1789625827.9801574,33.74
1789625828.2687182,34.34
1789625828.5859816,32.94
1789625828.8730512,34.14
1789625829.1608906,34.57
1789625829.4777203,33.79
1789625829.76578,34.42
1789625830.0541406,34.67
1789625830.3759587,35.07
1789625830.6585453,35.42
1789625830.9785469,33.25
1789625831.2634335,34.39
1789625831.5515234,34.61
1789625835.4607463,30.38
1789625835.7477717,33.27
1789625836.0675557,32.49
1789625836.3598359,33.58
1789625836.6498623,34.14
1789625836.9703836,33.38
1789625837.2623665,34.13
1789625837.5818403,32.60
1789625837.8729644,33.76
1789625838.164281,34.16
1789625838.4874842,32.92
1789625838.7761345,34.15
1789625839.071522,33.96
1789625839.387431,33.83
1789625839.6786811,34.18
1789625840.004964,32.28
1789625840.292835,33.76
1789625840.581725,34.52
1789625840.9021494,33.68
1789625841.1930938,34.13
1789625841.5137079,32.96
1789625841.8104658,33.96
1789625842.10012,34.83
1789625842.4218976,33.96
1789625842.707597,36.63
1789625842.9989483,35.31
1789625843.3191345,34.03
1789626002.4243438,0.57
1789626002.7451653,21.78
1789626003.0329294,32.51
1789626003.344543,32.51
1789626003.6320467,33.99
1789626003.9206507,34.43
1789626004.2367396,33.53
1789626004.5259266,34.27
1789626004.8153768,34.37
1789626005.1295958,33.99
1789626005.418015,34.44
1789626005.7350013,33.17
1789626006.0233617,34.12
1789626006.3104131,34.59
1789626006.6279254,33.67
1789626006.9151943,34.42
1789626007.2322228,33.05
1789626007.520338,34.16
1789626007.8079836,34.58
1789626008.1248848,33.88
1789626008.4132037,34.40
1789626008.7008264,34.66
1789626009.017658,34.07
1789626009.3059657,34.48
1789626009.6226451,33.42
1789626009.910718,34.27
1789626010.1993678,34.48
1789626010.5152879,33.87
1789626014.1979737,32.95
1789626014.5151677,32.57
1789626014.8048391,33.78
1789626015.0907075,34.52
1789626015.4075181,33.66
1789626015.6957483,34.34
1789626016.0127776,32.87
1789626016.3017323,33.95
1789626016.5887296,34.48
1789626016.9051888,33.50
1789626017.1932514,34.30
1789626017.4813156,34.59
1789626017.7982054,33.92
1789626018.0859656,34.48
1789626018.4030778,33.17
1789626018.6908646,34.21
1789626018.9789147,34.54
1789626019.29553,33.76
1789626019.5836608,34.69
1789626019.9004982,33.09
1789626020.188307,34.22
1789626020.4776914,34.40
1789626020.7935605,33.52
1789626021.0864387,34.48
1789626021.373096,35.30
1789626021.6859102,34.53
1789626021.9749339,34.70
1789626022.2918746,33.39
1789626022.5786872,34.35
1789626022.8670936,34.57
1789626023.1836445,33.85
1789626023.4718988,34.39
1789626023.7883604,33.03
1789626024.0767593,34.10
1789626024.3643486,34.54
1789626024.6827047,33.43
1789626024.9694695,34.32
1789626025.2571557,34.65
1789626025.5740645,34.02
1789626025.8630168,34.40
1789626026.1793401,33.33
1789626026.4666202,34.29
1789626026.755948,34.46
1789626027.0714254,34.05
1789626027.360018,35.64
1789626027.6766233,33.63
1789626027.9642627,34.37
1789626028.2522423,34.70
1789626028.5693445,33.77
1789626028.8572426,34.43
1789626029.1739073,32.88
1789626029.4624832,34.04
1789626029.7501879,34.50
1789626030.0666356,33.55
1789626030.3548093,34.33
1789626030.6427302,35.80
1789626030.9641201,33.96
1789626031.2521408,34.30
1789626031.5644114,33.51
1789626031.8574557,33.94
1789626032.1403477,34.75
1789626032.4570587,33.92
1789626032.745707,34.39
1789626033.0618947,33.09
1789626033.3497984,34.16
1789626033.6379142,34.98
1789626033.9546113,33.78
1789626034.2427633,34.40
1789626034.530671,34.77
1789626034.8490536,33.90
1789626035.1354744,34.53
1789626035.4537792,33.22
1789626035.7402046,34.31
1789626036.0343797,34.08
1789626036.345047,34.38
1789626036.6334043,36.89
1789626036.9503415,33.85
1789626037.2385192,34.39
1789626037.525943,34.82
1789626037.849892,33.15
1789626038.133577,34.32
1789626038.4475226,33.59
1789626038.742077,33.95
1789626039.0262961,34.59
1789626039.340614,34.11
1789626039.6426756,34.05
1789626039.9164314,35.89
1789626040.2373016,34.32
1789626040.5213535,35.07
1789626040.8380647,33.48
1789626041.1259089,34.34
1789626041.413805,34.64
1789626041.730962,33.75
1789626042.0192773,34.94
1789626042.3358214,33.35
1789626042.6240914,34.20
1789626042.9115596,34.58
1789626043.253908,34.15
1789626043.5211878,36.46
1789626043.80453,35.98
1789626044.1255393,34.30
1789626044.4092326,34.97
1789626044.7258286,33.90
1789626045.01924,34.29
1789626045.302382,34.85
1789626045.622482,33.71
1789626045.9182167,33.77
1789626049.8072302,29.45
1789626050.11274,32.53
1789626050.3889725,34.80
1789626050.7145352,34.76
1789626050.999984,34.84
1789626051.3203301,33.95
1789626051.61109,34.72
1789626051.9021914,34.57
1789626052.222083,33.34
1789626052.5179834,34.07
1789626052.804251,35.07
1789626053.1251621,33.75
1789626053.4160044,34.09
1789626053.7350972,33.16
1789626054.0259254,34.25
1789626054.3213284,34.11
1789626054.6371224,33.86
1789626054.9277575,34.87
1789626055.2479289,33.10
1789626055.5388732,34.89
1789626055.8499172,35.50
1789626056.1504557,35.12
1789626056.440866,34.66
1789626056.731706,34.49
1789626057.0519328,33.77
1789626057.3427482,34.18
1789626057.66278,33.11
1789626057.9539225,33.94
1789626058.2456017,34.38
1789626058.5693054,33.19
1789626058.860293,33.75
1789626059.1815763,32.27
1789626059.4743724,33.58
1789626059.774623,33.60
1789626060.0784268,34.17
1789626060.368731,34.47
1789626060.659743,34.41
1789626060.9796922,33.73
1789626061.2717419,34.73
1789626061.5906577,35.05
1789626061.8816485,34.63
1789626062.177823,35.37
1789626062.4935045,36.33
1789626062.783681,35.33
1789626063.103695,33.31
1789626063.3947647,34.21
1789626063.6901615,35.61
1789626064.0056303,34.36
1789626064.2967534,34.79
1789626064.6170328,32.78
1789626064.9085646,35.32
1789626065.1948466,35.38
1789626065.5170467,33.30
1789626065.7998948,34.98
1789626066.0878313,34.82
1789626066.4045594,34.53
1789626066.6929986,34.62
1789626067.0128117,32.84
1789626067.2974098,35.28
1789626067.585321,35.45
1789626067.9020517,34.47
1789626068.1920662,36.19
1789626068.506996,35.28
1789626068.8011591,34.74
1789626069.0831554,35.48
1789626069.3998337,34.61
1789626069.6880033,34.72
1789626069.9757347,35.36
1789626070.2986965,33.81
1789626070.580779,35.27
1789626070.8973386,33.94
1789626071.1855261,35.25
1789626071.4799733,35.25
1789626071.7902095,34.78
1789626072.0781763,35.17
1789626072.410629,32.65
1789626072.68716,34.65
1789626072.9709466,35.15
1789626073.2876856,33.96
1789626073.5820758,34.04
1789626073.8927631,35.15
1789626074.1871936,34.64
1789626074.4691446,36.25
1789626074.7854319,34.20
1789626075.089694,33.84
1789626075.361855,35.42
1789626075.6838198,33.79
1789626075.9661624,35.50
1789626076.2964745,33.10
1789626076.5767348,35.22
1789626076.8733816,37.71
1789626077.181297,36.24
1789626077.4637015,35.79
1789626077.7804685,33.40
1789626078.0685809,34.29
1789626078.356791,34.56
1789626078.6732273,33.69
1789626078.9613578,34.37
1789626079.2494037,34.60
1789626079.5664988,33.98
1789626079.854106,34.50
1789626080.1712224,33.43
1789626080.4590309,34.28
1789626080.7468843,35.01
1789626081.0702934,33.91
1789626081.3518543,35.19
1789626081.6684988,33.37
1789626081.9565036,34.27
1789626085.6604905,32.89
1789626085.9797993,32.93
1789626086.2616634,34.61
1789626086.5785592,32.96
1789626086.8664706,34.14
1789626087.1553226,34.45
1789626087.471453,33.51
1789626087.7594812,34.30
1789626088.0477693,34.55
1789626088.36419,33.97
1789626088.6522233,34.47
1789626088.969159,33.21
1789626089.2613237,34.47
1789626089.5451832,34.85
1789626089.8616827,33.86
1789626090.1497233,34.44
1789626090.466483,32.90
1789626090.754456,34.10
1789626091.0438898,34.36
1789626091.3593254,33.59
1789626091.6473732,34.33
1789626091.9352608,34.63
1789626092.2529387,33.93
1789626092.5400925,34.50
1789626092.8572643,33.31
1789626093.1450975,34.29
1789626093.4330504,34.58
1789626093.749801,33.85
1789626094.037728,34.44
1789626094.3545833,33.11
1789626094.6445644,34.49
1789626094.9356017,34.23
1789626095.247508,33.62
1789626095.5352848,34.39
1789626095.8455951,33.41
1789626096.1401322,34.03
1789626096.4282277,34.49
1789626096.745462,33.31
1789626097.032868,34.30
1789626097.3282182,33.90
1789626097.637727,34.16
1789626097.925914,34.53
1789626098.2429032,33.31
1789626098.5306926,34.25
1789626098.8184712,34.59
1789626099.1353807,33.77
1789626099.4246306,34.26
1789626099.7403066,32.92
1789626100.028562,34.06
1789626100.3161721,34.52
1789626100.6346748,33.33
1789626100.9215586,34.29
1789626101.208938,34.64
1789626101.5259995,33.94
1789626101.813977,34.45
1789626102.1306362,33.21
1789626102.4185808,34.21
1789626102.706955,34.51
1789626103.0236137,33.83
1789626103.3112736,34.48
1789626103.6286957,33.11
1789626103.91628,34.16
1789626104.2042108,34.53
1789626104.5212011,33.66
1789626104.808978,34.38
1789626105.0968962,34.62
1789626105.4144742,33.94
1789626105.701779,34.49
1789626106.0185614,33.40
1789626106.3066325,34.28
1789626106.5945625,34.59
1789626106.9112618,33.89
1789626107.1993725,34.45
1789626107.5161374,33.08
1789626107.8096457,34.25
1789626108.0993738,34.84
1789626108.4088433,34.99
1789626108.6969044,34.84
1789626109.0137193,33.03
1789626109.30174,34.18
1789626109.5898163,34.70
1789626109.9078326,33.42
1789626110.1990335,34.28
1789626110.4867659,35.25
1789626110.799287,34.81
1789626111.087323,35.28
1789626111.4041963,33.53
1789626111.6922119,34.73
1789626111.980836,35.41
1789626112.298219,33.94
1789626112.5849762,34.51
1789626112.9018965,32.94
1789626113.1899955,34.11
1789626113.4789007,35.81
1789626113.7945356,34.30
1789626114.0827637,34.95
1789626114.3707304,34.83
1789626114.6890745,33.91
1789626114.9754248,34.55
1789626115.2925248,33.39
1789626115.580285,34.27
1789626115.8683033,34.56
1789626116.1853216,33.80
1789626116.474373,34.30
1789626116.7937934,32.83
1789626117.0843697,33.87
1789626117.3757792,34.13
1789626117.6943338,33.35
1789626121.5546875,32.77
1789626121.8451157,33.87
1789626122.1647203,33.55
1789626122.4547226,34.16
1789626122.7742035,33.27
1789626123.064517,34.06
1789626123.3549886,34.31
1789626123.6743536,33.68
1789626123.964832,34.19
1789626124.2843335,32.97
1789626124.5747437,33.93
1789626124.8650541,34.29
1789626125.1902103,32.91
1789626125.474987,37.19
1789626125.7943456,33.73
1789626126.0846326,34.20
1789626126.3829381,33.65
1789626126.7034488,32.87
1789626126.985062,34.46
1789626127.275267,34.47
1789626127.5947793,33.79
1789626127.8851645,34.22
1789626128.2044864,33.16
1789626128.494959,34.00
1789626128.7855172,34.28
1789626129.1047978,33.58
1789626129.3956933,34.09
1789626129.7148745,32.78
1789626130.0050273,33.89
1789626130.2956703,34.23
1789626130.6148946,33.37
1789626130.9055042,34.07
1789626131.1957057,34.33
1789626131.5151649,33.76
1789626131.806082,34.17
1789626132.1252697,33.10
1789626132.4165082,33.86
1789626132.706097,34.28
1789626133.0252035,33.66
1789626133.3156304,34.17
1789626133.634946,33.00
1789626133.925447,33.94
1789626134.216077,34.24
1789626134.5355175,33.53
1789626134.8259575,34.13
1789626135.1451504,32.60
1789626135.4355543,33.80
1789626135.72622,34.19
1789626136.044044,33.34
1789626136.3324027,34.21
1789626136.6200264,34.56
1789626136.9368324,33.95
1789626137.224735,34.49
1789626137.5414598,33.28
1789626137.82956,34.24
1789626138.1177294,34.54
1789626138.434315,33.86
1789626138.7224016,34.43
1789626139.0398269,32.95
1789626139.3272502,34.15
1789626139.615261,34.52
1789626139.9326751,33.61
1789626140.220029,34.38
1789626140.5084286,34.57
1789626140.824869,34.06
1789626141.113888,34.38
1789626141.4297922,33.30
1789626141.7179022,34.22
1789626142.0055525,34.65
1789626142.3223124,33.91
1789626142.610364,34.45
1789626142.9272652,33.07
1789626143.2177038,33.87
1789626143.5045493,34.43
1789626143.8205981,33.71
1789626144.1080656,34.42
1789626144.4248402,32.80
1789626144.7127151,34.07
1789626145.0009003,34.51
1789626145.317521,33.53
1789626145.6056376,34.31
1789626145.8937526,34.58
1789626146.2108457,33.95
1789626146.4988286,34.42
1789626146.8154864,33.20
1789626147.1033914,34.25
1789626147.3914614,34.55
1789626147.7079198,33.76
1789626147.9982255,34.17
1789626148.3141136,32.87
1789626148.600745,34.16
1789626148.8887575,34.53
1789626149.2054298,33.67
1789626149.4940388,34.32
1789626149.7816,34.61
1789626150.0983684,34.08
1789626150.3862987,34.52
1789626150.7033598,33.40
1789626150.9914002,34.25
1789626151.2793224,34.56
1789626151.5967755,33.75
1789626151.884554,34.42
1789626152.2026973,32.88
1789626152.488789,34.18
1789626152.7768655,34.53
1789626153.0942242,33.55
1789626153.3814726,34.36
1789626157.1304326,32.31
1789626157.4473472,33.21
1789626157.735019,34.23
1789626158.0518787,33.56
1789626158.3398647,34.33
1789626158.6281595,34.58
1789626158.9446285,33.95
1789626159.2326837,34.47
1789626159.558859,32.73
1789626159.8376157,36.00
1789626160.1275117,34.97
1789626160.4435496,33.91
1789626160.7303066,36.84
1789626161.0473785,34.63
1789626161.3405647,34.15
1789626161.623127,35.58
1789626161.93995,34.85
1789626162.2279606,35.41
1789626162.5159929,35.40
1789626162.8331249,34.52
1789626163.1208856,34.84
1789626163.437533,33.50
1789626163.725665,34.83
1789626164.0134985,34.79
1789626164.330359,33.95
1789626164.6186712,34.43
1789626164.9354384,32.96
1789626165.223437,34.09
1789626165.5125327,34.39
1789626165.8279283,33.71
1789626166.1161516,34.36
1789626166.4038453,34.62
1789626166.7207015,34.04
1789626167.0086534,34.49
1789626167.325634,33.39
1789626167.6135159,34.31
1789626167.9017277,34.60
1789626168.2188454,33.92
1789626168.5062535,34.48
1789626168.823713,33.16
1789626169.1111066,34.23
1789626169.3990216,34.59
1789626169.7163634,33.81
1789626170.0039415,34.43
1789626170.3214476,32.86
1789626170.6100626,33.98
1789626170.8968217,34.53
1789626171.2134843,33.54
1789626171.5014477,34.35
1789626171.7894316,34.63
1789626172.106303,33.97
1789626172.3942742,34.49
1789626172.7113073,33.43
1789626172.99908,34.31
1789626173.2871943,35.95
1789626173.6121876,34.96
1789626173.9015136,34.64
1789626174.213174,33.30
1789626174.4968123,34.49
1789626174.8014684,34.55
1789626175.101676,34.49
1789626175.389987,34.94
1789626175.6815543,34.41
1789626176.0079534,33.62
1789626176.2970552,36.81
1789626176.6126492,34.93
1789626176.887132,36.32
1789626177.1750665,35.45
1789626177.4927237,34.29
1789626177.7798321,34.78
1789626178.0967565,33.15
1789626178.385023,34.15
1789626178.672589,34.57
1789626178.9988637,33.27
1789626179.2774243,35.14
1789626179.5943604,33.21
1789626179.8822522,34.21
1789626180.170301,34.56
1789626180.4872236,33.58
1789626180.7752633,34.32
1789626181.0633547,34.67
1789626181.3801687,34.07
1789626181.6746027,34.80
1789626181.9849808,34.42
1789626182.272746,34.65
1789626182.561192,34.67
1789626182.8774214,33.80
1789626183.1719148,34.34
1789626183.4822958,33.53
1789626183.7702994,35.27
1789626184.058277,35.53
1789626184.3762345,33.98
1789626184.6631513,34.77
1789626184.9510741,34.76
1789626185.2684257,34.39
1789626185.555879,34.67
1789626185.873444,33.36
1789626186.161014,34.43
1789626186.4486723,34.84
1789626186.7724164,34.84
1789626187.0534554,35.45
1789626187.3707962,33.46
1789626187.6582422,34.34
1789626187.9534633,34.71
1789626188.2631056,33.91
1789626188.5513093,34.44
1789626188.845711,34.94
1789626189.1558666,34.68
1789626193.0270073,32.88
1789626193.3441703,32.90
1789626193.6317542,34.15
1789626193.921732,34.33
1789626194.2367475,33.97
1789626194.5245202,34.50
1789626194.841423,33.28
1789626195.1294866,34.22
1789626195.4233625,33.95
1789626195.7405674,34.13
1789626196.0223346,35.13
1789626196.3390605,34.88
1789626196.627069,35.18
1789626196.9218264,35.32
1789626197.2385585,34.42
1789626197.519995,35.75
1789626197.8142328,36.38
1789626198.1246521,38.52
1789626198.4125123,36.07
1789626198.7297382,33.88
1789626199.0229352,34.47
1789626199.3078406,35.27
1789626199.6313953,33.56
1789626199.916657,35.42
1789626200.2409039,33.17
1789626200.5256412,35.42
1789626200.8247967,34.84
1789626201.134739,34.26
1789626201.4253235,37.95
1789626201.7148385,36.24
1789626202.0337574,35.10
1789626202.3313262,34.77
1789626202.6475847,33.40
1789626202.9377625,34.61
1789626203.2281585,35.26
1789626203.54751,34.04
1789626203.8355632,35.00
1789626204.1560733,33.43
1789626204.4461603,34.87
1789626204.7378411,34.88
1789626205.0567508,34.39
1789626205.346705,34.89
1789626205.658858,33.84
1789626205.9549105,34.64
1789626206.245172,35.43
1789626206.5624182,34.34
1789626206.8529677,35.04
1789626207.1425674,35.45
1789626207.46449,34.87
1789626207.7556188,35.42
1789626208.0713305,34.55
1789626208.364429,34.80
1789626208.65447,35.46
1789626208.9736528,34.56
1789626209.264231,35.02
1789626209.5812593,33.51
1789626209.8744223,34.54
1789626210.1632512,35.77
1789626210.4916198,33.20
1789626210.7667854,35.11
1789626211.0570025,34.71
1789626211.3767452,33.85
1789626211.6671805,34.97
1789626211.9860337,33.90
1789626212.2848527,34.09
1789626212.566993,38.74
1789626212.894255,34.66
1789626213.1762283,35.89
1789626213.5009437,33.55
1789626213.8038375,33.82
1789626214.0822952,36.81
1789626214.4004273,35.04
1789626214.6908731,35.49
1789626215.0051973,34.84
1789626215.3021424,35.00
1789626215.5922496,35.47
1789626215.911746,34.15
1789626216.2039454,34.90
1789626216.4964116,34.94
1789626216.812466,34.52
1789626217.1039212,35.04
1789626217.4188144,33.66
1789626217.7094374,34.15
1789626218.0004225,34.31
1789626218.3201044,33.50
1789626218.6109674,34.07
1789626218.9325244,32.52
1789626219.2229002,33.74
1789626219.5121927,34.25
1789626219.8328254,33.24
1789626220.1229308,34.07
1789626220.413996,34.26
1789626220.7403038,33.66
1789626221.0308318,34.82
1789626221.3524294,33.55
1789626221.6422648,35.29
1789626221.9308338,35.58
1789626222.2496767,34.64
1789626222.539987,34.86
1789626222.8639762,32.67
1789626223.1528316,34.47
1789626223.443772,34.95
1789626223.7651446,34.03
1789626224.055591,34.95
1789626224.348189,35.64
1789626224.6675305,35.49
1789626224.9569182,36.02
1789626228.6133597,32.17
1789626228.9035847,34.79
1789626229.1941574,35.22
1789626229.5139337,34.13
1789626229.8044455,34.92
1789626230.1227686,33.44
1789626230.4158103,34.06
1789626230.705648,34.68
1789626231.0215163,33.98
1789626231.3122845,34.24
1789626231.6324773,32.85
1789626231.9238198,33.79
1789626232.214284,34.22
1789626232.536497,32.99
1789626232.8254774,34.00
1789626233.1164093,34.25
1789626233.436495,33.58
1789626233.7275622,34.11
1789626234.0477204,33.00
1789626234.338919,33.86
1789626234.6297266,34.27
1789626234.9501147,33.71
1789626235.2461984,33.62
1789626235.5677705,32.18
1789626235.8526082,34.44
1789626236.1438122,34.38
1789626236.4643447,33.32
1789626236.75515,34.01
1789626237.04648,34.23
1789626237.3670084,33.62
1789626237.6617181,33.84
1789626237.9780862,33.06
1789626238.274184,34.25
1789626238.5603414,34.88
1789626238.8807197,33.87
1789626239.1719663,34.18
1789626239.4923477,33.04
1789626239.7871118,34.03
1789626240.0800443,34.93
1789626240.394825,34.80
1789626240.6923115,33.91
1789626241.0064254,33.92
1789626241.306671,34.58
1789626241.5941298,35.23
1789626241.9150822,33.87
1789626242.1999636,34.99
1789626242.4973195,35.02
1789626242.8185062,34.54
1789626243.1102674,35.33
1789626243.4294968,33.68
1789626243.7198691,35.22
1789626244.01174,35.05
1789626244.3322132,34.12
1789626244.6221747,34.81
1789626244.941112,32.89
1789626245.2333937,34.46
1789626245.5237758,35.06
1789626245.8434718,33.74
1789626246.1364186,34.45
1789626246.428302,34.69
1789626246.7467012,34.29
1789626247.0397704,34.52
1789626247.3579974,33.39
1789626247.6500878,34.50
1789626247.9410894,35.07
1789626248.2620173,33.91
1789626248.5481956,34.46
1789626248.8681262,32.90
1789626249.1635816,33.61
1789626249.4502609,34.67
1789626249.7765048,33.62
1789626250.0677342,34.83
1789626250.3833156,34.30
1789626250.67907,34.87
1789626250.9696708,35.51
1789626251.2911751,34.00
1789626251.5820303,34.78
1789626251.8730779,35.40
1789626252.1914725,34.93
1789626252.4794445,35.51
1789626252.802586,33.33
1789626253.0910392,34.50
1789626253.3886974,34.20
1789626253.7093637,33.47
1789626254.0004275,34.84
1789626254.313585,33.80
1789626254.6048331,34.38
1789626254.9046166,33.57
1789626255.2230303,33.20
1789626255.5072615,34.65
1789626255.7986243,34.47
1789626256.1189196,33.72
1789626256.4172814,33.99
1789626256.7369823,32.45
1789626257.024833,34.73
1789626257.3211732,34.44
1789626257.6334672,34.06
1789626257.9246566,34.24
1789626258.2446656,32.79
1789626258.5360255,33.79
1789626258.8272913,34.16
1789626259.1476822,33.26
1789626259.4388258,33.97
1789626259.729852,34.24
1789626260.050673,33.67
1789626260.3415513,34.13
1789626263.85628,29.75
1789626264.146755,32.78
1789626264.4378822,33.97
1789626264.7582788,33.50
1789626265.0493975,34.07
1789626265.3702683,32.81
1789626265.6614234,33.79
1789626265.9521656,34.29
1789626266.2726753,33.40
1789626266.5641742,34.00
1789626266.884216,32.52
1789626267.175744,33.67
1789626267.4666278,34.19
1789626267.788,33.43
1789626268.0780673,34.10
1789626268.3696232,34.26
1789626268.6927526,33.35
1789626268.9808402,34.14
1789626269.3013017,33.03
1789626269.592437,33.91
1789626269.8845592,34.12
1789626270.204368,33.47
1789626270.495267,34.09
1789626270.8158095,32.63
1789626271.1068206,33.79
1789626271.397922,34.51
1789626271.7183902,33.50
1789626272.0096195,34.05
1789626272.3009832,34.23
1789626272.6240103,33.38
1789626272.912506,34.17
1789626273.2329626,33.02
1789626273.5239327,33.93
1789626273.8157532,34.16
1789626274.1361792,33.42
1789626274.4267502,34.11
1789626274.7470381,32.94
1789626275.0382347,33.86
1789626275.3297222,34.16
1789626275.6511078,33.25
1789626275.9412742,34.04
1789626276.2614655,32.55
1789626276.553115,33.70
1789626276.8439631,34.16
1789626277.164291,33.17
1789626277.4555116,33.96
1789626277.7466471,34.27
1789626278.067129,33.58
1789626278.3597097,33.92
1789626278.6786416,32.87
1789626278.969989,33.83
1789626279.261171,34.17
1789626279.5821035,33.31
1789626279.8727968,34.01
1789626280.1930375,32.72
1789626280.4845858,33.75
1789626280.775774,34.16
1789626281.0960872,33.26
1789626281.3874784,33.94
1789626281.6787128,34.20
1789626281.9989243,33.61
1789626282.2912729,33.96
1789626282.610341,33.03
1789626282.9014845,33.92
1789626283.1929927,34.17
1789626283.513144,33.49
1789626283.8044455,34.04
1789626284.1248443,32.68
1789626284.4160783,33.77
1789626284.7096376,33.90
1789626285.0275664,33.30
1789626285.3190315,33.96
1789626285.639693,32.48
1789626285.9304352,33.77
1789626286.2232912,33.97
1789626286.542213,33.18
1789626286.8339353,33.90
1789626287.1246314,34.22
1789626287.4465792,33.37
1789626287.7360954,34.13
1789626288.0571623,32.88
1789626288.3478727,33.86
1789626288.6390588,34.19
1789626288.9594998,33.38
1789626289.250623,34.03
1789626289.5710158,32.51
1789626289.8626182,33.67
1789626290.153513,34.14
1789626290.4740355,33.20
1789626290.7654793,33.94
1789626291.056388,34.24
1789626291.3772223,33.60
1789626291.6681073,34.10
1789626291.988487,32.98
1789626292.2818375,33.64
1789626292.570959,34.21
1789626292.891329,33.45
1789626293.1824882,34.06
1789626293.502935,32.53
1789626293.7942817,33.72
1789626294.0854244,34.15
1789626294.4058883,33.26
1789626294.6972446,33.97
1789626294.9885435,34.20
1789626295.3114283,33.42
1789626295.600253,34.15
1789626295.920824,33.22
1789626299.403244,31.82
1789626299.694532,33.46
1789626300.0149403,33.28
1789626300.306181,33.98
1789626300.626509,32.82
1789626300.9180412,33.79
1789626301.2091203,34.15
1789626301.529476,33.40
1789626301.8207004,34.02
1789626302.141453,32.49
1789626302.4325614,33.70
1789626302.7237432,34.12
1789626303.044013,33.16
1789626303.3356752,33.90
1789626303.6268213,34.19
1789626303.9472184,33.56
1789626304.2382824,34.10
1789626304.5587554,33.00
1789626304.8516898,33.70
1789626305.1414762,34.25
1789626305.4617248,33.50
1789626305.7529378,34.05
1789626306.0735278,32.68
1789626306.3646152,33.78
1789626306.6558726,34.16
1789626306.9766216,33.22
1789626307.2688215,33.84
1789626307.559562,34.15
1789626307.879259,33.65
1789626308.1706307,34.10
1789626308.4908938,33.04
1789626308.7823453,33.88
1789626309.074252,34.15
1789626309.3939297,33.49
1789626309.6852076,34.16
1789626310.0055983,32.90
1789626310.2970343,33.83
1789626310.5882592,34.20
1789626310.9087093,33.39
1789626311.2004046,33.97
1789626311.5204453,32.49
1789626311.8133094,33.52
1789626312.1029844,34.14
1789626312.4237046,33.07
1789626312.7160552,33.76
1789626313.0068986,34.09
1789626313.3267684,33.52
1789626313.6177022,34.09
1789626313.9388273,32.87
1789626314.2294946,33.87
1789626314.521605,34.09
1789626314.8413227,33.43
1789626315.132892,34.00
1789626315.4531677,32.67
1789626315.7444084,34.07
1789626316.0358555,34.25
1789626316.3570163,33.22
1789626316.6478224,34.00
1789626316.939511,34.15
1789626317.2592661,33.66
1789626317.5509093,34.35
1789626317.8713408,33.09
1789626318.1626008,33.90
1789626318.454264,34.16
1789626318.7746778,33.47
1789626319.065973,34.04
1789626319.3861375,32.72
1789626319.6775737,33.78
1789626319.9690917,34.12
1789626320.289138,33.27
1789626320.580684,33.96
1789626320.9005187,32.52
1789626321.188087,34.01
1789626321.4762092,34.47
1789626321.7929344,33.49
1789626322.0809364,34.30
1789626322.3689685,34.58
1789626322.6856303,33.97
1789626322.9737673,34.46
1789626323.2906125,33.24
1789626323.5784853,34.26
1789626323.8666797,34.55
1789626324.1836474,34.09
1789626324.4712672,34.56
1789626324.7880955,33.49
1789626325.1087768,32.47
1789626325.3645635,36.59
1789626325.6878455,33.60
1789626325.9689198,35.74
1789626326.265895,35.23
1789626326.5742488,34.35
1789626326.8618212,34.65
1789626327.1785824,33.49
1789626327.475654,33.41
1789626327.7552357,38.23
1789626328.0713024,36.00
1789626328.3594995,36.09
1789626328.6763294,33.63
1789626328.9649715,34.25
1789626329.2521007,34.63
1789626329.568817,33.69
1789626329.856709,34.39
1789626330.1449614,34.60
1789626330.462862,33.92
1789626330.7496686,34.51
1789626331.0664594,33.59
1789626331.354933,34.29
1789626334.9529808,32.06
1789626335.2699,33.07
1789626335.5587475,34.02
1789626335.8744168,33.12
1789626336.1622632,34.17
1789626336.4500766,34.55
1789626336.7669678,33.77
1789626337.0584772,34.01
1789626337.372519,32.87
1789626337.6598327,34.11
1789626337.947599,34.54
1789626338.2648356,33.44
1789626338.5524936,34.34
1789626338.8404644,34.61
1789626339.1572726,33.94
1789626339.4452264,34.48
1789626339.7640407,33.16
1789626340.0500326,34.35
1789626340.3382452,34.59
1789626340.6549754,33.88
1789626340.943244,34.41
1789626341.260181,32.97
1789626341.5475924,34.17
1789626341.835798,34.55
1789626342.153219,33.57
1789626342.4412382,34.32
1789626342.7286263,34.61
1789626343.0452702,34.03
1789626343.3340416,34.41
1789626343.650144,33.40
1789626343.9383686,34.25
1789626344.227399,34.44
1789626344.543137,33.82
1789626344.8308637,34.45
1789626345.1478112,33.24
1789626345.435651,34.24
1789626345.7236457,34.65
1789626346.040546,33.73
1789626346.3297482,34.25
1789626346.645534,32.90
1789626346.933487,34.08
1789626347.2221386,34.46
1789626347.5391798,33.47
1789626347.8263702,34.32
1789626348.1140275,34.61
1789626348.4321456,33.84
1789626348.7195923,34.40
1789626349.0356345,33.23
1789626349.3241818,34.15
1789626349.6117423,34.55
1789626349.928417,33.78
1789626350.2173634,34.29
1789626350.5332625,33.13
1789626350.8211935,34.18
1789626351.1094515,34.51
1789626351.4260304,33.67
1789626351.714153,34.38
1789626352.0022285,34.60
1789626352.3192377,34.08
1789626352.6068459,34.55
1789626352.9241982,33.32
1789626353.211756,34.26
1789626353.4996557,34.57
1789626353.8167536,33.83
1789626354.1044812,34.46
1789626354.4212334,33.09
1789626354.7092502,34.20
1789626354.9973106,34.56
1789626355.314064,33.67
1789626355.6033628,34.24
1789626355.9192908,32.87
1789626356.206856,34.19
1789626356.4963536,34.40
1789626356.8125758,33.45
1789626357.1000566,34.36
1789626357.3881345,34.62
1789626357.7045276,33.99
1789626357.9925334,34.50
1789626358.3093903,33.31
1789626358.5972676,34.24
1789626358.8859649,34.49
1789626359.2021677,33.74
1789626359.4900951,34.40
1789626359.8072157,32.87
1789626360.0950053,34.09
1789626360.383299,34.47
1789626360.7075973,32.77
1789626360.9889214,34.44
1789626361.2757168,34.69
1789626361.5924873,34.06
1789626361.880794,34.46
1789626362.1973412,33.43
1789626362.4857118,34.27
1789626362.7750757,34.39
1789626363.0902877,33.92
1789626363.378025,34.48
1789626363.6951845,33.04
1789626363.9831426,34.13
1789626364.2713192,34.49
1789626364.589383,33.53
1789626364.8785117,34.23
1789626365.168413,34.39
1789626365.4858882,33.87
1789626365.775084,34.36
1789626366.0930643,33.25
1789626366.3848104,33.85
1789626366.6714976,34.46
1789626366.989383,33.81
1789626370.8492713,32.53
1789626371.167613,32.60
1789626371.456488,33.94
1789626371.7460926,34.36
1789626372.063785,33.60
1789626372.352839,34.26
1789626372.6709993,32.74
1789626372.96089,33.88
1789626373.2492554,34.42
1789626373.5674975,33.42
1789626373.8565457,34.19
1789626374.146749,34.34
1789626374.4639554,33.81
1789626374.753145,34.33
1789626375.071798,33.04
1789626375.3609016,34.01
1789626375.6496592,34.44
1789626375.9685938,33.63
1789626376.2584307,34.21
1789626376.5776353,32.84
1789626376.8678641,33.89
1789626377.1580675,34.27
1789626377.4777026,33.35
1789626377.7672405,34.14
1789626378.0574064,34.36
1789626378.376672,33.77
1789626378.6671154,34.19
1789626378.9858685,33.16
1789626379.2768528,33.93
1789626379.5662222,34.32
1789626379.886989,33.42
1789626380.1756184,34.17
1789626380.4950216,32.92
1789626380.7847705,33.96
1789626381.0752912,34.29
1789626381.396168,33.34
1789626381.6849153,34.12
1789626382.0036314,32.65
1789626382.294062,33.81
1789626382.5842624,34.22
1789626382.9032607,33.25
1789626383.1933897,34.03
1789626383.4834607,34.34
1789626383.802104,33.74
1789626384.0913777,34.24
1789626384.4081428,33.09
1789626384.694936,34.25
1789626384.9830663,34.56
1789626385.3008008,33.69
1789626385.587788,34.50
1789626385.9048016,33.10
1789626386.1924767,34.26
1789626386.480965,34.55
1789626386.7979088,33.57
1789626387.0853195,34.37
1789626387.3732119,34.66
1789626387.690292,34.05
1789626387.9781494,34.50
1789626388.2952769,33.36
1789626388.5829785,34.29
1789626388.8710215,34.58
1789626389.1876655,34.01
1789626389.476068,34.44
1789626389.79275,33.09
1789626390.080582,34.17
1789626390.3696508,34.44
1789626390.6857631,33.58
1789626390.9735324,34.35
1789626391.2902749,32.90
1789626391.5791318,33.98
1789626391.8662384,34.52
1789626392.1828818,33.54
1789626392.470875,34.34
1789626392.7589145,34.60
1789626393.0758526,33.94
1789626393.3639789,34.44
1789626393.6805701,33.28
1789626393.9684854,34.24
1789626394.2572303,34.48
1789626394.5733607,33.74
1789626394.8612642,34.40
1789626395.17817,32.88
1789626395.46606,34.13
1789626395.7545283,34.48
1789626396.071232,33.55
1789626396.364643,35.28
1789626396.6469555,36.03
1789626396.9637055,34.55
1789626397.251843,34.65
1789626397.569107,33.41
1789626397.8566275,35.15
1789626398.1445098,34.97
1789626398.4612896,35.11
1789626398.749406,34.85
1789626399.0660825,33.24
1789626399.3541665,34.23
1789626399.6420388,34.58
1789626399.960979,33.45
1789626400.24822,34.30
1789626400.5370882,34.55
1789626400.8547134,33.95
1789626401.1448283,34.28
1789626401.461431,33.33
1789626401.7500687,34.20
1789626402.038976,34.49
1789626402.3573692,33.76
1789626402.6455684,34.36
1789626406.4490285,30.04
1789626406.7378323,33.03
1789626407.0268853,34.06
1789626407.3443506,33.54
1789626407.6337993,34.20
1789626407.9508433,32.75
1789626408.23983,33.97
1789626408.5285358,34.41
1789626408.847353,33.32
1789626409.1350396,34.25
1789626409.4241414,34.49
1789626409.741463,33.90
1789626410.0303826,34.38
1789626410.3480895,33.15
1789626410.6370018,34.13
1789626410.9259434,34.44
1789626411.2434297,33.75
1789626411.5331256,34.26
1789626411.8520424,32.88
1789626412.1419723,33.94
1789626412.4317791,34.31
1789626412.7508447,33.39
1789626413.0406022,34.14
1789626413.3304765,34.41
1789626413.6496089,33.77
1789626413.939045,34.28
1789626414.2580154,33.17
1789626414.5483727,33.99
1789626414.8377337,34.37
1789626415.1566548,33.64
1789626415.4471962,34.13
1789626415.7655575,32.83
1789626416.0553389,33.93
1789626416.345123,34.30
1789626416.6638389,33.52
1789626416.9536748,34.19
1789626417.2726023,32.68
1789626417.562996,33.81
1789626417.8524394,34.30
1789626418.171259,33.29
1789626418.4609609,34.10
1789626418.7510664,34.34
1789626419.0698662,33.71
1789626419.3592498,34.28
1789626419.6764302,33.15
1789626419.9640455,34.36
1789626420.25206,34.59
1789626420.5691907,33.71
1789626420.8570526,34.37
1789626421.1735084,33.10
1789626421.4615326,34.16
1789626421.7494721,34.56
1789626422.0678859,33.49
1789626422.3545587,34.35
1789626422.6422818,34.64
1789626422.959351,34.00
1789626423.2470963,34.50
1789626423.56402,33.39
1789626423.8520083,34.27
1789626424.1398447,34.66
1789626424.4567935,33.89
1789626424.7451093,34.42
1789626425.0623214,33.01
1789626425.3500667,34.10
1789626425.6374524,34.56
1789626425.9543025,33.65
1789626426.2423642,34.36
1789626426.5592456,32.77
1789626426.8472843,34.03
1789626427.135649,34.46
1789626427.4520042,33.54
1789626427.7401965,34.29
1789626428.028157,34.60
1789626428.3447587,33.96
1789626428.6333601,34.41
1789626428.9501235,33.14
1789626429.238028,34.15
1789626429.5260694,34.51
1789626429.8423026,33.83
1789626430.1306365,34.39
1789626430.4471538,32.86
1789626430.7352,34.09
1789626431.0234332,34.48
1789626431.3401232,33.52
1789626431.6283576,34.29
1789626431.9159875,34.61
1789626432.2331724,33.96
1789626432.5215402,34.40
1789626432.8376043,33.42
1789626433.1255178,34.28
1789626433.4135642,34.58
1789626433.7304144,33.83
1789626434.0195572,34.30
1789626434.335117,33.11
1789626434.6233695,34.19
1789626434.9111488,34.57
1789626435.2278893,33.70
1789626435.515986,34.37
1789626435.8042092,34.59
1789626436.120756,34.01
1789626436.4086661,34.50
1789626436.725518,33.41
1789626437.013657,34.26
1789626437.3014307,34.59
1789626437.6182606,33.95
1789626437.9063177,34.47
1789626438.2230797,33.25
1789626438.5112066,34.20
1789626442.304247,32.59
1789626442.6209066,33.08
1789626442.9094155,34.11
1789626443.2260752,32.80
1789626443.5140529,34.18
1789626443.8018963,34.54
1789626444.1186528,33.54
1789626444.4066346,34.32
1789626444.694658,34.60
1789626445.011783,33.90
1789626445.2995908,34.44
1789626445.6161413,33.22
1789626445.9042342,34.22
1789626446.1962023,34.19
1789626446.5094051,33.88
1789626446.796935,34.47
1789626447.1153984,32.97
1789626447.405875,33.89
1789626447.6940598,34.39
1789626448.0123231,33.47
1789626448.3020368,34.21
1789626448.5914466,34.42
1789626448.909635,33.84
1789626449.198934,34.34
1789626449.5172029,33.25
1789626449.8070223,34.08
1789626450.096275,34.38
1789626450.414415,33.70
1789626450.7044568,34.18
1789626451.022095,32.84
1789626451.3115413,33.96
1789626451.6017644,34.29
1789626451.9191015,33.63
1789626452.2090964,34.21
1789626452.5268638,32.74
1789626452.8165145,33.91
1789626453.1059349,34.32
1789626453.4239697,33.42
1789626453.7135668,34.16
1789626454.0027506,34.44
1789626454.3214307,33.79
1789626454.6118612,34.16
1789626454.9282331,33.13
1789626455.216255,34.21
1789626455.504347,34.54
1789626455.8210647,33.76
1789626456.10931,34.38
1789626456.42606,32.87
1789626456.7141094,34.21
1789626457.00177,34.60
1789626457.3187692,33.66
1789626457.6068292,34.34
1789626457.8950315,34.59
1789626458.2127514,33.87
1789626458.4999666,34.45
1789626458.8163867,33.38
1789626459.1041267,34.31
1789626459.3923013,34.59
1789626459.7094722,33.83
1789626459.9974303,34.40
1789626460.3151085,32.93
1789626460.6020055,34.17
1789626460.8898027,34.55
1789626461.2066221,33.65
1789626461.4944737,34.37
1789626461.8116171,32.84
1789626462.0998497,34.17
1789626462.387424,34.60
1789626462.7046914,33.53
1789626462.994044,34.22
1789626463.280524,34.64
1789626463.5974896,33.91
1789626463.8850942,34.49
1789626464.2019615,33.22
1789626464.4898744,34.23
1789626464.7778652,34.56
1789626465.0948236,34.15
1789626465.3832405,34.52
1789626465.6993933,32.96
1789626465.9874182,34.14
1789626466.283353,33.78
1789626466.5922916,33.86
1789626466.8806055,34.47
1789626467.1755545,34.04
1789626467.4938552,33.82
1789626467.7733927,36.02
1789626468.0902321,33.89
1789626468.3818958,34.25
1789626468.665996,34.77
1789626468.9827256,33.89
1789626469.270741,34.44
1789626469.5884695,33.09
1789626469.876142,34.19
1789626470.163616,34.57
1789626470.4805024,33.63
1789626470.7683475,34.39
1789626471.0564191,34.60
1789626471.376206,33.70
1789626471.6611552,34.54
1789626471.9778695,33.43
1789626472.2658265,34.29
1789626472.5542727,34.53
1789626472.8707168,33.92
1789626473.1588361,34.45
1789626473.4754007,33.29
1789626473.7635455,34.22
1789626474.0517056,34.55
1789626474.3682573,33.79
1789626478.2136695,32.77
1789626478.5298688,32.37
1789626478.8184037,33.79
1789626479.1051805,34.48
1789626479.4221961,33.46
1789626479.7098706,34.30
1789626479.9979546,34.58
1789626480.314594,33.93
1789626480.6051164,36.44
1789626480.9203076,33.94
1789626481.2074404,34.50
1789626481.4953942,34.69
1789626481.812552,33.92
1789626482.1008742,34.43
1789626482.4170232,33.12
1789626482.7057223,34.34
1789626482.9934447,34.70
1789626483.3103735,33.72
1789626483.5985904,34.37
1789626483.8867579,34.60
1789626484.2047138,33.93
1789626484.491998,34.49
1789626484.8089502,33.31
1789626485.0971496,34.22
1789626485.3851955,34.54
1789626485.702114,33.84
1789626485.990974,34.39
1789626486.3072824,32.94
1789626486.595387,34.12
1789626486.883648,34.51
1789626487.2005806,33.71
1789626487.488604,34.38
1789626487.8056824,32.85
1789626488.0950553,33.93
1789626488.3821404,34.50
1789626488.6989162,33.55
1789626488.9870844,34.32
1789626489.2753778,34.56
1789626489.5923615,33.90
1789626489.880736,34.41
1789626490.197517,33.22
1789626490.4855797,34.20
1789626490.774238,34.47
1789626491.0903153,33.76
1789626491.3784542,34.38
1789626491.6955357,32.86
1789626491.9832087,34.12
1789626492.2710252,34.54
1789626492.5879028,33.64
1789626492.8762934,34.31
1789626493.1639316,34.60
1789626493.4806006,34.04
1789626493.768617,34.50
1789626494.08546,33.41
1789626494.3734925,34.28
1789626494.6614535,34.58
1789626494.9839733,33.74
1789626495.267126,34.63
1789626495.5829802,33.31
1789626495.8712635,34.22
1789626496.159181,34.55
1789626496.4761336,33.62
1789626496.7640843,34.35
1789626497.0519352,34.64
1789626497.369404,33.98
1789626497.656732,34.50
1789626497.9735408,33.47
1789626498.2620797,34.24
1789626498.549452,34.61
1789626498.8663626,33.95
1789626499.154284,34.48
1789626499.4713805,33.14
1789626499.7591383,34.20
1789626500.0470238,34.57
1789626500.3639112,33.75
1789626500.651985,34.38
1789626500.9687674,32.87
1789626501.257106,34.25
1789626501.544808,34.57
1789626501.8618248,33.55
1789626502.150013,34.30
1789626502.4378836,34.56
1789626502.7544043,34.01
1789626503.0423172,34.48
1789626503.3677347,34.02
1789626503.647051,35.58
1789626503.9425137,35.38
1789626504.2519991,35.82
1789626504.548063,35.43
1789626504.8573744,36.57
1789626505.1568024,35.60
1789626505.4326768,37.38
1789626505.756459,34.63
1789626506.0375886,36.23
1789626506.325606,36.37
1789626506.6424031,34.71
1789626506.930568,34.72
1789626507.2470999,33.52
1789626507.5352654,34.33
1789626507.8231719,35.01
1789626508.1402087,34.07
1789626508.427928,34.60
1789626508.744735,33.24
1789626509.0327284,34.24
1789626509.3206372,34.59
1789626509.63748,33.77
1789626509.927147,34.27
1789626513.811765,31.33
1789626514.099805,33.56
1789626514.3876498,34.67
1789626514.7048285,33.52
1789626514.9923704,34.36
1789626515.2804363,34.61
1789626515.5979233,33.91
1789626515.8852592,34.49
1789626516.2022064,33.32
1789626516.4901683,34.23
1789626516.778187,34.58
1789626517.0949638,33.86
1789626517.3828382,34.44
1789626517.699743,33.06
1789626517.9887958,34.02
1789626518.2757878,34.55
1789626518.5924864,33.65
1789626518.880623,34.35
1789626519.1684208,34.62
1789626519.485363,34.01
1789626519.7740557,34.39
1789626520.0900671,33.39
1789626520.3783286,34.42
1789626520.6660178,34.66
1789626520.9830418,33.86
1789626521.271263,34.39
1789626521.587942,33.04
1789626521.8756125,34.17
1789626522.163784,34.54
1789626522.4805784,33.74
1789626522.768666,34.37
1789626523.0855463,32.86
1789626523.3736055,34.07
1789626523.6613443,34.51
1789626523.9779997,33.57
1789626524.2660956,34.34
1789626524.5547576,34.52
1789626524.8708055,33.96
1789626525.1599503,34.34
1789626525.476132,33.20
1789626525.7639303,34.20
1789626526.0517235,34.58
1789626526.369582,33.68
1789626526.6565185,34.43
1789626526.9733965,32.91
1789626527.261228,34.11
1789626527.5498898,34.48
1789626527.8660133,33.63
1789626528.1541414,34.36
1789626528.4425638,34.58
1789626528.7589207,34.02
1789626529.0467196,34.52
1789626529.3643932,33.30
1789626529.6517913,34.27
1789626529.9397752,34.57
1789626530.256509,33.87
1789626530.5453784,34.35
1789626530.8612943,33.06
1789626531.149274,34.15
1789626531.4372528,34.53
1789626531.7540069,33.67
1789626532.0422058,34.37
1789626532.330059,34.61
1789626532.6468742,34.04
1789626532.9351256,34.46
1789626533.25194,33.48
1789626533.5397003,34.31
1789626533.828216,34.54
1789626534.14446,33.97
1789626534.4326472,34.47
1789626534.749176,33.27
1789626535.0374255,34.24
1789626535.3253298,34.57
1789626535.642374,33.73
1789626535.931168,34.27
1789626536.2468696,32.92
1789626536.5357616,34.00
1789626536.8228679,34.52
1789626537.1399457,33.50
1789626537.4277854,34.33
1789626537.7157555,34.61
1789626538.0325968,33.93
1789626538.3204544,34.46
1789626538.6374295,33.38
1789626538.9253438,34.28
1789626539.2133203,34.58
1789626539.5302234,33.83
1789626539.8183014,34.41
1789626540.1351566,33.04
1789626540.4231665,34.13
1789626540.7109027,34.57
1789626541.0280378,33.62
1789626541.3162296,34.29
1789626541.6048002,35.41
1789626541.9210913,34.24
1789626542.214015,34.56
1789626542.5261035,33.66
1789626542.8132472,34.40
1789626543.1012845,34.63
1789626543.417975,34.00
1789626543.7084944,34.25
1789626544.022949,33.32
1789626544.3108926,34.26
1789626544.5989506,34.56
1789626544.9160552,33.72
1789626545.203785,34.38
1789626545.521021,32.84
1789626545.8085318,34.12
1789626549.679945,31.81
1789626549.996601,32.61
1789626550.284837,33.98
1789626550.5726888,34.48
1789626550.8894541,33.94
1789626551.1774285,34.47
1789626551.494304,33.23
1789626551.7823849,34.40
1789626552.071194,34.74
1789626552.3870494,35.70
1789626552.6751125,35.13
1789626552.9918349,33.29
1789626553.279965,34.26
1789626553.5678651,34.61
1789626553.8847852,35.61
1789626554.1728659,36.03
1789626554.4615316,36.16
1789626554.7858655,36.68
1789626555.0655923,37.26
1789626555.391874,33.41
1789626555.6776063,34.97
1789626555.9587307,35.82
1789626556.2752254,34.37
1789626556.563201,34.63
1789626556.879973,33.28
1789626557.2024968,32.43
1789626557.456014,38.30
1789626557.7726533,36.11
1789626558.0607133,36.77
1789626558.3774893,34.26
1789626558.6654313,34.69
1789626558.959571,35.74
1789626559.270631,35.15
1789626559.5586352,34.87
1789626559.8471575,35.10
1789626560.1713984,33.54
1789626560.4514253,35.27
1789626560.7679703,33.96
1789626561.0558112,34.48
1789626561.3439794,34.88
1789626561.661463,33.78
1789626561.9501514,34.27
1789626562.2655153,32.88
1789626562.55387,34.05
1789626562.841341,35.34
1789626563.1594262,33.99
1789626563.452571,34.64
1789626563.7355855,34.95
1789626564.0563893,33.90
1789626564.3460763,35.63
1789626564.6594148,34.44
1789626564.9489563,34.57
1789626565.2318912,34.96
1789626565.5487504,34.00
1789626565.8446162,33.94
1789626566.153472,33.82
1789626566.441567,34.42
1789626566.7376196,33.85
1789626567.0462213,34.05
1789626567.3343332,34.49
1789626567.622601,34.63
1789626567.9389906,34.07
1789626568.233011,34.93
1789626568.5499516,33.62
1789626568.836291,35.62
1789626569.1258316,35.60
1789626569.4383981,34.49
1789626569.724881,34.71
1789626570.0475616,32.68
1789626570.3294964,34.37
1789626570.6175392,34.61
1789626570.9342318,33.84
1789626571.2222674,34.45
1789626571.5390759,32.85
1789626571.827161,34.07
1789626572.1149995,34.51
1789626572.432045,33.48
1789626572.7198796,34.31
1789626573.00852,34.57
1789626573.3246834,33.98
1789626573.6128113,34.46
1789626573.9296453,33.39
1789626574.2177498,34.26
1789626574.5056052,34.59
1789626574.8222315,33.83
1789626575.1103983,34.40
1789626575.4271722,33.07
1789626575.7151368,34.17
1789626576.0031343,34.54
1789626576.3201933,33.62
1789626576.6079278,34.37
1789626576.89603,34.59
1789626577.2126565,34.04
1789626577.501054,34.54
1789626577.8174155,33.47
1789626578.1053512,34.31
1789626578.3934553,34.58
1789626578.7102196,33.84
1789626578.999389,34.83
1789626579.322197,33.03
1789626579.6092827,34.78
1789626579.8910964,35.39
1789626580.2156286,33.99
1789626580.501383,34.87
1789626580.8126974,33.35
1789626581.101013,34.21
1789626581.388764,35.11
1789626581.712644,33.41
1789626585.5871534,33.18
1789626585.8755786,34.47
1789626586.1930585,34.05
1789626586.4815187,35.07
1789626586.798445,33.65
1789626587.0857584,34.79
1789626587.3761683,35.32
1789626587.6856055,34.60
1789626587.973067,35.37
1789626588.2903202,33.37
1789626588.577921,34.28
1789626588.8658953,34.60
1789626589.1834888,33.56
1789626589.4705944,34.39
1789626589.7586555,34.65
1789626590.075541,34.03
1789626590.363596,34.48
1789626590.680887,33.31
1789626590.9683194,34.28
1789626591.2562497,34.58
1789626591.5734932,33.80
1789626591.8618655,34.36
1789626592.1779172,32.92
1789626592.4662607,34.07
1789626592.7540975,34.55
1789626593.0706892,33.81
1789626593.3586876,34.43
1789626593.6755497,32.87
1789626593.9635692,34.08
1789626594.2516792,34.49
1789626594.5682514,33.51
1789626594.8562906,34.31
1789626595.1443765,34.60
1789626595.4609826,33.96
1789626595.749085,34.47
1789626596.0661392,33.23
1789626596.3543375,34.17
1789626596.6417701,34.58
1789626596.9585884,33.78
1789626597.2474055,34.35
1789626597.5635886,32.88
1789626597.852267,34.02
1789626598.1397388,34.50
1789626598.4562798,33.57
1789626598.7460108,34.13
1789626599.0323536,34.62
1789626599.3492827,34.01
1789626599.6377316,34.41
1789626599.9541435,33.35
1789626600.2419455,34.26
1789626600.5298817,34.62
1789626600.8466616,33.90
1789626601.1351,34.40
1789626601.4514954,33.07
1789626601.7395484,34.15
1789626602.027509,34.53
1789626602.3444352,33.61
1789626602.6324482,34.34
1789626602.9209874,34.54
1789626603.2370079,34.02
1789626603.525096,34.47
1789626603.8417718,33.52
1789626604.1298518,34.31
1789626604.4179792,34.57
1789626604.7345803,33.93
1789626605.0226846,34.45
1789626605.3394735,33.23
1789626605.6274421,34.21
1789626605.9155374,34.56
1789626606.232387,33.75
1789626606.5205932,34.42
1789626606.8372917,32.87
1789626607.1251235,34.09
1789626607.4133935,34.49
1789626607.7301795,33.51
1789626608.0178797,34.35
1789626608.306223,34.56
1789626608.6226752,33.93
1789626608.9105446,34.48
1789626609.227392,33.39
1789626609.5153491,34.32
1789626609.8038902,34.55
1789626610.1203287,33.85
1789626610.4083598,34.43
1789626610.7252805,33.05
1789626611.0131543,34.15
1789626611.3010442,34.53
1789626611.6178606,33.65
1789626611.905994,34.34
1789626612.1937644,34.63
1789626612.5105836,34.04
1789626612.7990246,34.46
1789626613.1154487,33.39
1789626613.4035583,34.26
1789626613.6915033,34.58
1789626614.0083323,33.86
1789626614.296211,34.44
1789626614.6130438,33.23
1789626614.9010258,34.23
1789626615.1894841,34.53
1789626615.5060627,33.74
1789626615.79577,34.21
1789626616.110799,32.90
1789626616.4001875,33.92
1789626616.6867235,34.53
1789626617.0046434,33.39
1789626617.291883,34.29
1789626617.5797875,34.59
1789626621.4748802,32.11
1789626621.763683,33.70
1789626622.079609,33.00
1789626622.36709,34.16
1789626622.6552117,34.54
1789626622.9722006,33.73
1789626623.2601166,34.39
1789626623.5779517,32.95
1789626623.8648596,34.16
1789626624.1530087,34.52
1789626624.4710398,33.47
1789626624.7577655,34.35
1789626625.045526,34.63
1789626625.362447,34.01
1789626625.6504931,34.48
1789626625.96717,33.45
1789626626.2552376,34.30
1789626626.5434973,34.57
1789626626.8599243,33.87
1789626627.1480546,34.42
1789626627.4647467,33.04
1789626627.7528226,34.15
1789626628.0407474,34.53
1789626628.35915,33.47
1789626628.6457152,34.45
1789626628.9632645,32.89
1789626629.2503068,34.16
1789626629.5386941,34.51
1789626629.8552136,33.52
1789626630.1435907,34.28
1789626630.4315236,34.61
1789626630.7478244,33.98
1789626631.0359058,34.47
1789626631.353193,33.22
1789626631.640744,34.27
1789626631.9287584,34.58
1789626632.2471232,33.58
1789626632.5342968,34.32
1789626632.8505106,32.90
1789626633.1383305,34.11
1789626633.42707,34.44
1789626633.7430472,33.66
1789626634.031392,34.36
1789626634.3197358,34.55
1789626634.6358435,34.02
1789626634.924071,34.47
1789626635.2408326,33.37
1789626635.5289059,34.24
1789626635.816812,34.59
1789626636.1334536,33.88
1789626636.4230464,34.30
1789626636.7382953,33.12
1789626637.026359,34.18
1789626637.314833,34.51
1789626637.6312413,33.64
1789626637.9193614,34.33
1789626638.2073433,34.60
1789626638.5241554,34.00
1789626638.8119655,34.50
1789626639.1287682,33.54
1789626639.416687,34.34
1789626639.7046754,34.62
1789626640.0221171,33.88
1789626640.3096306,34.44
1789626640.6264067,33.23
1789626640.9153516,34.10
1789626641.202271,34.57
1789626641.5198784,33.67
1789626641.8075144,34.37
1789626642.1240475,32.89
1789626642.4123542,34.05
1789626642.7002296,34.49
1789626643.0171802,33.48
1789626643.3048816,34.34
1789626643.5941164,34.45
1789626643.9120612,33.66
1789626644.197637,34.48
1789626644.5145664,33.31
1789626644.802269,34.26
1789626645.0908492,34.53
1789626645.407094,33.89
1789626645.6961703,34.32
1789626646.01206,33.09
1789626646.3000956,34.15
1789626646.5882807,34.51
1789626646.904693,33.66
1789626647.1927505,34.36
1789626647.481044,34.57
1789626647.7984326,33.90
1789626648.0859044,34.45
1789626648.402257,33.40
1789626648.6903472,34.26
1789626648.978383,34.58
1789626649.2950597,33.89
1789626649.5831845,34.43
1789626649.8999653,33.19
1789626650.1879592,34.21
1789626650.4762495,34.54
1789626650.792845,33.73
1789626651.0811954,34.34
1789626651.3980298,32.87
1789626651.685704,34.11
1789626651.9740534,34.46
1789626652.2904239,33.53
1789626652.578255,34.33
1789626652.8664494,34.58
1789626653.1831226,33.96
1789626653.4711907,34.48
1789626657.375005,31.60
1789626657.6629784,33.68
1789626657.9512439,34.37
1789626658.2677555,33.70
1789626658.5566506,34.29
1789626658.8726318,33.13
1789626659.1606963,34.20
1789626659.4486926,34.58
1789626659.7654927,33.66
1789626660.0537086,34.34
1789626660.3415725,34.63
1789626660.6584647,34.02
1789626660.9463122,34.49
1789626661.2631476,33.40
1789626661.551514,34.22
1789626661.8401885,34.44
1789626662.1557753,33.86
1789626662.4442728,34.39
1789626662.7606018,33.07
1789626663.049111,34.11
1789626663.3365712,34.55
1789626663.6534224,33.67
1789626663.9413733,34.39
1789626664.2595487,32.86
1789626664.546178,34.16
1789626664.8344119,34.76
1789626665.1518128,33.55
1789626665.439186,34.35
1789626665.7271678,34.64
1789626666.0442128,33.92
1789626666.3318825,34.47
1789626666.6485949,33.26
1789626666.9367032,34.21
1789626667.2246869,34.55
1789626667.5414162,33.75
1789626667.829376,34.43
1789626668.1463182,32.92
1789626668.4343445,34.14
1789626668.7229795,34.45
1789626669.0390134,33.53
1789626669.3270528,34.31
1789626669.6150155,34.59
1789626669.932045,34.04
1789626670.2203264,34.48
1789626670.5368679,33.40
1789626670.824554,34.31
1789626671.116218,34.20
1789626671.4294643,33.90
1789626671.7174067,34.47
1789626672.0343916,33.11
1789626672.322113,34.21
1789626672.6102355,34.56
1789626672.9271426,33.67
1789626673.2149591,34.39
1789626673.5030649,34.62
1789626673.8201284,33.99
1789626674.1079288,34.50
1789626674.4248512,33.51
1789626674.7126644,34.32
1789626675.001655,34.49
1789626675.3176491,33.97
1789626675.6062384,34.38
1789626675.9222035,33.21
1789626676.2103577,34.18
1789626676.498304,34.56
1789626676.8151393,33.74
1789626677.1030536,34.40
1789626677.4198782,32.84
1789626677.7079098,34.06
1789626677.9960787,34.49
1789626678.3128438,33.49
1789626678.6006894,34.33
1789626678.8892648,34.52
1789626679.2060153,33.90
1789626679.4935575,34.44
1789626679.810212,33.40
1789626680.0988455,34.20
1789626680.3861907,34.61
1789626680.703725,33.79
1789626680.9912612,34.41
1789626681.3078456,33.05
1789626681.5959203,34.15
1789626681.8840044,34.52
1789626682.2008874,33.65
1789626682.4888911,34.33
1789626682.7765884,34.60
1789626683.0935578,34.01
1789626683.3813114,34.51
1789626683.6983202,33.37
1789626683.9861052,34.32
1789626684.274175,34.59
1789626684.5913281,33.82
1789626684.8791099,34.44
1789626685.196023,33.37
1789626685.4912443,33.55
1789626685.7717834,34.79
1789626686.0886314,33.85
1789626686.3766844,34.45
1789626686.693535,32.91
1789626686.981734,34.12
1789626687.2695115,34.53
1789626687.5863273,33.49
1789626687.8743513,34.29
1789626688.1635334,34.46
1789626688.4793003,33.91
1789626688.7669811,34.47
1789626689.083869,33.31
1789626692.952725,30.80
1789626693.2410805,33.34
1789626693.558512,33.27
1789626693.8457952,34.25
1789626694.1622512,32.95
1789626694.4502532,34.12
1789626694.738487,34.49
1789626695.0550137,33.63
1789626695.343115,34.36
1789626695.6312888,34.59
1789626695.9488862,33.92
1789626696.2360568,34.48
1789626696.5527475,33.40
1789626696.8408742,34.31
1789626697.1286657,34.61
1789626697.4455562,33.86
1789626697.7336156,34.45
1789626698.0505378,33.05
1789626698.338253,34.17
1789626698.6270208,34.45
1789626698.9433699,33.60
1789626699.231031,34.37
1789626699.5478926,32.92
1789626699.854701,32.73
1789626700.1320667,36.33
1789626700.4466465,36.11
1789626700.7291515,35.51
1789626701.0167534,35.02
1789626701.3336334,34.09
1789626701.6215694,34.51
1789626701.938207,33.26
1789626702.2269564,34.16
1789626702.514797,34.51
1789626702.8315206,33.70
1789626703.1192846,34.37
1789626703.4359362,32.89
1789626703.7238288,34.10
1789626704.0121064,34.52
1789626704.3286974,33.56
1789626704.6166143,34.34
1789626704.9050534,34.56
1789626705.2215648,34.01
1789626705.5096147,34.47
1789626705.826338,33.38
1789626706.1143377,34.26
1789626706.4037333,34.40
1789626706.719076,33.87
1789626707.0076265,34.38
1789626707.3242686,33.03
1789626707.6118913,34.18
1789626707.8999069,34.54
1789626708.2166631,33.65
1789626708.504754,34.34
1789626708.7928755,34.58
1789626709.1096506,34.02
1789626709.4022222,34.37
1789626709.7149885,33.51
1789626710.0023096,34.34
1789626710.2901692,34.93
1789626710.612502,33.91
1789626710.900238,34.79
1789626711.2168524,33.57
1789626711.5071135,34.42
1789626711.7936208,35.25
1789626712.1128817,34.10
1789626712.3988671,35.15
1789626712.7109625,34.15
1789626713.0024939,34.80
1789626713.29042,35.21
1789626713.6072974,34.06
1789626713.899058,35.86
1789626714.1781392,36.35
1789626714.4950035,34.75
1789626714.7830706,34.76
1789626715.1000254,33.51
1789626715.3877594,34.33
1789626715.6758945,34.60
1789626715.9928026,33.83
1789626716.2810159,34.40
1789626716.5980384,32.97
1789626716.88559,34.14
1789626717.173627,34.54
1789626717.4903755,33.65
1789626717.778434,34.35
1789626718.0679917,34.41
1789626718.383171,33.96
1789626718.6711857,34.46
1789626718.9880028,33.46
1789626719.2758212,34.32
1789626719.5638912,34.61
1789626719.8806114,33.89
1789626720.1691668,34.38
1789626720.485457,33.25
1789626720.773427,34.21
1789626721.0614722,34.57
1789626721.378659,33.77
1789626721.6663368,34.43
1789626721.9831307,32.94
1789626722.2712698,34.12
1789626722.5591753,34.53
1789626722.8759894,33.46
1789626723.1645932,34.22
1789626723.4535403,34.42
1789626723.7687268,33.97
1789626724.0570972,34.44
1789626724.3734078,33.25
1789626724.6613193,34.26
1789626724.9566784,36.53
1789626728.8550513,33.14
1789626729.1486883,35.92
1789626729.4620576,34.20
1789626729.7478898,35.76
1789626730.0373845,35.90
1789626730.3521457,34.76
1789626730.642391,35.17
1789626730.9318223,35.73
1789626731.2457736,35.28
1789626731.5338693,35.60
1789626731.852297,34.08
1789626732.132933,35.49
1789626732.4265382,35.39
1789626732.7450702,34.07
1789626733.026758,35.97
1789626733.349691,33.43
1789626733.6380343,35.05
1789626733.9231544,35.99
1789626734.246154,33.87
1789626734.530876,35.70
1789626734.8405082,35.17
1789626735.136422,35.03
1789626735.4211373,35.85
1789626735.7328393,34.26
1789626736.0218594,35.48
1789626736.3090086,35.03
1789626736.6258876,34.09
1789626736.9138365,34.50
1789626737.2304962,33.25
1789626737.5193841,34.13
1789626737.8064914,34.59
1789626738.123722,33.72
1789626738.4112935,34.42
1789626738.7282841,32.86
1789626739.0163982,34.05
1789626739.3054378,34.37
1789626739.6210065,33.65
1789626739.9087837,34.38
1789626740.196831,34.62
1789626740.5138645,34.00
1789626740.8017156,34.50
1789626741.1184547,33.36
1789626741.407375,34.16
1789626741.6944625,34.59
1789626742.0116348,33.82
1789626742.3023713,34.10
1789626742.6165943,33.08
1789626742.9045172,34.17
1789626743.1923597,34.54
1789626743.5089204,33.67
1789626743.797212,34.33
1789626744.0850341,34.59
1789626744.4017506,34.01
1789626744.689676,34.49
1789626745.0066204,33.37
1789626745.2945175,34.28
1789626745.582553,34.58
1789626745.9007728,33.76
1789626746.1873412,34.46
1789626746.5041738,33.22
1789626746.79226,34.22
1789626747.0802364,34.56
1789626747.398182,33.64
1789626747.6854324,34.37
1789626748.0021296,32.90
1789626748.2902646,34.05
1789626748.5779727,34.49
1789626748.8947432,33.50
1789626749.1831388,34.24
1789626749.4706833,34.57
1789626749.7873304,33.93
1789626750.0753272,34.45
1789626750.3919923,33.25
1789626750.6800778,34.23
1789626750.9680283,34.56
1789626751.28568,33.78
1789626751.5728912,34.44
1789626751.890234,33.02
1789626752.1776035,34.18
1789626752.4657485,34.54
1789626752.7830555,33.61
1789626753.070962,34.31
1789626753.3601158,34.44
1789626753.6760187,33.89
1789626753.9635482,34.47
1789626754.280126,33.43
1789626754.5681062,34.28
1789626754.8565447,34.52
1789626755.1728961,33.88
1789626755.4608996,34.44
1789626755.777748,33.31
1789626756.0658603,34.26
1789626756.3536985,34.60
1789626756.6707418,33.73
1789626756.9584832,34.41
1789626757.2753315,32.90
1789626757.5636563,34.07
1789626757.8517234,34.51
1789626758.168332,33.53
1789626758.456174,34.33
1789626758.7443979,34.56
1789626759.061019,33.93
1789626759.3487906,34.49
1789626759.6657681,33.29
1789626759.9539843,34.21
1789626760.2419465,34.53
1789626760.5584407,33.77
1789626760.8464224,34.41
1789626764.7503843,30.55
1789626765.0384755,33.27
1789626765.3268852,34.18
1789626765.643427,33.51
1789626765.9312415,34.32
1789626766.2193089,34.60
1789626766.5364,34.05
1789626766.8244116,34.48
1789626767.1409004,33.43
1789626767.4291823,34.25
1789626767.71705,34.56
1789626768.033685,33.85
1789626768.321821,34.43
1789626768.6393073,32.98
1789626768.9272192,34.10
1789626769.2144399,34.57
1789626769.5315354,33.63
1789626769.8194559,34.33
1789626770.136194,32.85
1789626770.4240406,34.09
1789626770.7121825,34.51
1789626771.029019,33.53
1789626771.3173528,34.29
1789626771.604983,34.62
1789626771.9215944,34.01
1789626772.2095973,34.50
1789626772.5265787,33.24
1789626772.814607,34.22
1789626773.1030962,34.52
1789626773.4194562,33.77
1789626773.7075763,34.37
1789626774.0244672,32.88
1789626774.3133123,34.02
1789626774.6001828,34.55
1789626774.9173527,33.41
1789626775.204863,34.33
1789626775.4928544,34.61
1789626775.8097267,34.03
1789626776.0977185,34.49
1789626776.432883,32.52
1789626776.7308116,34.40
1789626776.9905345,37.51
1789626777.3071835,34.90
1789626777.6034422,35.15
1789626777.9121027,33.89
1789626778.2004728,34.47
1789626778.4888983,34.91
1789626778.8059473,34.37
1789626779.0945406,34.48
1789626779.3827777,34.52
1789626779.6991496,33.97
1789626779.985827,34.53
1789626780.3025365,33.41
1789626780.5906217,34.26
1789626780.8784707,34.58
1789626781.1958802,33.86
1789626781.4832819,34.50
1789626781.8001,33.24
1789626782.0883226,34.19
1789626782.3759873,34.59
1789626782.692964,33.76
1789626782.980962,34.40
1789626783.2977433,32.88
1789626783.586001,34.07
1789626783.8738952,34.52
1789626784.1916466,33.38
1789626784.478543,34.33
1789626784.7672396,34.51
1789626785.0832732,33.96
1789626785.371526,34.45
1789626785.6883216,33.24
1789626785.9761212,34.23
1789626786.2645733,34.51
1789626786.5809689,33.93
1789626786.8687897,34.67
1789626787.1858506,33.09
1789626787.4736571,34.18
1789626787.761631,34.56
1789626788.078511,33.70
1789626788.3664618,34.46
1789626788.654579,34.65
1789626788.9724867,33.92
1789626789.2594538,34.49
1789626789.5762196,33.41
1789626789.8641763,34.28
1789626790.1521323,34.58
1789626790.4689186,33.84
1789626790.757094,34.40
1789626791.0741067,32.97
1789626791.3630764,34.02
1789626791.6496124,34.57
1789626791.9664469,33.79
1789626792.2547693,34.37
1789626792.571578,32.90
1789626792.8593144,34.14
1789626793.1472745,34.57
1789626793.4640505,33.54
1789626793.7522438,34.34
1789626794.0401862,34.60
1789626794.356938,33.94
1789626794.6448338,34.47
1789626794.9616995,33.28
1789626795.2496302,34.25
1789626795.5387392,34.44
1789626795.8550007,33.70
1789626796.1425698,34.40
1789626796.4599566,32.84
1789626796.7472267,34.17
1789626800.6163151,32.46
1789626800.9330602,32.96
1789626801.221001,34.13
1789626801.5090604,34.54
1789626801.8258789,34.00
1789626802.1139495,34.48
1789626802.4310257,33.35
1789626802.7190125,34.23
1789626803.006665,34.60
1789626803.3238556,33.81
1789626803.6115923,34.41
1789626803.9287481,33.02
1789626804.2164688,34.18
1789626804.5042663,34.56
1789626804.8215096,33.59
1789626805.1091247,34.39
1789626805.4259708,32.88
1789626805.7143326,34.04
1789626806.0018322,34.52
1789626806.3186738,33.53
1789626806.6071184,34.27
1789626806.8981433,36.50
1789626807.2178733,34.55
1789626807.499535,35.05
1789626807.8162801,33.61
1789626808.1044972,35.89
1789626808.400332,35.55
1789626808.7095547,34.57
1789626808.997219,34.68
1789626809.3140342,33.03
1789626809.602345,34.13
1789626809.8902643,34.52
1789626810.2118354,33.30
1789626810.494691,34.55
1789626810.7828832,34.65
1789626811.0994759,34.06
1789626811.3875976,34.50
1789626811.7041888,33.40
1789626811.992675,34.49
1789626812.2802782,34.85
1789626812.5972395,33.93
1789626812.8901389,34.13
1789626813.2099602,32.65
1789626813.489918,35.03
1789626813.778526,34.77
1789626814.0947163,33.74
1789626814.382661,34.39
1789626814.6711192,34.57
1789626814.987631,34.01
1789626815.275537,34.52
1789626815.5924664,33.38
1789626815.8806164,34.24
1789626816.1735835,34.04
1789626816.4850106,34.06
1789626816.773073,34.50
1789626817.0899544,33.27
1789626817.3779716,34.26
1789626817.6661053,34.58
1789626817.9826689,33.74
1789626818.271405,34.32
1789626818.58749,32.87
1789626818.875526,34.42
1789626819.1763635,34.69
1789626819.4802911,34.44
1789626819.7687001,34.59
1789626820.0573726,34.59
1789626820.3732798,33.97
1789626820.6610203,34.57
1789626820.9778335,33.30
1789626821.265866,35.09
1789626821.553866,34.86
1789626821.8708842,33.96
1789626822.1601782,34.32
1789626822.4754486,33.11
1789626822.763587,34.17
1789626823.0514674,34.55
1789626823.368186,33.66
1789626823.6562097,34.38
1789626823.9446888,34.56
1789626824.261626,33.97
1789626824.5491319,34.48
1789626824.866258,33.35
1789626825.1540034,34.30
1789626825.4419172,34.78
1789626825.7637794,33.96
1789626826.0509236,35.03
1789626826.368733,33.20
1789626826.6554778,34.69
1789626826.945916,35.60
1789626827.2563126,34.49
1789626827.5443482,34.65
1789626827.8610935,33.70
1789626828.1490145,35.64
1789626828.4370902,35.26
1789626828.7550242,33.64
1789626829.0418,34.43
1789626829.330003,34.63
1789626829.650877,35.08
1789626829.9351752,35.04
1789626830.251574,33.43
1789626830.5527499,35.36
1789626830.8329537,35.80
1789626831.1444085,34.48
1789626831.437897,34.10
1789626831.7492666,33.09
1789626832.0372128,34.15
1789626832.32527,35.21
1789626832.6568885,32.92
1789626836.5184379,34.71
1789626836.8066146,35.16
1789626837.1185713,34.48
1789626837.4065812,34.66
1789626837.723213,33.47
1789626838.0112793,34.30
1789626838.2992804,34.62
1789626838.6163816,33.83
1789626838.90416,34.45
1789626839.2208686,33.09
1789626839.5090215,34.15
1789626839.797032,34.52
1789626840.113751,33.63
1789626840.4017491,34.36
1789626840.6897132,34.60
1789626841.0074453,34.00
1789626841.2946846,34.51
1789626841.61795,33.00
1789626841.8992271,35.22
1789626842.1875765,34.87
1789626842.5044158,34.01
1789626842.7924387,35.08
1789626843.1088145,33.74
1789626843.4030678,33.98
1789626843.6858444,34.77
1789626844.0017943,33.87
1789626844.289815,34.43
1789626844.6067405,32.88
1789626844.8949988,34.04
1789626845.182643,34.50
1789626845.499241,33.54
1789626845.787401,34.34
1789626846.0760632,34.52
1789626846.3919988,34.00
1789626846.680169,34.48
1789626846.9968212,33.39
1789626847.2849689,34.30
1789626847.5734787,34.52
1789626847.8930368,33.54
1789626848.1778438,34.54
1789626848.4951704,33.06
1789626848.7824647,34.23
1789626849.0712113,34.52
1789626849.388432,33.61
1789626849.6753218,34.43
1789626849.9653459,34.67
1789626850.280508,34.17
1789626850.5683157,34.65
1789626850.8884237,33.00
1789626851.173684,34.46
1789626851.4627113,34.47
1789626851.778957,33.85
1789626852.06582,34.47
1789626852.3827977,33.22
1789626852.6706228,34.21
1789626852.9641206,34.01
1789626853.2767696,33.87
1789626853.564535,34.56
1789626853.8803382,33.13
1789626854.171803,34.46
1789626854.4570587,34.86
1789626854.7732847,33.66
1789626855.0613642,34.36
1789626855.3501797,34.49
1789626855.6658585,33.99
1789626855.9539106,34.50
1789626856.2710352,33.29
1789626856.558622,34.25
1789626856.851259,34.10
1789626857.1632354,33.98
1789626857.4517212,34.53
1789626857.7681396,33.02
1789626858.0560696,34.14
1789626858.344058,34.56
1789626858.661768,33.58
1789626858.9489102,34.54
1789626859.236828,34.71
1789626859.5538101,34.06
1789626859.8416767,34.52
1789626860.1585538,33.39
1789626860.446658,34.26
1789626860.734487,34.61
1789626861.0514085,33.82
1789626861.339242,34.44
1789626861.6565123,33.07
1789626861.944134,34.17
1789626862.2320037,34.56
1789626862.5521154,33.42
1789626862.836844,34.46
1789626863.15371,32.93
1789626863.441685,34.11
1789626863.7301466,34.50
1789626864.0464544,33.55
1789626864.33455,34.32
1789626864.6226754,34.57
1789626864.9392462,33.97
1789626865.22731,34.46
1789626865.5440018,33.24
1789626865.832116,34.24
1789626866.1254988,34.32
1789626866.4371293,33.92
1789626866.7250195,34.45
1789626867.0417552,32.92
1789626867.3299227,34.09
1789626867.6186657,34.40
1789626867.9344144,33.65
1789626868.222486,34.37
1789626868.5105977,34.60
1789626872.4119103,33.43
1789626872.7001162,34.87
1789626873.0168767,33.53
1789626873.305678,34.24
1789626873.5927563,34.64
1789626873.9096074,33.89
1789626874.1981165,34.37
1789626874.5150826,33.02
1789626874.802416,34.17
1789626875.0908628,34.83
1789626875.4082649,33.64
1789626875.6951566,34.42
1789626875.9832656,34.64
1789626876.299892,34.06
1789626876.5879562,34.57
1789626876.910505,33.08
1789626877.1933534,36.12
1789626877.4807527,35.28
1789626877.7977781,34.16
1789626878.0856426,34.55
1789626878.402393,33.23
1789626878.6905131,34.21
1789626878.9784973,34.56
1789626879.2951007,33.80
1789626879.5832963,35.69
1789626879.9001951,33.34
1789626880.1880345,34.27
1789626880.476119,34.57
1789626880.793742,33.44
1789626881.0810688,34.30
1789626881.36907,34.58
1789626881.6858308,34.13
1789626881.973526,34.55
1789626882.2906177,33.38
1789626882.5789876,34.26
1789626882.8672607,34.60
1789626883.1834793,33.95
1789626883.4714487,34.45
1789626883.7880266,33.08
1789626884.0760455,34.15
1789626884.3643613,34.51
1789626884.6813054,33.60
1789626884.9687424,34.37
1789626885.2572167,34.56
1789626885.5735223,34.02
1789626885.861723,34.46
1789626886.1783574,33.41
1789626886.4665675,34.28
1789626886.7543948,34.64
1789626887.073431,33.71
1789626887.3595433,34.54
1789626887.675886,33.31
1789626887.964324,34.22
1789626888.253286,34.45
1789626888.569187,33.73
1789626888.8568964,34.41
1789626889.1736698,32.86
1789626889.4615903,34.10
1789626889.750896,34.36
1789626890.0666656,33.53
1789626890.3549082,34.30
1789626890.6423345,34.62
1789626890.959076,33.95
1789626891.2470899,34.47
1789626891.564133,33.18
1789626891.8520255,34.25
1789626892.140088,34.57
1789626892.457165,33.85
1789626892.7446864,34.50
1789626893.061985,33.05
1789626893.3496888,34.16
1789626893.637775,34.54
1789626893.954402,33.66
1789626894.2425857,34.34
1789626894.532248,34.40
1789626894.847986,33.90
1789626895.1352587,34.48
1789626895.4519675,33.38
1789626895.7399566,34.28
1789626896.0280628,34.59
1789626896.3447638,33.91
1789626896.6328342,34.45
1789626896.9496782,33.16
1789626897.2396324,34.80
1789626897.5260634,34.86
1789626897.8426363,33.90
1789626898.1307685,34.43
1789626898.4479082,32.89
1789626898.736069,34.02
1789626899.0233803,34.52
1789626899.3400304,33.52
1789626899.628135,34.30
1789626899.9160326,34.60
1789626900.2330043,33.91
1789626900.5207245,34.48
1789626900.839014,33.09
1789626901.1257293,34.22
1789626901.4137115,34.56
1789626901.7311125,33.68
1789626902.0183675,34.43
1789626902.3355913,32.86
1789626902.6240506,34.04
1789626902.91117,34.55
1789626903.2287655,33.55
1789626903.515981,34.36
1789626903.8039696,34.63
1789626904.120863,34.02
1789626907.9945586,31.36
1789626908.3126516,32.13
1789626908.5990324,33.90
1789626908.8868105,34.47
1789626909.204507,33.75
1789626909.4918265,34.42
1789626909.8086543,33.01
1789626910.097495,34.02
1789626910.3857818,34.38
1789626910.7021706,33.57
1789626910.9898486,34.32
1789626911.2773042,34.67
1789626911.593923,34.30
1789626911.882141,34.57
1789626912.1993887,33.48
1789626912.4867902,34.38
1789626912.7754247,34.61
1789626913.0932512,33.79
1789626913.3797019,34.48
1789626913.6966124,33.23
1789626913.9845169,34.22
1789626914.273399,34.45
1789626914.5914986,33.54
1789626914.8771703,34.49
1789626915.1940782,32.93
1789626915.4819407,34.16
1789626915.7702153,34.51
1789626916.0870876,33.67
1789626916.3750317,34.36
1789626916.6634645,34.54
1789626916.9796321,33.99
1789626917.2678041,34.48
1789626917.584371,33.41
1789626917.8741343,34.11
1789626918.1605628,34.63
1789626918.4791512,33.65
1789626918.7654567,34.44
1789626919.082116,33.03
1789626919.3700283,34.15
1789626919.65923,34.39
1789626919.9752362,33.56
1789626920.2632532,34.30
1789626920.5509815,34.58
1789626920.8676703,34.01
1789626921.1558738,34.48
1789626921.4723961,33.41
1789626921.760414,34.27
1789626922.0484884,34.58
1789626922.3651676,33.86
1789626922.653229,34.43
1789626922.9701135,33.27
1789626923.258137,34.23
1789626923.5461903,34.55
1789626923.8632195,33.71
1789626924.1509342,34.41
1789626924.4678187,32.88
1789626924.757097,33.96
1789626925.0436606,34.54
1789626925.3605654,33.50
1789626925.6483672,34.33
1789626925.9364538,34.60
1789627020.6788387,0.57
1789627020.993827,22.29
1789627021.2821844,30.55
1789627021.5989296,31.53
1789627021.8867116,33.65
1789627022.1747923,34.41
1789627022.4914403,33.51
1789627022.779371,34.82
1789627023.0681098,34.74
1789627023.384251,34.04
1789627023.6735277,34.36
1789627023.989361,33.36
1789627024.2773943,34.25
1789627024.5650918,34.61
1789627024.8823078,33.83
1789627025.170032,34.48
1789627025.4867277,33.08
1789627025.7747998,34.30
1789627026.063482,34.52
1789627026.381329,33.48
1789627026.6678808,34.37
1789627026.9556606,34.62
1789627027.272295,34.03
1789627027.5602934,34.51
1789627027.877361,33.40
1789627028.1650486,34.31
1789627028.4532146,34.57
1789627028.7716565,33.64
1789627029.057954,34.44
1789627029.3748891,33.07
1789627029.6634068,34.09
1789627029.9507291,34.54
1789627030.2677665,33.73
1789627030.555502,34.40
1789627030.8725824,32.89
1789627031.160131,34.14
1789627031.4488578,34.46
1789627031.7655454,33.48
1789627032.0543265,34.17
1789627032.3411403,34.64
1789627032.6587198,33.87
1789627032.9459205,34.47
1789627033.2627594,33.21
1789627033.5512326,34.16
1789627033.8387232,34.55
1789627034.1558826,33.68
1789627034.4438453,34.34
1789627034.7603264,32.87
1789627035.0603952,33.06
1789627035.3363066,35.99
1789627035.6533458,34.37
1789627035.9413538,34.63
1789627036.232135,34.38
1789627036.5461016,34.40
1789627036.8341532,34.60
1789627037.1510892,33.67
1789627037.4398623,34.46
1789627037.7270367,34.67
1789627038.043575,33.90
1789627038.334972,34.30
1789627038.6484373,33.06
1789627038.9373498,34.31
1789627039.2259846,34.46
1789627039.54151,34.04
1789627039.8293698,34.59
1789627040.1170926,35.81
1789627040.4339974,34.46
1789627040.7228086,34.56
1789627041.043899,33.12
1789627041.3266509,34.46
1789627041.614701,35.06
1789627041.9315016,34.46
1789627042.2195258,34.67
1789627042.536527,33.47
1789627042.8242357,34.32
1789627043.1123252,34.61
1789627043.4291441,33.75
1789627043.7171109,34.40
1789627044.0343857,32.87
1789627044.3221092,34.10
1789627044.6098392,34.53
1789627044.9268978,33.52
1789627045.2147472,34.33
1789627045.5027773,34.60
1789627045.8198748,33.92
1789627046.1077888,34.45
1789627046.4251535,33.29
1789627046.7124636,34.28
1789627047.000352,34.60
1789627047.3173027,33.84
1789627047.605124,34.44
1789627051.5084999,30.89
1789627051.7933593,33.60
1789627052.0811787,34.52
1789627052.3977294,33.63
1789627052.6857152,34.37
1789627052.9762468,34.33
1789627053.2907627,36.78
1789627053.5844917,35.08
1789627053.8954961,33.94
1789627054.183418,34.68
1789627054.471591,34.76
1789627054.7886903,33.85
1789627055.0762284,34.59
1789627055.392919,33.51
1789627055.6813607,34.26
1789627055.968974,34.84
1789627056.2903385,34.59
1789627056.5737062,35.18
1789627056.8907251,33.34
1789627057.17905,34.32
1789627057.4695368,34.44
1789627057.7909257,35.30
1789627058.074888,35.18
1789627058.3593307,35.30
1789627058.6802192,33.94
1789627058.964507,34.89
1789627059.2852488,32.92
1789627059.571609,34.28
1789627059.8570218,34.80
1789627060.1737394,34.07
1789627060.4618251,34.72
1789627060.7839859,32.81
1789627061.066667,34.38
1789627061.35443,34.99
1789627061.6752205,33.55
1789627061.959351,34.78
1789627062.2512784,37.66
1789627062.564218,35.37
1789627062.8522682,34.99
1789627063.1688793,33.59
1789627063.4570105,34.32
1789627063.7463212,34.44
1789627064.0620253,34.11
1789627064.3544314,34.36
1789627064.66721,33.28
1789627064.95461,34.44
1789627065.2564924,34.71
1789627065.5595362,35.05
1789627065.8502998,34.95
1789627066.1641884,33.57
1789627066.4573267,34.03
1789627066.7404308,34.85
1789627067.0868938,31.93
1789627067.345101,36.41
1789627067.6383355,34.88
1789627067.9497414,34.87
1789627068.241845,34.69
1789627068.5557435,33.43
1789627068.8429081,34.30
1789627069.130685,34.58
1789627069.447962,33.69
1789627069.7354095,34.40
1789627070.0521266,32.90
1789627070.340227,34.23
1789627070.6280627,34.99
1789627070.9449,34.42
1789627071.233082,35.09
1789627071.5478299,33.48
1789627071.8376935,34.22
1789627072.1259418,34.94
1789627072.4426904,33.91
1789627072.7363243,34.36
1789627073.0185692,35.22
1789627073.3353403,33.95
1789627073.6245575,34.62
1789627073.9401433,33.05
1789627074.2339966,33.92
1789627074.5162983,34.82
1789627074.833433,33.94
1789627075.1253593,34.36
1789627075.4129155,34.62
1789627075.7256687,34.28
1789627076.0137916,34.68
1789627076.3306737,34.61
1789627076.6187422,34.68
1789627076.9064293,34.91
1789627077.2264955,34.67
1789627077.511441,35.14
1789627077.843047,32.60
1789627078.1215909,35.36
1789627078.4097118,35.83
1789627078.720938,35.21
1789627079.0089738,35.47
1789627079.3260372,33.22
1789627079.6138186,34.42
1789627079.901701,35.04
1789627080.2316403,34.97
1789627080.5076082,35.65
1789627080.7946177,35.10
1789627081.111774,34.03
1789627081.4007032,34.37
1789627081.7162962,33.38
1789627082.005068,36.03
1789627082.2921817,35.75
1789627082.6093836,34.49
1789627082.9045029,34.10
1789627083.218661,33.18
1789627083.5017638,34.87
1789627087.380997,33.57
1789627087.6926658,33.54
1789627087.980896,34.62
1789627088.2690463,34.67
1789627088.5858727,33.99
1789627088.8737159,34.55
1789627089.2061656,32.61
1789627089.4783125,35.17
1789627089.7726917,34.64
1789627090.0830028,34.96
1789627090.3757603,34.72
1789627090.6877801,33.73
1789627090.9800797,34.40
1789627091.2638452,35.32
1789627091.580602,34.05
1789627091.8725455,34.08
1789627092.1855147,33.81
1789627092.477504,34.11
1789627092.76787,34.69
1789627093.0849168,33.36
1789627093.3720682,36.29
1789627093.654243,35.69
1789627093.9745948,34.23
1789627094.2590919,34.75
1789627094.5819468,33.03
1789627094.8637402,34.69
1789627095.151879,34.73
1789627095.4721622,33.42
1789627095.756661,34.59
1789627096.0734344,33.14
1789627096.3616216,34.15
1789627096.6493127,34.55
1789627096.966128,33.68
1789627097.254105,35.27
1789627097.5423265,34.90
1789627097.8591866,34.12
1789627098.1473997,34.52
1789627098.4639058,33.65
1789627098.7517238,34.66
1789627099.0399122,34.71
1789627099.357172,33.93
1789627099.644618,34.56
1789627099.965336,32.99
1789627100.2492943,34.84
1789627100.5373008,34.93
1789627100.8541288,33.96
1789627101.142123,34.48
1789627101.4590816,32.92
1789627101.7516897,33.86
1789627102.0350595,34.92
1789627102.3518672,33.69
1789627102.668089,32.93
1789627102.9279768,36.86
1789627103.245411,34.66
1789627103.537425,34.37
1789627103.8546813,33.91
1789627104.1373155,34.75
1789627104.4254277,34.76
1789627104.7423477,33.83
1789627105.0359137,34.10
1789627105.3470886,33.54
1789627105.6409655,34.38
1789627105.9230397,34.97
1789627106.2475522,33.05
1789627106.527731,34.64
1789627106.81632,34.65
1789627107.1386197,35.08
1789627107.4205153,35.35
1789627107.7383366,33.58
1789627108.030241,33.86
1789627108.3140337,35.14
1789627108.6302264,34.07
1789627108.918112,34.54
1789627109.2391133,32.78
1789627109.5244918,34.12
1789627109.8112068,34.60
1789627110.1277435,34.59
1789627110.4159257,34.82
1789627110.7037718,34.80
1789627111.0205522,34.12
1789627111.3085992,34.52
1789627111.6307185,33.11
1789627111.9135563,35.30
1789627112.2014618,35.10
1789627112.5185266,34.09
1789627112.8062217,34.54
1789627113.1234114,33.25
1789627113.4110918,34.24
1789627113.6992185,34.54
1789627114.015962,33.69
1789627114.3173578,33.71
1789627114.621823,33.55
1789627114.9084942,34.39
1789627115.1970499,34.57
1789627115.5136912,33.47
1789627115.8013642,34.31
1789627116.089417,34.60
1789627116.406234,33.94
1789627116.6941574,34.49
1789627117.0111809,33.38
1789627117.3000517,34.15
1789627117.5870893,34.59
1789627117.9038284,33.87
1789627118.2029257,35.47
1789627118.5138397,34.04
1789627118.796676,35.37
1789627119.0846822,34.99
1789627122.9820867,30.83
1789627123.2750442,33.18
1789627123.557948,34.83
1789627123.8786006,34.09
1789627124.163297,34.97
1789627124.479642,33.55
1789627124.7676609,34.58
1789627125.0555332,34.69
1789627125.3724365,33.89
1789627125.6602921,34.46
1789627125.9771943,33.32
1789627126.2650518,34.26
1789627126.5575907,34.27
1789627126.877199,33.30
1789627127.1579437,35.25
1789627127.4748113,33.08
1789627127.7627757,34.15
1789627128.0507782,34.54
1789627128.38267,32.28
1789627128.6555371,35.87
1789627128.9485552,36.08
1789627129.2601779,35.15
1789627129.5486412,35.03
1789627129.865079,33.50
1789627130.1580899,34.04
1789627130.441144,35.11
1789627130.7579966,33.91
1789627131.0461507,34.42
1789627131.3627899,33.10
1789627131.650656,34.18
1789627131.9389772,34.65
1789627132.25567,33.66
1789627132.5436785,34.36
1789627132.8315513,34.81
1789627133.1542983,34.16
1789627133.4422681,34.29
1789627133.7533505,33.96
1789627134.041186,34.48
1789627134.3291028,34.66
1789627134.6522303,33.25
1789627134.933997,34.60
1789627135.2510087,33.28
1789627135.5432622,33.76
1789627135.8417618,35.50
1789627136.143555,35.52
1789627136.4363804,34.82
1789627136.7485538,33.50
1789627137.0363066,34.35
1789627137.324275,34.62
1789627137.6411643,33.59
1789627137.9290593,34.88
1789627138.2173107,34.78
1789627138.5338924,34.02
1789627138.8221679,34.90
1789627139.1388361,33.76
1789627139.430892,33.97
1789627139.715105,37.49
1789627140.0368357,34.58
1789627140.3259158,34.59
1789627140.6365054,33.67
1789627140.9242852,34.40
1789627141.2124007,34.61
1789627141.535699,32.92
1789627141.8177917,34.87
1789627142.1100214,34.64
1789627142.421844,34.91
1789627142.714481,34.70
1789627143.041123,34.75
1789627143.3164907,36.01
1789627143.6028335,35.18
1789627143.9246006,33.53
1789627144.207833,34.88
1789627144.5297446,33.15
1789627144.812352,34.97
1789627145.1003668,35.16
1789627145.4171648,33.87
1789627145.705504,34.40
1789627145.9931552,34.63
1789627146.310161,34.49
1789627146.6021273,34.69
1789627146.9149415,34.60
1789627147.2130036,36.60
1789627147.4907823,36.15
1789627147.8076904,34.51
1789627148.0955124,34.71
1789627148.412663,33.27
1789627148.709346,33.70
1789627148.9882927,35.54
1789627149.3142676,33.61
1789627149.5998595,34.78
1789627149.910021,34.14
1789627150.1978738,35.18
1789627150.485982,35.46
1789627150.802891,33.97
1789627151.0970998,35.90
1789627151.3786695,35.50
1789627151.695516,34.26
1789627151.9894555,34.25
1789627152.3003354,34.02
1789627152.5886743,34.95
1789627152.8825161,34.55
1789627153.1981885,34.16
1789627153.481379,35.29
1789627153.8061326,32.63
1789627154.0860987,35.03
1789627154.4013925,33.70
1789627154.6907454,35.75
1789627154.9786263,35.54
1789627158.855102,33.10
1789627159.1729245,33.38
1789627159.4642541,34.69
1789627159.7921956,32.74
1789627160.0762477,34.43
1789627160.3666995,34.44
1789627160.687401,33.58
1789627160.9852207,33.62
1789627161.2990274,33.45
1789627161.5897477,34.06
1789627161.908044,32.80
1789627162.201456,34.67
1789627162.492488,35.06
1789627162.8127713,33.50
1789627163.1041155,34.60
1789627163.3997374,34.46
1789627163.7155092,33.95
1789627164.0139635,33.85
1789627164.304016,34.13
1789627164.618099,34.12
1789627164.9094412,34.44
1789627165.2296517,32.98
1789627165.526768,33.45
1789627165.8119626,35.81
1789627166.1323745,35.00
1789627166.4234781,34.61
1789627166.7445748,32.82
1789627167.0352032,34.06
1789627167.3324306,34.57
1789627167.6521287,33.52
1789627167.9377131,34.95
1789627168.2375445,34.35
1789627168.5493524,35.45
1789627168.840408,34.75
1789627169.160813,32.95
1789627169.4522972,35.58
1789627169.7622216,36.79
1789627170.06362,36.23
1789627170.3546016,35.54
1789627170.6837318,33.08
1789627170.9659429,34.49
1789627171.2640994,34.40
1789627171.5774155,34.29
1789627171.8686695,35.09
1789627172.189585,33.08
1789627172.4806774,35.04
1789627172.771519,36.50
1789627173.0917423,33.90
1789627173.3828497,34.61
1789627173.6803975,34.38
1789627173.9943457,34.00
1789627174.2856674,34.48
1789627174.605813,33.02
1789627174.89703,33.94
1789627175.1871443,34.33
1789627175.504815,33.58
1789627175.7926424,34.31
1789833274.0216954,0.52
1789833274.4296577,17.98
1789833276.6634424,22.58
1789833277.0542235,25.55
1789833277.4447718,26.76
1789833277.8424459,27.25
1789833278.2280831,27.55
1789833278.6405578,27.30
1789833279.0468168,26.40
1789833279.4637184,25.54
1789833279.8773332,25.38
1789833280.2943683,25.54
1789833280.6974378,26.01
1789833281.0791414,26.75
1789833281.4594243,27.31
1789833281.8402503,26.98
1789833282.2228403,26.69
1789833282.5878427,28.10
1789833282.9686038,28.18
1789833283.375134,27.42
1789833283.7313514,28.80
1789833284.1129096,27.85
1789833284.6331806,24.67
1789833285.116535,23.20
1789833285.5560162,24.06
1789833285.9928687,23.95
1789833286.424623,24.03
1789833286.857232,24.11
1789833287.28847,23.98
1789833287.7061694,24.46
1789833288.1353555,24.48
1789833288.5568967,24.45
1789833289.005138,24.16
1789833289.4443138,23.81
1789833289.8662019,24.25
1789833290.3555155,22.98
1789833290.814751,23.85
1789833291.248471,24.25
1789833291.6677642,24.56
1789833292.1291819,23.65
1789833292.587969,23.55
1789833293.0293467,23.89
1789833293.4468422,24.60
1789833293.8730114,24.39
1789833294.2953885,24.30
1789833294.713412,24.73
1789833295.1642659,24.04
1789833295.5876498,24.52
1789833295.9454572,27.51
1789833296.3116763,28.18
1789833296.6805658,28.56
1789833297.0916197,27.88
1789833297.4564857,28.35
1789833297.9149683,25.35
1789833298.3979409,23.61
1789833298.8234513,24.24
1789833299.2515633,24.56
1789833299.7467859,23.24
1789833300.2233858,22.74
1789833300.6413505,24.16
1789833301.0775332,24.25
1789833301.5308738,24.02
1789833301.9712257,24.53
1789833302.346307,27.28
1789833302.7108247,28.03
1789833303.0886528,28.24
1789833303.463268,28.94
1789833303.8392296,28.75
1789833304.23352,28.32
1789833304.5982387,29.20
1789833304.9639013,28.99
1789833305.3162766,29.68
1789833305.6915252,28.59
1789833306.058422,28.70
1789833306.4267054,28.71
1789833306.790258,28.54
1789833307.1475952,29.53
1789833307.5000432,29.89
1789833307.866361,29.28
1789833308.218981,29.62
1789833308.5826404,29.02
1789833311.627901,26.60
1789833312.0159013,27.03
1789833312.4041815,26.94
1789833312.7892127,27.09
1789833313.1852088,26.79
1789833313.5796998,26.90
1789833313.9738882,27.06
1789833314.3679752,26.72
1789833314.7575386,26.73
1789833315.1679475,26.50
1789833315.5324433,28.64
1789833315.892406,29.08
1789833316.258383,28.76
1789833316.6144638,29.05
1789833317.0084934,27.78
1789833317.3919938,28.37
1789833317.7864332,27.60
1789833318.3042314,23.64
1789833318.7917578,23.22
1789833319.2065458,24.57
1789833319.6292725,24.87
1789833320.0508144,25.05
1789833320.4588954,25.05
1789833320.9210222,23.77
1789833321.3302724,24.80
1789833321.7547548,24.90
1789833322.1714456,24.91
1789833322.6210265,24.55
1789833323.040009,24.77
1789833323.4738586,23.95
1789833323.9071574,23.96
1789833324.3383255,24.21
1789833324.802126,23.44
1789833325.2757907,22.90
1789833325.7371366,23.40
1789833326.1585038,24.10
1789833326.579294,24.46
1789833327.002023,24.58
1789833327.4574337,23.84
1789833327.878732,24.31
1789833328.3038285,24.30
1789833328.730907,24.21
1789833329.1823347,23.67
1789833329.6063566,24.16
1789833330.0376732,23.99
1789833330.4649358,24.51
1789833330.8410914,26.93
1789833331.2863505,25.40
1789833331.6430378,28.10
1789833332.099856,24.61
1789833332.5943005,22.22
1789833333.0541089,22.63
1789833333.4192555,26.57
1789833333.7886796,27.88
1789833334.171798,27.85
1789833334.5413573,28.25
1789833334.9080014,28.36
1789833335.2639675,29.43
1789833335.6252372,29.54
1789833335.9897585,29.16
1789833336.351485,29.25
1789833336.7094939,29.06
1789833337.0672657,29.53
1789833337.4327104,29.47
1789833337.7845542,29.72
1789833338.143076,29.59
1789833338.517991,28.21
1789833338.8821611,28.78
1789833339.258525,28.50
1789833339.6327167,28.52
1789833339.9987814,28.71
1789833340.3654535,28.63
1789833340.7451308,28.13
1789833341.1266475,27.76
1789833341.5065262,27.75
1789833341.8853827,28.29
1789833342.2607744,28.11
1789833342.8169842,22.11
1789833343.4353733,18.76
1789833346.5386825,19.56
1789833347.0021572,21.79
1789833347.4459484,23.25
1789833347.8562331,25.37
1789833348.2875922,24.92
1789833348.7321546,24.24
1789833349.1710162,24.30
1789833349.5827692,25.49
1789833349.9912677,25.94
1789833350.4077616,26.08
1789833350.850618,24.87
1789833351.2858791,24.15
1789833351.7721553,22.24
1789833352.2301917,22.34
1789833352.6794806,22.84
1789833353.1334684,22.63
1789833353.6102152,22.02
1789833354.0878448,21.93
1789833354.541675,22.44
1789833354.9974449,22.80
1789833355.444312,23.24
1789833355.903809,22.84
1789833356.348206,22.89
1789833356.7875752,23.24
1789833357.2300677,23.53
1789833357.670012,23.81
1789833358.1183178,23.43
1789833358.5487645,23.86
1789833358.9828112,24.06
1789833359.4007628,24.66
1789833359.8214583,24.50
1789833360.2541187,24.14
1789833360.626721,29.44
1789833360.8775163,37.61
1789833361.172399,36.38
1789833361.466064,34.80
1789833361.7663844,34.27
1789833362.0866907,34.38
1789833362.3736856,34.98
1789833362.6977732,32.89
1789833362.9894996,34.25
1789833363.2828126,34.19
1789833363.6062396,33.15
1789833363.8988354,33.93
1789833364.2220078,32.31
1789833364.5340097,32.13
1789833364.8436723,34.18
1789833365.1316001,35.75
1789833365.4293683,34.61
1789833365.71744,34.62
1789833366.0644011,32.60
1789833366.3339868,35.65
1789833366.6797373,31.67
1789833366.9494908,36.30
1789833367.243752,34.88
1789833367.5686755,33.29
1789833367.8592088,34.06
1789833368.1815636,32.61
1789833368.475365,33.57
1789833368.768187,33.95
1789833369.0917919,32.93
1789833369.3840747,33.76
1789833369.6775465,34.01
1789833370.0002217,33.40
1789833370.2934985,33.86
1789833370.616109,32.79
1789833370.910226,33.64
1789833371.202778,33.98
1789833371.5257564,33.27
1789833371.8190267,33.82
1789833372.1413913,32.65
1789833372.4351928,33.57
1789833372.7283297,33.92
1789833373.0509264,33.15
1789833373.3442779,34.94
1789833373.6670406,32.73
1789833373.9602985,33.62
1789833374.253524,33.97
1789833374.576555,32.91
1789833374.8695357,33.70
1789833375.163004,33.96
1789833375.4854805,33.34
1789833375.77941,33.76
1789833376.101619,32.59
1789833376.3994644,33.13
1789833376.6885076,34.07
1789833377.0107245,33.21
1789833377.3042,33.78
1789833377.6277163,32.37
1789833377.920309,33.53
1789833378.213557,33.89
1789833378.5361,33.13
1789833381.6032548,31.11
1789833381.9230294,31.21
1789833382.2750173,30.66
1789833382.5949,31.08
1789833382.9474397,30.01
1789833383.2671814,30.84
1789833383.5876222,31.07
1789833383.9390402,30.53
1789833384.2593672,30.98
1789833384.6110106,29.82
1789833384.9117906,32.24
1789833385.205752,34.31
1789833385.5335703,32.60
1789833385.820701,33.93
1789833386.1441467,32.35
1789833386.4374506,33.45
1789833386.7307708,33.83
1789833387.0526943,32.91
1789833387.3467102,33.61
1789833387.639733,33.92
1789833387.9627995,33.22
1789833388.2554426,33.82
1789833388.5781622,32.67
1789833388.8718736,33.56
1789833389.1647696,33.93
1789833389.4877355,33.10
1789833389.780744,33.77
1789833390.1034908,32.26
1789833390.397779,33.35
1789833390.6900136,33.93
1789833391.0125935,32.96
1789833391.3059664,33.71
1789833391.5992546,33.97
1789833391.922746,33.31
1789833392.215338,33.87
1789833392.5380845,32.77
1789833392.8313584,33.65
1789833393.1248457,33.97
1789833393.4474807,33.24
1789833393.7407527,33.81
1789833394.0634289,32.54
1789833394.3577063,33.46
1789833394.650753,33.87
1789833394.9734101,32.97
1789833395.2667246,33.66
1789833395.5592816,33.99
1789833395.8819444,33.47
1789833396.1753144,33.88
1789833396.4985502,32.68
1789833396.7916982,33.99
1789833397.08491,34.07
1789833397.4090455,33.19
1789833397.7007189,33.91
1789833398.0234256,32.66
1789833398.3170722,33.55
1789833398.6100373,33.92
1789833398.933012,33.08
1789833399.2259903,33.77
1789833399.5488656,34.10
1789833399.8438323,34.94
1789833400.1356304,34.45
1789833400.4579427,33.12
1789833400.7515957,33.88
1789833401.0446978,34.03
1789833401.3672216,33.37
1789833401.6606064,33.87
1789833401.9837365,32.72
1789833402.2765691,33.65
1789833402.5699873,33.93
1789833402.8925798,33.20
1789833403.1860778,33.80
1789833403.5088136,32.44
1789833403.8020742,33.52
1789833404.095376,33.90
1789833404.4181745,33.09
1789833404.7114186,33.75
1789833405.0045612,34.00
1789833405.327309,33.40
1789833405.6208847,33.84
1789833405.9432628,32.77
1789833406.2367232,33.63
1789833406.530157,33.93
1789833406.8528912,33.21
1789833407.1458955,33.84
1789833407.468613,32.66
1789833407.762652,33.52
1789833408.0552366,33.94
1789833408.3779778,33.18
1789833408.6711857,33.79
1789833408.9942958,32.27
1789833409.287365,33.47
1789833409.5812426,33.84
1789833409.9033568,33.02
1789833410.1964724,33.73
1789833410.4899528,33.96
1789833410.8125308,33.30
1789833411.107727,33.63
1789833411.4285462,32.63
1789833411.7237842,33.39
1789833412.0150795,34.01
1789833412.3377628,33.20
1789833412.6314256,33.79
1789833412.9538279,32.46
1789833413.2476718,33.47
1789833413.540606,33.92
1789833416.50033,31.41
1789833416.8032687,32.31
1789833417.0873652,34.12
1789833417.4097774,33.48
1789833417.7033026,33.86
1789833418.0258105,32.77
1789833418.3193886,33.62
1789833418.6126707,33.92
1789833418.9349937,33.25
1789833419.2341456,33.24
1789833419.567998,31.67
1789833419.860712,33.29
1789833420.154114,33.83
1789833420.4766483,33.04
1789833420.769991,33.74
1789833421.0929742,32.26
1789833421.3861449,33.49
1789833421.6795022,33.89
1789833422.0023575,32.90
1789833422.2954495,33.71
1789833422.588708,33.98
1789833422.9115503,33.35
1789833423.205165,33.82
1789833423.5276911,32.63
1789833423.821144,33.56
1789833424.113958,33.94
1789833424.4366362,33.13
1789833424.7299702,33.80
1789833425.0530696,32.28
1789833425.346098,33.54
1789833425.639657,33.88
1789833425.9620616,32.92
1789833426.256002,33.63
1789833426.5491507,33.94
1789833426.8713963,33.41
1789833427.1648817,33.89
1789833427.4874372,32.79
1789833427.7807806,33.65
1789833428.0742383,33.93
1789833428.3967464,33.25
1789833428.6900864,33.80
1789833429.013319,32.38
1789833429.3060615,33.53
1789833429.5995514,33.91
1789833429.9219723,33.09
1789833430.2157497,33.73
1789833430.5156846,33.36
1789833430.831563,33.30
1789833431.124786,33.83
1789833431.4473777,32.82
1789833431.7407057,33.68
1789833432.0341876,33.98
1789833432.3567412,33.36
1789833432.6502705,33.81
1789833432.9726121,32.67
1789833433.2683444,33.35
1789833433.5671608,33.40
1789833433.889192,33.51
1789833434.182591,34.35
1789833434.4982154,32.95
1789833434.7912679,33.72
1789833435.0846171,33.98
1789833435.407398,32.97
1789833435.7006083,33.73
1789833435.9939344,33.98
1789833436.3166482,33.36
1789833436.6103399,33.80
1789833436.932541,32.66
1789833437.2277782,33.42
1789833437.5193424,33.97
1789833437.8418214,33.26
1789833438.1354544,33.79
1789833438.460877,31.92
1789833438.7514565,33.47
1789833439.044804,33.88
1789833439.3675566,33.02
1789833439.6605372,33.74
1789833439.9539042,33.97
1789833440.276947,33.37
1789833440.56978,33.90
1789833440.8928325,32.73
1789833441.1858602,33.65
1789833441.4790928,33.96
1789833441.8019476,33.24
1789833442.0957484,33.76
1789833442.417889,32.68
1789833442.7116053,33.57
1789833443.0163074,32.87
1789833443.3686342,30.98
1789833443.6653888,32.79
1789833443.9913766,31.73
1789833444.28767,33.06
1789833444.584065,33.53
1789833444.9110837,33.74
1789833445.206525,33.84
1789833445.50269,33.83
1789833445.8294482,33.03
1789833446.1249313,33.54
1789833446.4507878,32.30
1789833446.7470343,33.26
1789833447.0435655,33.57
1789833447.36969,32.79
1789833447.6657066,33.45
1789833447.9924638,32.04
1789833448.2879076,33.23
1789833451.394665,30.82
1789833451.7429028,30.37
1789833452.0634415,30.91
1789833452.3831635,31.17
1789833452.7353034,30.61
1789833453.0554945,31.03
1789833453.4079297,29.99
1789833453.7276022,30.89
1789833454.0533245,31.03
1789833454.3881967,32.27
1789833454.6807468,34.11
1789833454.9996865,33.35
1789833455.2985797,34.26
1789833455.5859737,34.48
1789833455.90842,33.28
1789833456.2017422,33.81
1789833456.5244343,32.29
1789833456.822337,33.58
1789833457.1406102,31.99
1789833457.4359264,35.15
1789833457.736541,35.64
1789833458.020523,35.67
1789833458.3432035,33.92
1789833458.6369076,34.00
1789833458.9591005,32.71
1789833459.252442,33.61
1789833459.5457,33.93
1789833459.8685305,33.15
1789833460.1618586,33.78
1789833460.4843023,32.42
1789833460.7777221,33.52
1789833461.071108,33.90
1789833461.3939,32.89
1789833461.6870441,33.69
1789833461.9853477,33.94
1789833462.3033652,33.48
1789833462.5964665,33.89
1789833462.9192398,32.76
1789833463.2125356,33.79
1789833463.506146,34.21
1789833463.8314202,33.02
1789833464.1216269,33.88
1789833464.4447389,32.42
1789833464.7378094,33.53
1789833465.03267,33.77
1789833465.3541777,33.01
1789833465.6469624,33.77
1789833465.9403837,33.99
1789833466.2629101,33.42
1789833466.5566244,33.87
1789833466.8790479,32.91
1789833467.1723258,33.69
1789833467.4656115,33.98
1789833467.7883184,33.33
1789833468.0815928,33.88
1789833468.4043458,32.62
1789833468.6977444,33.58
1789833468.9910793,33.91
1789833469.313938,33.11
1789833469.6077213,33.69
1789833469.929912,32.27
1789833470.2253568,33.28
1789833470.5164464,33.92
1789833470.838895,32.94
1789833471.1323705,33.69
1789833471.4270625,33.81
1789833471.7482944,33.36
1789833472.0418875,33.81
1789833472.3642783,32.65
1789833472.6579363,33.57
1789833472.9508607,33.93
1789833473.2736192,33.23
1789833473.5669727,33.80
1789833473.8900197,32.42
1789833474.183242,33.50
1789833474.477156,33.84
1789833474.8040357,32.47
1789833475.0927641,33.76
1789833475.3857446,34.02
1789833475.708388,33.41
1789833476.0031033,33.69
1789833476.324639,32.76
1789833476.617769,33.62
1789833476.9107852,34.11
1789833477.2380836,32.79
1789833477.529815,33.66
1789833477.8495498,32.73
1789833478.1428125,33.65
1789833478.4361877,33.94
1789833478.762131,33.05
1789833479.0549188,33.74
1789833479.3749115,32.41
1789833479.6682081,33.52
1789833479.9617722,33.90
1789833480.2847095,32.89
1789833480.5776963,33.70
1789833480.8780856,33.29
1789833481.1950893,33.36
1789833481.4876854,33.95
1789833481.810473,32.55
1789833482.1035314,33.58
1789833482.3962286,34.09
1789833482.7245898,32.68
1789833483.0123515,34.20
1789833483.3348796,32.68
1789833486.3265502,29.69
1789833486.605291,33.59
1789833486.9275806,32.94
1789833487.2383041,32.27
1789833487.5542097,31.80
1789833487.9063823,30.84
1789833488.22628,31.13
1789833488.578195,30.06
1789833488.8981583,30.98
1789833489.1932876,32.91
1789833489.5155559,32.89
1789833489.809085,33.66
1789833490.1316216,32.51
1789833490.4252734,33.52
1789833490.7294319,33.24
1789833491.0411413,33.60
1789833491.3343499,33.94
1789833491.6569579,32.33
1789833491.9506385,34.18
1789833492.2439432,34.11
1789833492.5663433,33.00
1789833492.8606913,33.64
1789833493.1682065,33.73
1789833493.475647,34.34
1789833493.7688496,34.20
1789833494.0916064,32.66
1789833494.389912,33.10
1789833494.6794026,33.89
1789833495.0010693,33.16
1789833495.294137,33.80
1789833495.6181142,32.23
1789833495.9646673,30.25
1789833496.2877033,33.56
1789833496.5622523,37.51
1789833496.8527405,35.44
1789833497.1715941,33.26
1789833497.4664037,34.16
1789833497.7719564,34.23
1789833498.0808647,34.25
1789833498.374367,34.16
1789833498.6674676,34.16
1789833498.9904437,33.34
1789833499.2837114,34.01
1789833499.6061647,32.69
1789833499.899611,33.60
1789833500.1928782,33.93
1789833500.5159671,33.09
1789833500.8089628,33.76
1789833501.1314054,32.28
1789833501.424955,33.44
1789833501.7181036,33.92
1789833502.0407026,32.92
1789833502.3341324,33.69
1789833502.6274192,33.98
1789833502.9505334,33.38
1789833503.2434397,33.89
1789833503.576729,31.85
1789833503.8610394,33.80
1789833504.1528397,34.64
1789833504.4756696,33.50
1789833504.7690609,33.91
1789833505.091703,32.52
1789833505.385581,33.48
1789833505.6790626,33.87
1789833506.0008004,33.02
1789833506.294883,33.72
1789833506.590561,33.74
1789833506.9100852,33.36
1789833507.2040994,33.82
1789833507.5271606,32.81
1789833507.8204186,33.63
1789833508.1133943,34.00
1789833508.441691,33.79
1789833508.7286794,34.44
1789833509.0517623,32.84
1789833509.3453903,33.64
1789833509.6406145,33.79
1789833509.9611802,33.20
1789833510.254723,33.79
1789833510.5771093,32.39
1789833510.872644,33.42
1789833511.1646168,33.94
1789833511.4871044,32.94
1789833511.779568,33.78
1789833512.0747938,33.84
1789833512.396898,33.26
1789833512.6914587,33.66
1789833513.0212798,31.93
1789833513.3148422,33.18
1789833513.5985684,35.55
1789833513.9220374,33.69
1789833514.2219274,33.35
1789833514.539808,32.39
1789833514.8307,33.70
1789833515.1237795,34.15
1789833515.4459965,33.18
1789833515.7395399,33.76
1789833516.0327692,34.01
1789833516.360158,32.94
1789833516.6507173,33.90
1789833516.9726605,32.93
1789833517.265774,33.66
1789833517.5600452,33.88
1789833517.8834503,33.02
1789833518.1741414,33.91
1789833521.2608073,29.12
1789833521.5544236,32.35
1789833521.847531,33.53
1789833522.1700134,33.02
1789833522.4640603,33.67
1789833522.7861195,32.27
1789833523.083636,33.05
1789833523.4040499,31.85
1789833523.7591255,30.60
1789833524.0462196,33.65
1789833524.339117,33.97
1789833524.6611855,33.37
1789833524.9547176,33.84
1789833525.2784822,32.48
1789833525.570883,33.59
1789833525.8720374,33.50
1789833526.1879025,33.93
1789833526.481451,33.97
1789833526.8032656,32.61
1789833527.0975704,33.48
1789833527.3896756,33.95
1789833527.7122617,33.04
1789833528.0056822,33.72
1789833528.299432,33.93
1789833528.6213408,33.42
1789833528.9147713,33.86
1789833529.2378285,32.71
1789833529.5306315,33.64
1789833529.8241851,33.95
1789833530.1471283,33.21
1789833530.4400785,33.81
1789833530.763013,32.46
1789833531.0563614,33.53
1789833531.349519,34.19
1789833531.672069,33.39
1789833531.9655774,33.83
1789833532.2886558,32.27
1789833532.5812926,33.49
1789833532.8745737,34.09
1789833533.197273,32.99
1789833533.4908154,33.70
1789833533.7839177,33.98
1789833534.106601,33.29
1789833534.399945,33.85
1789833534.7226903,32.64
1789833535.0160632,33.60
1789833535.3093226,33.97
1789833535.6426027,33.06
1789833535.9253464,34.49
1789833536.2481093,33.38
1789833536.5414686,33.84
1789833536.834668,34.01
1789833537.1573238,32.92
1789833537.4505646,33.70
1789833537.7439516,33.97
1789833538.077078,32.52
1789833538.3601532,34.18
1789833538.6825285,33.10
1789833538.9760084,33.78
1789833539.2692378,34.00
1789833539.5918586,33.28
1789833539.8855042,33.82
1789833540.2079725,32.49
1789833540.501253,33.55
1789833540.7951665,33.86
1789833541.1172786,33.32
1789833541.4106207,34.25
1789833541.7096193,33.96
1789833542.027133,33.52
1789833542.3209598,33.92
1789833542.6431973,32.74
1789833542.9378352,33.52
1789833543.229258,34.66
1789833543.5568147,33.87
1789833543.853061,34.19
1789833544.1678476,33.38
1789833544.461223,33.86
1789833544.7546923,34.00
1789833545.0771883,33.18
1789833545.3706424,33.77
1789833545.6940827,32.23
1789833545.9865177,33.52
1789833546.2805312,33.82
1789833546.6024106,32.91
1789833546.8967342,34.11
1789833547.210425,32.64
1789833547.511758,34.49
1789833547.8050969,34.25
1789833548.127819,33.19
1789833548.4211648,33.94
1789833548.7145793,34.04
1789833549.0370717,33.26
1789833549.3305938,33.82
1789833549.65313,32.49
1789833549.946729,33.53
1789833550.2397814,33.92
1789833550.5625136,33.03
1789833550.8562696,33.73
1789833551.1491673,34.02
1789833551.4719117,33.42
1789833551.7653348,33.85
1789833552.0879776,32.76
1789833552.3810933,33.66
1789833552.676079,33.78
1789833552.9972944,33.23
1789833553.290486,33.80
1789833553.613232,32.48
1789833553.9065015,33.57
1789833557.3708467,31.88
1789833557.7202218,30.74
1789833558.0416346,31.00
1789833558.3952975,29.54
1789833558.7168455,30.56
1789833559.0279083,31.89
1789833559.3503456,32.25
1789833559.6436732,33.48
1789833559.9369414,33.89
1789833560.2595987,33.33
1789833560.5530243,33.85
1789833560.8756285,32.72
1789833561.2252715,30.32
1789833561.5465558,32.46
1789833561.809929,39.32
1789833562.078477,37.87
1789833562.4011953,33.73
1789833562.7059994,33.79
1789833562.987657,36.08
1789833563.3316207,32.62
1789833563.627518,36.26
1789833563.8968897,37.36
1789833564.2547107,32.83
1789833564.555585,35.26
1789833564.868372,36.01
1789833565.2168887,31.59
1789833565.5256605,33.77
1789833565.789362,38.18
1789833566.0929794,37.19
1789833566.3922987,36.25
1789833566.6973,33.91
1789833566.9788003,34.82
1789833567.3047097,33.89
1789833567.5934083,34.28
1789833567.9168184,33.12
1789833568.2090247,33.81
1789833568.5021875,34.07
1789833568.8251963,33.12
1789833569.118466,34.33
1789833569.4114652,34.50
1789833569.7396472,33.05
1789833570.034276,34.07
1789833570.3500762,33.25
1789833570.6435776,34.18
1789833570.9368334,34.16
1789833571.2597504,33.27
1789833571.5528445,33.83
1789833571.8755565,34.03
1789833572.1740623,33.57
1789833572.48226,32.81
1789833572.7968953,33.35
1789833573.07812,36.89
1789833573.4010975,34.01
1789833573.7068605,33.08
1789833573.9877338,35.19
1789833574.3153572,32.98
1789833574.6147316,33.33
1789833574.899308,35.62
1789833575.2200067,34.05
1789833575.5152793,33.86
1789833575.8370907,32.68
1789833576.1286814,33.81
1789833576.4241033,33.87
1789833576.7453558,33.26
1789833577.0402544,33.65
1789833577.3628151,32.32
1789833577.6554236,33.50
1789833577.9474375,33.97
1789833578.2700846,32.93
1789833578.5634055,33.70
1789833578.8571215,33.92
1789833579.1796074,33.39
1789833579.4727716,33.87
1789833579.7953033,32.77
1789833580.0897028,33.52
1789833580.3821266,33.94
1789833580.7052763,33.16
1789833580.9984243,33.77
1789833581.3206236,32.61
1789833581.6139274,33.59
1789833581.907565,33.93
1789833582.2361672,32.84
1789833582.5321174,34.86
1789833582.8234067,35.53
1789833583.1458716,34.49
1789833583.4414392,35.38
1789833583.7638378,34.10
1789833584.0553296,35.76
1789833584.3430395,35.47
1789833584.6671245,33.66
1789833584.958905,34.06
1789833585.2822177,32.61
1789833585.5740705,33.72
1789833585.8676972,34.01
1789833586.1900678,33.25
1789833586.4856288,33.65
1789833586.80797,32.31
1789833587.1013474,33.41
1789833587.3930924,34.02
1789833587.7169163,32.82
1789833588.0176883,34.15
1789833588.314332,35.57
1789833588.6373234,35.33
1789833588.9319122,36.46
1789833589.2513719,34.70
1789833592.074068,33.52
1789833592.3751657,34.26
1789833592.6978152,33.88
1789833593.0351696,32.69
1789833593.364127,32.32
1789833593.6604009,34.50
1789833594.0132968,31.22
1789833594.3489559,32.31
1789833594.6174283,37.25
1789833594.8971922,37.13
1789833595.193901,34.98
1789833595.485415,34.50
1789833595.8074236,33.22
1789833596.1019871,33.76
1789833596.395441,33.95
1789833596.7167745,33.41
1789833597.0192664,33.09
1789833597.3318267,33.10
1789833597.6254952,33.79
1789833597.9214272,33.80
1789833598.2507298,32.53
1789833598.5444062,33.92
1789833598.8583899,33.38
1789833599.1568394,33.72
1789833599.443717,34.33
1789833599.7663455,33.18
1789833600.0718548,32.72
1789833600.353068,35.35
1789833600.6871672,37.03
1789833600.9798868,37.58
1789833601.2916956,34.84
1789833601.585493,34.32
1789833601.8784013,34.25
1789833602.213068,33.43
1789833602.5029926,36.18
1789833602.8173547,33.73
1789833603.1105647,34.78
1789833603.4059196,34.23
1789833603.7280302,33.36
1789833604.0198429,34.07
1789833604.3425465,32.39
1789833604.6359093,33.50
1789833604.9292634,33.87
1789833605.251747,33.02
1789833605.5452037,33.71
1789833605.8386996,33.93
1789833606.1609287,33.35
1789833606.4543734,33.84
1789833606.7776456,32.59
1789833607.0703351,33.61
1789833607.3637433,33.93
1789833607.6864812,33.12
1789833607.9795835,33.78
1789833608.3023741,32.43
1789833608.5960538,33.49
1789833608.889006,33.91
1789833609.2116544,32.99
1789833609.5048664,33.73
1789833609.798401,33.96
1789833610.1210456,33.40
1789833610.4143734,33.86
1789833610.7473116,31.89
1789833611.0307126,34.60
1789833611.3236992,34.52
1789833611.6465914,33.42
1789833611.9412575,33.73
1789833612.262259,32.51
1789833612.5560021,33.51
1789833612.8489075,33.96
1789833613.1715977,33.07
1789833613.4660783,33.62
1789833613.7876875,32.18
1789833614.0813992,33.38
1789833614.3742359,33.87
1789833614.697058,32.90
1789833614.9906175,33.67
1789833615.283516,33.98
1789833615.607211,33.22
1789833615.9001532,33.79
1789833616.2222235,32.65
1789833616.5156069,33.60
1789833616.809288,33.93
1789833617.1320267,33.11
1789833617.4249327,33.78
1789833617.747633,32.29
1789833618.0416136,33.40
1789833618.334361,33.88
1789833618.6570892,32.91
1789833618.9501903,33.71
1789833619.2436485,33.97
1789833619.5662398,33.44
1789833619.8597317,33.85
1789833620.1822548,32.76
1789833620.4756541,33.65
1789833620.7688537,33.96
1789833621.0918944,33.20
1789833621.3848395,33.80
1789833621.7078006,32.48
1789833622.000822,33.57
1789833622.2945168,33.89
1789833622.617154,33.00
1789833622.9102871,33.72
1789833623.2035275,33.99
1789833623.5273352,33.29
1789833623.8196073,33.88
1789833624.1423025,32.71
1789833627.3394978,30.65
1789833627.662103,30.83
1789833628.013477,30.43
1789833628.3345175,30.88
1789833628.6626482,31.33
1789833628.9556956,33.14
1789833629.2490587,33.79
1789833629.571906,33.07
1789833629.8649998,33.79
1789833630.1879356,32.27
1789833630.4813147,33.44
1789833630.7742891,33.90
1789833631.0970492,32.91
1789833631.390327,33.69
1789833631.6835828,33.98
1789833632.006316,33.32
1789833632.2996273,33.85
1789833632.6223521,32.61
1789833632.9166212,33.48
1789833633.2095091,33.89
1789833633.5316966,33.27
1789833633.8250651,33.80
1789833634.1476812,32.47
1789833634.441131,33.51
1789833634.7350812,33.83
1789833635.0570226,33.01
1789833635.3501327,33.74
1789833635.6434953,34.02
1789833635.966207,33.42
1789833636.259914,33.83
1789833636.583003,32.69
1789833636.8758276,33.62
1789833637.1689558,33.95
1789833637.4916327,33.23
1789833637.7849393,33.79
1789833638.1079338,32.44
1789833638.4010556,33.52
1789833638.6946013,33.87
1789833639.0172703,33.13
1789833639.3102307,33.79
1789833639.6333723,32.30
1789833639.9263105,33.52
1789833640.2198172,33.88
1789833640.54233,32.92
1789833640.8357198,33.69
1789833641.1289337,34.00
1789833641.4517734,33.31
1789833641.744983,33.84
1789833642.0679972,32.59
1789833642.36152,33.52
1789833642.654219,33.94
1789833642.977209,33.10
1789833643.2702332,33.77
1789833643.5929368,32.28
1789833643.8865905,33.43
1789833644.1796415,33.90
1789833644.5022035,33.06
1789833644.7961905,33.72
1789833645.0889812,34.00
1789833645.411608,33.41
1789833645.7062612,33.71
1789833646.0275698,32.82
1789833646.3209724,33.66
1789833646.6142054,33.96
1789833646.9369035,33.24
1789833647.2302008,33.81
1789833647.553183,32.48
1789833647.846213,33.57
1789833648.139543,33.92
1789833648.4622073,33.03
1789833648.7555013,33.74
1789833649.0488167,33.98
1789833649.3715277,33.40
1789833649.6656861,33.79
1789833649.9875903,32.92
1789833650.280924,33.69
1789833650.5741844,33.97
1789833650.897291,33.25
1789833651.1902862,33.82
1789833651.512883,32.64
1789833651.806445,33.57
1789833652.099859,33.89
1789833652.4224293,33.12
1789833652.7155495,33.77
1789833653.0380907,32.30
1789833653.3313878,33.48
1789833653.6248176,33.89
1789833653.947573,32.91
1789833654.2407641,33.70
1789833654.5341995,33.95
1789833654.8570714,33.41
1789833655.1501935,33.89
1789833655.4727502,32.80
1789833655.7662303,33.63
1789833656.0595086,33.94
1789833656.3822527,33.22
1789833656.6754148,33.81
1789833656.9987288,32.41
1789833657.2918353,33.51
1789833657.58475,33.92
1789833657.907521,33.03
1789833658.200797,33.74
1789833658.4940438,33.99
1789833658.8171234,33.36
1789833659.1102035,33.85
1789833662.2481544,31.51
1789833662.570981,31.12
1789833662.890433,31.19
1789833663.2432747,30.51
1789833663.5369174,32.87
1789833663.8594592,32.31
1789833664.1531274,33.48
1789833664.4463792,33.87
1789833664.769311,33.08
1789833665.0623815,33.76
1789833665.385074,32.28
1789833665.678151,33.62
1789833665.9715004,34.69
1789833666.2941065,33.19
1789833666.5886536,33.65
1789833666.8808384,34.00
1789833667.2122161,32.55
1789833667.4971924,34.05
1789833667.819606,32.78
1789833668.1130333,33.62
1789833668.406162,33.95
1789833668.7292032,33.19
1789833669.0220902,33.81
1789833669.3450265,32.88
1789833669.6381748,33.69
1789833669.9318862,33.92
1789833670.255802,32.89
1789833670.547978,33.73
1789833670.8412313,33.94
1789833671.1908023,31.59
1789833671.5048277,36.26
1789833671.779354,37.81
1789833672.1163452,33.08
1789833672.3665395,40.73
1789833672.703067,35.40
1789833673.0218296,34.54
1789833673.3047652,36.60
1789833673.598218,35.13
1789833673.8913279,34.59
1789833674.2149894,33.41
1789833674.5079737,33.89
1789833674.8315184,32.30
1789833675.1235301,33.58
1789833675.4167578,33.93
1789833675.7396803,32.97
1789833676.0328543,34.67
1789833676.3263013,34.29
1789833676.650549,33.27
1789833676.9421396,33.94
1789833677.266222,32.56
1789833677.5698247,33.38
1789833677.8535008,34.46
1789833678.1747408,33.43
1789833678.4677184,33.91
1789833678.7903838,32.26
1789833679.0835505,33.51
1789833679.3766296,34.05
1789833679.6992698,33.10
1789833679.9930875,33.75
1789833680.2859356,35.18
1789833680.6284947,34.38
1789833680.904541,36.68
1789833681.2248547,33.96
1789833681.5180445,34.06
1789833681.811299,34.13
1789833682.134153,33.28
1789833682.4276168,33.83
1789833682.7505205,32.43
1789833683.0433788,33.54
1789833683.336809,34.12
1789833683.6600635,33.37
1789833683.9571073,33.43
1789833684.2459536,34.11
1789833684.5730188,33.05
1789833684.8620205,34.58
1789833685.1853473,33.08
1789833685.4904802,34.05
1789833685.7714503,35.09
1789833686.0939722,33.72
1789833686.3874767,34.00
1789833686.710086,32.69
1789833687.003702,33.58
1789833687.2966104,33.95
1789833687.6256318,32.61
1789833687.9127557,34.16
1789833688.2353163,32.41
1789833688.5286016,33.52
1789833688.822332,33.87
1789833689.1447034,32.91
1789833689.437984,33.72
1789833689.7313297,33.97
1789833690.054326,33.34
1789833690.3473203,33.84
1789833690.670005,32.76
1789833690.9632597,33.65
1789833691.2567155,34.98
1789833691.5793128,33.59
1789833691.8730574,33.89
1789833692.1953564,32.51
1789833692.488658,33.58
1789833692.7823682,33.89
1789833693.1046844,33.13
1789833693.3979485,33.77
1789833693.691239,34.00
1789833694.0138578,33.46
1789833694.307703,33.83
1789833697.4805474,30.27
1789833697.8009658,30.90
1789833698.1217928,31.09
1789833698.4450018,32.23
1789833698.7372441,33.50
1789833699.060048,32.53
1789833699.3532495,33.56
1789833699.6468766,33.88
1789833699.9696367,33.08
1789833700.2626266,33.78
1789833700.585594,32.29
1789833700.878484,33.50
1789833701.172318,34.00
1789833701.4947329,33.08
1789833701.7908971,33.54
1789833702.0838013,34.08
1789833702.4061694,33.55
1789833702.7007148,34.00
1789833703.0203743,32.89
1789833703.3159285,33.54
1789833703.6067748,34.42
1789833703.9300122,33.32
1789833704.2224693,33.87
1789833704.5452285,32.50
1789833704.838681,33.53
1789833705.1319275,33.93
1789833705.4576657,32.71
1789833705.7773218,31.80
1789833706.097257,31.45
1789833706.4225159,32.48
1789833706.715656,33.55
1789833707.0388415,32.59
1789833707.3317876,33.59
1789833707.6249735,33.95
1789833707.9478047,33.23
1789833708.2412288,33.79
1789833708.5637333,32.48
1789833708.8569827,33.57
1789833709.1504703,33.91
1789833709.4734411,33.09
1789833709.766436,33.77
1789833710.0890636,32.28
1789833710.382296,33.50
1789833710.6760223,33.87
1789833710.999023,32.85
1789833711.2918494,33.67
1789833711.5849497,33.97
1789833711.9076862,33.33
1789833712.2010033,33.83
1789833712.5236394,32.70
1789833712.8185709,33.44
1789833713.1108637,33.90
1789833713.4333668,33.12
1789833713.7263572,33.79
1789833714.04945,32.26
1789833714.3430424,33.42
1789833714.6356854,33.94
1789833714.9583187,33.03
1789833715.252211,33.68
1789833715.5453846,33.96
1789833715.867761,33.40
1789833716.1613693,33.82
1789833716.4840887,32.72
1789833716.7771287,33.63
1789833717.070347,33.97
1789833717.39292,33.26
1789833717.6865482,33.78
1789833718.0088997,32.52
1789833718.3041785,33.36
1789833718.595574,33.94
1789833718.9182384,33.04
1789833719.211884,33.70
1789833719.5049436,33.98
1789833719.8275483,33.42
1789833720.121962,34.30
1789833720.4563136,32.05
1789833720.7381313,34.13
1789833721.0328715,34.07
1789833721.3533916,33.46
1789833721.6564164,33.02
1789833721.9709833,34.08
1789833722.262374,34.27
1789833722.555748,34.20
1789833722.8913863,32.12
1789833723.171668,37.73
1789833723.4944966,33.67
1789833723.7883794,33.88
1789833724.1063488,34.38
1789833724.4287596,32.29
1789833724.6968362,36.56
1789833724.991009,34.87
1789833725.3132918,33.63
1789833725.660163,30.51
1789833726.0043418,30.77
1789833726.319842,34.60
1789833726.6177027,36.47
1789833726.8900986,38.41
1789833727.161982,38.04
1789833727.4925559,33.39
1789833727.778433,35.86
1789833728.0724654,35.90
1789833728.394748,34.16
1789833728.689287,33.96
1789833729.0089464,32.57
1789833729.312541,33.69
1789833732.3990579,32.12
1789833732.7381196,32.45
1789833733.0487869,32.54
1789833733.3558364,32.45
1789833733.6701403,33.63
1789833733.9599092,34.88
1789833734.281166,33.30
1789833734.5739932,33.84
1789833734.8675034,34.48
1789833735.1898522,34.04
1789833735.4831636,34.81
1789833735.80634,32.81
1789833736.0995579,33.65
1789833736.3925464,34.99
1789833736.7152293,33.47
1789833737.0193486,33.68
1789833737.301713,34.70
1789833737.6245353,33.66
1789833737.9194798,33.77
1789833738.241048,32.82
1789833738.5340838,33.70
1789833738.827617,33.95
1789833739.1506755,33.25
1789833739.4432056,33.88
1789833739.766123,32.61
1789833740.1054904,30.93
1789833740.461739,31.64
1789833740.7448683,37.25
1789833741.048475,34.94
1789833741.3711746,33.96
1789833741.6647267,34.77
1789833741.964066,33.92
1789833742.2861109,33.31
1789833742.5738242,35.60
1789833742.873655,34.56
1789833743.1898143,33.88
1789833743.4834,34.03
1789833743.8058898,32.69
1789833744.098973,33.66
1789833744.392873,33.89
1789833744.7150338,33.26
1789833745.0100389,33.62
1789833745.3310938,32.47
1789833745.6245086,33.53
1789833745.9184394,33.84
1789833746.240278,32.79
1789833746.5337138,33.69
1789833746.8271325,33.96
1789833747.149705,33.43
1789833747.4430687,33.86
1789833747.7656078,32.82
1789833748.060766,33.46
1789833748.352491,33.97
1789833748.6796823,32.78
1789833748.9984066,31.91
1789833749.3198512,31.83
1789833749.612709,33.32
1789833749.9056003,33.87
1789833750.2283835,33.10
1789833750.5216248,33.77
1789833750.8445158,32.27
1789833751.1378984,33.45
1789833751.4312901,33.86
1789833751.7536464,32.96
1789833752.0469587,33.75
1789833752.3405828,33.97
1789833752.6639538,33.22
1789833752.9564154,33.83
1789833753.2790747,32.62
1789833753.579849,33.15
1789833753.8660312,34.23
1789833754.1882708,33.24
1789833754.4817643,34.63
1789833754.8057513,32.53
1789833755.1131551,32.36
1789833755.3933144,34.35
1789833755.7146819,33.19
1789833756.0461905,31.65
1789833756.315924,35.96
1789833756.626474,34.21
1789833756.9191258,34.27
1789833757.2396302,32.93
1789833757.5475576,32.55
1789833757.826947,34.74
1789833758.1517272,33.23
1789833758.442234,34.20
1789833758.7662275,32.01
1789833759.0582693,33.47
1789833759.3515854,33.93
1789833759.67683,32.94
1789833759.9669585,34.02
1789833760.260955,34.07
1789833760.5845366,33.32
1789833760.8789268,33.81
1789833761.2000427,32.96
1789833761.4938543,33.62
1789833761.7856033,34.45
1789833762.108425,33.47
1789833762.4014926,33.98
1789833762.7339756,31.83
1789833763.0174751,33.97
1789833763.3108728,34.05
1789833763.6339943,33.14
1789833763.9276764,33.69
1789833764.2496035,32.29
1789833767.316591,30.07
1789833767.6238217,31.43
1789833767.95722,31.51
1789833768.2504654,33.20
1789833768.5437925,33.82
1789833768.86651,33.27
1789833769.1600642,33.78
1789833769.4825037,32.75
1789833769.7758284,33.63
1789833770.0690897,33.95
1789833770.391795,33.26
1789833770.6850247,33.82
1789833771.007677,32.47
1789833771.3014598,34.24
1789833771.5943053,34.20
1789833771.9173326,33.13
1789833772.2239723,32.62
1789833772.5756707,30.07
1789833772.8345602,36.50
1789833773.1204898,35.49
1789833773.4447577,33.23
1789833773.76602,31.73
1789833774.0821743,31.69
1789833774.434106,30.65
1789833774.7538302,31.05
1789833775.1055872,29.94
1789833775.4257917,30.78
1789833775.7456706,31.12
1789833776.0695498,32.12
1789833776.362918,33.46
1789833776.6854143,32.24
1789833776.9787092,33.48
1789833777.2733383,34.32
1789833777.5948677,33.11
1789833777.887951,33.79
1789833778.1815424,33.98
1789833778.5050707,33.22
1789833778.7973776,33.85
1789833779.1200385,32.63
1789833779.413326,33.62
1789833779.706688,33.94
1789833780.0299242,33.17
1789833780.3228824,33.80
1789833780.6459904,32.41
1789833780.9389493,33.52
1789833781.2332234,33.79
1789833781.554806,33.07
1789833781.8543687,33.21
1789833782.146586,34.27
1789833782.4644897,33.64
1789833782.75802,33.89
1789833783.0801306,32.82
1789833783.3734722,33.69
1789833783.6667385,33.97
1789833783.989409,33.24
1789833784.282686,33.81
1789833784.6057646,32.43
1789833784.8988094,33.53
1789833785.1920056,33.91
1789833785.514718,33.13
1789833785.8083434,33.74
1789833786.1308477,32.29
1789833786.424471,33.45
1789833786.7176392,33.90
1789833787.040328,32.89
1789833787.333493,33.70
1789833787.626869,33.97
1789833787.9553962,33.57
1789833788.2426586,34.46
1789833788.565242,32.87
1789833788.8586888,33.69
1789833789.1523664,33.96
1789833789.4747312,33.17
1789833789.767897,33.80
1789833790.1088376,31.76
1789833790.4214277,34.00
1789833790.7174747,35.73
1789833791.0030332,37.17
1789833791.3073983,35.52
1789833791.5910285,37.49
1789833791.9143605,34.67
1789833792.2053008,34.41
1789833792.525357,32.81
1789833792.8195875,33.73
1789833793.1129575,34.42
1789833793.4396815,34.28
1789833793.7285864,35.22
1789833794.0532062,32.53
1789833794.346169,33.53
1789833794.6381118,33.97
1789833794.9628341,32.69
1789833795.2665439,34.67
1789833795.5466623,35.72
1789833795.8702543,34.06
1789833796.1637545,34.16
1789833796.487421,32.93
1789833796.7795947,33.92
1789833797.073973,33.95
1789833797.3950934,33.80
1789833797.691518,33.90
1789833798.02637,32.55
1789833798.3045423,34.79
1789833798.6002688,34.30
1789833798.9224906,33.15
1789833799.2133224,33.97
1789833799.5360065,32.44
1789833802.5122862,32.12
1789833802.8046732,33.46
1789833803.127458,32.76
1789833803.4220393,34.59
1789833803.7140477,34.35
1789833804.0370488,33.47
1789833804.3302217,33.92
1789833804.6527464,32.80
1789833804.9460692,33.66
1789833805.2397084,33.92
1789833805.562028,33.26
1789833805.855534,33.79
1789833806.1780121,32.51
1789833806.4720774,33.47
1789833806.7647028,33.94
1789833807.087491,33.04
1789833807.3808892,33.72
1789833807.6749232,33.91
1789833807.9968345,33.39
1789833808.2899237,33.91
1789833808.6127956,32.80
1789833808.9171023,32.65
1789833809.2375832,31.74
1789833809.5887487,30.71
1789833809.908718,31.07
1789833810.2606354,29.96
1789833810.5716624,31.66
1789833810.8651216,33.25
1789833811.1880102,32.82
1789833811.4809089,33.69
1789833811.80415,32.24
1789833812.096996,33.48
1789833812.3908067,33.83
1789833812.7131257,32.91
1789833813.007127,33.60
1789833813.2997558,33.97
1789833813.6223006,33.33
1789833813.9156094,33.89
1789833814.2386262,32.63
1789833814.5323808,33.53
1789833814.8250437,33.93
1789833815.1480205,33.24
1789833815.4414232,33.78
1789833815.7636583,32.49
1789833816.057414,33.50
1789833816.3505065,33.90
1789833816.6731703,33.02
1789833816.9665272,33.75
1789833817.2599409,33.97
1789833817.5825408,33.42
1789833817.8758748,33.86
1789833818.1985006,32.80
1789833818.4916306,33.68
1789833818.785098,33.97
1789833819.107996,33.27
1789833819.4015043,33.79
1789833819.7237,32.50
1789833820.0171206,33.53
1789833820.310376,33.92
1789833820.632989,33.14
1789833820.9263606,33.79
1789833821.249842,32.24
1789833821.5423276,33.51
1789833821.8356578,33.93
1789833822.1598308,32.78
1789833822.451735,33.70
1789833822.745055,33.98
1789833823.0677757,33.33
1789833823.3612754,33.80
1789833823.6837375,32.61
1789833823.9771655,33.57
1789833824.270627,33.91
1789833824.5930479,33.15
1789833824.8862693,33.83
1789833825.209378,32.29
1789833825.5024612,33.48
1789833825.7957566,33.91
1789833826.1186008,33.02
1789833826.4116135,33.79
1789833826.7053216,33.95
1789833827.0277781,33.39
1789833827.3212986,33.85
1789833827.6436503,32.78
1789833827.936883,33.65
1789833828.2303934,33.96
1789833828.5529447,33.28
1789833828.8464293,33.84
1789833829.1694252,32.46
1789833829.4632702,33.47
1789833829.755566,33.94
1789833830.0785272,33.06
1789833830.3733053,33.56
1789833830.6649086,34.00
1789833830.98749,33.41
1789833831.280936,33.86
1789833831.6035264,32.99
1789833831.897108,33.69
1789833832.1901696,34.00
1789833832.512976,33.33
1789833832.8061712,33.88
1789833833.1289513,32.67
1789833833.4221694,33.61
1789833833.7158766,33.90
1789833834.0384638,33.12
1789833834.3322086,33.72
1789833837.4458134,30.07
1789833837.7391334,32.69
1789833838.0324178,33.62
1789833838.3550959,32.80
1789833838.6482646,33.68
1789833838.9417276,33.98
1789833839.2646835,33.31
1789833839.557636,33.87
1789833839.8809016,32.74
1789833840.173588,33.66
1789833840.4903429,32.25
1789833840.842403,30.85
1789833841.1621752,31.14
1789833841.514609,29.77
1789833841.8344357,30.74
1789833842.154581,31.09
1789833842.5064023,30.28
1789833842.8291218,30.67
1789833843.1467986,31.16
1789833843.4987361,30.58
1789833843.8182278,31.05
1789833844.1704361,30.06
1789833844.4911883,30.76
1789833844.8102314,31.13
1789833845.1621974,30.48
1789833845.4667222,32.28
1789833845.7892847,32.05
1789833846.0826068,33.39
1789833846.3758936,33.87
1789833846.6986156,33.14
1789833846.99229,33.76
1789833847.3146172,32.30
1789833847.6080465,33.47
1789833847.9015012,33.87
1789833848.2243083,32.88
1789833848.5173504,33.70
1789833848.810451,33.98
1789833849.1335177,33.29
1789833849.426549,33.86
1789833849.7491577,32.71
1789833850.0436003,33.50
1789833850.3357978,33.97
1789833850.658493,33.14
1789833850.9521396,33.73
1789833851.274786,32.42
1789833851.5678964,33.54
1789833851.8610966,33.92
1789833852.1841817,33.03
1789833852.478365,33.61
1789833852.7708888,33.94
1789833853.0931702,33.39
1789833853.3866136,33.84
1789833853.7092822,32.77
1789833854.0029259,33.60
1789833854.2959037,33.96
1789833854.6185498,33.24
1789833854.9119613,33.81
1789833855.2348115,32.44
1789833855.5278456,33.55
1789833855.8212943,33.94
1789833856.1437826,33.06
1789833856.4380746,33.65
1789833856.7601035,32.27
1789833857.0536141,33.50
1789833857.3465636,33.91
1789833857.6692145,32.95
1789833857.9624352,33.72
1789833858.2558243,33.97
1789833858.578528,33.32
1789833858.8718212,33.84
1789833859.1945658,32.64
1789833859.4879153,33.59
1789833859.781514,33.90
1789833860.1039007,33.14
1789833860.3970668,33.78
1789833860.720073,32.29
1789833861.0131395,33.50
1789833861.3068092,33.90
1789833861.6291883,33.06
1789833861.9225864,33.73
1789833862.2157316,34.03
1789833862.5384865,33.42
1789833862.8317528,33.87
1789833863.1545417,32.77
1789833863.4477818,33.65
1789833863.7412121,33.94
1789833864.063724,33.28
1789833864.3572586,33.80
1789833864.6799276,32.46
1789833864.973204,33.52
1789833865.2664175,33.92
1789833865.5891538,33.03
1789833865.8823712,33.76
1789833866.1757896,33.99
1789833866.4983706,33.44
1789833866.7916744,33.88
1789833867.1147034,32.87
1789833867.407813,33.72
1789833867.7025788,33.81
1789833868.0236876,33.36
1789833868.3170104,33.85
1789833868.6396935,32.62
1789833868.9334443,33.54
1789833869.2265751,33.96
1789833869.549052,33.15
1789833872.311012,32.47
1789833872.633936,31.82
1789833872.9269474,33.32
1789833873.220221,33.83
1789833873.5431,32.86
1789833873.836293,33.71
1789833874.1294525,33.99
1789833874.4524038,33.31
1789833874.7454617,33.89
1789833875.068138,32.79
1789833875.361423,33.66
1789833875.656553,33.76
1789833875.977476,33.26
1789833876.2708113,33.82
1789833876.5934584,32.47
1789833876.886863,33.55
1789833877.1800702,33.92
1789833877.5043073,32.87
1789833877.7961624,33.74
1789833878.0896986,33.96
1789833878.412176,33.42
1789833878.7058702,33.83
1789833879.0282476,32.76
1789833879.3427758,32.03
1789833879.66305,31.51
1789833879.9982753,31.97
1789833880.2901947,33.43
1789833880.6125677,32.49
1789833880.9058282,33.55
1789833881.1998816,33.84
1789833881.5218763,33.13
1789833881.815682,33.72
1789833882.1379545,32.27
1789833882.4312618,33.50
1789833882.724945,33.85
1789833883.0474005,32.87
1789833883.3406284,33.67
1789833883.6339078,33.97
1789833883.9565964,33.34
1789833884.2501109,33.82
1789833884.572938,32.59
1789833884.8657415,33.63
1789833885.1593237,33.91
1789833885.4818494,33.16
1789833885.7752638,33.77
1789833886.097912,32.46
1789833886.391117,33.54
1789833886.684418,33.95
1789833887.007127,33.03
1789833887.300823,33.70
1789833887.5937634,34.00
1789833887.9164062,33.44
1789833888.2101471,33.84
1789833888.5324059,32.81
1789833888.8260827,33.63
1789833889.1191864,33.95
1789833889.4419417,33.22
1789833889.7374096,33.59
1789833890.0577424,32.50
1789833890.3513587,33.54
1789833890.6448417,33.88
1789833890.9683473,32.92
1789833891.2603993,33.76
1789833891.5830827,32.27
1789833891.8763635,33.51
1789833892.1697016,33.90
1789833892.4924514,32.94
1789833892.7856839,33.71
1789833893.0808077,33.79
1789833893.4027157,33.24
1789833893.695112,33.87
1789833894.0180807,32.57
1789833894.3111303,33.59
1789833894.6059034,33.76
1789833894.927477,33.10
1789833895.220828,33.72
1789833895.5436487,32.27
1789833895.836404,33.49
1789833896.1297233,33.89
1789833896.4523237,32.94
1789833896.745861,33.69
1789833897.0390995,33.96
1789833897.3616807,33.41
1789833897.654964,33.89
1789833897.977752,32.83
1789833898.2711945,33.66
1789833898.5644462,33.99
1789833898.8871126,33.26
1789833899.180653,33.80
1789833899.5030615,32.51
1789833899.7987673,33.31
1789833900.0902126,33.90
1789833900.4132485,32.90
1789833900.705655,33.74
1789833900.9990687,33.97
1789833901.3217137,33.42
1789833901.6149883,33.86
1789833901.9379268,32.75
1789833902.2312334,33.62
1789833902.5244057,33.96
1789833902.8470476,33.34
1789833903.140682,33.81
1789833903.4633632,32.64
1789833903.756341,33.61
1789833904.0692945,32.42
1789833907.2636163,28.87
1789833907.5824547,30.48
1789833907.931887,29.54
1789833908.2504847,30.76
1789833908.5687332,31.21
1789833908.9205384,30.17
1789833909.237514,31.03
1789833909.5559058,31.35
1789833909.9063501,30.72
1789833910.224732,31.18
1789833910.5753708,30.15
1789833910.8933733,31.01
1789833911.2117465,31.28
1789833911.5622385,30.63
1789833911.880501,31.18
1789833912.2320929,29.81
1789833912.5496256,30.91
1789833912.8678408,31.27
1789833913.2179976,30.45
1789833913.5365765,31.07
1789833913.8550134,31.29
1789833914.20512,30.77
1789833914.5254545,31.04
1789833914.8583362,31.24
1789833915.1515577,33.10
1789833915.4449143,33.78
1789833915.7673824,33.19
1789833916.0607228,33.79
1789833916.3837812,32.58
1789833916.676749,33.59
1789833916.9702177,33.92
1789833917.293261,33.13
1789833917.586647,33.75
1789833917.9088507,32.29
1789833918.2020826,33.49
1789833918.4954581,33.89
1789833918.8183188,32.91
1789833919.1113515,33.70
1789833919.404812,33.96
1789833919.7286644,33.19
1789833920.0208333,33.88
1789833920.3435943,32.63
1789833920.6367853,33.59
1789833920.9305854,33.88
1789833921.2528515,33.13
1789833921.5460858,33.77
1789833921.8687654,32.42
1789833922.1621373,33.52
1789833922.455679,33.90
1789833922.7780302,33.08
1789833923.0717185,33.74
1789833923.3650973,33.96
1789833923.6872692,33.41
1789833923.9806445,33.92
1789833924.3032978,32.81
1789833924.5968242,33.64
1789833924.890334,33.94
1789833925.212834,33.24
1789833925.5060537,33.80
1789833925.8288102,32.49
1789833926.1221416,33.55
1789833926.415556,33.91
1789833926.7381709,33.02
1789833927.0312593,33.75
1789833927.354158,32.28
1789833927.6477334,33.46
1789833927.9407225,33.90
1789833928.263441,32.90
1789833928.556725,33.70
1789833928.850291,33.94
1789833929.1726966,33.32
1789833929.4660773,33.83
1789833929.7886283,32.61
1789833930.0821693,33.56
1789833930.3755085,33.90
1789833930.6979046,33.16
1789833930.9914508,33.78
1789833931.3142638,32.30
1789833931.6074731,33.50
1789833931.9006119,33.90
1789833932.223229,32.92
1789833932.5184834,33.49
1789833932.8101077,33.99
1789833933.133453,33.30
1789833933.4260147,33.85
1789833933.7488372,32.76
1789833934.0421786,33.62
1789833934.3351974,33.99
1789833934.6578863,33.26
1789833934.9512038,33.82
1789833935.2739942,32.46
1789833935.5672715,33.53
1789833935.8610816,33.89
1789833936.1836262,33.13
1789833936.4781098,33.61
1789833936.770449,33.94
1789833937.0926158,33.41
1789833937.3860383,33.85
1789833937.7089162,32.76
1789833938.0019126,33.66
1789833938.295223,33.96
1789833938.6179297,33.31
1789833938.9116075,33.80
1789833939.233933,33.43
1789833941.799453,31.91
1789833942.092786,33.34
1789833942.4155881,32.95
1789833942.7087865,33.71
1789833943.031401,32.25
1789833943.3253224,33.39
1789833943.618098,33.88
1789833943.9408398,32.91
1789833944.2349648,33.59
1789833944.527574,33.95
1789833944.850541,33.30
1789833945.1436436,33.83
1789833945.466439,32.59
1789833945.7594793,33.58
1789833946.053123,33.88
1789833946.3753989,33.25
1789833946.668653,33.82
1789833946.9915118,32.48
1789833947.2847888,33.54
1789833947.5780113,33.92
1789833947.9005983,33.07
1789833948.1941686,33.74
1789833948.4890044,33.81
1789833948.8101437,33.37
1789833949.112466,33.30
1789833949.4344656,32.61
1789833949.7284896,33.50
1789833950.0221472,33.84
1789833950.3441062,33.20
1789833950.7083662,29.66
1789833951.0007646,35.42
1789833951.2825027,35.43
1789833951.5758297,34.57
1789833951.8986688,33.47
1789833952.1917448,33.94
1789833952.528377,31.18
1789833952.808055,37.60
1789833953.1012747,35.32
1789833953.423927,33.56
1789833953.7174447,33.89
1789833954.0106044,34.05
1789833954.3457513,32.40
1789833954.6291444,34.20
1789833954.949499,33.08
1789833955.2424707,33.78
1789833955.535793,33.99
1789833955.8584156,33.26
1789833956.1530635,33.67
1789833956.4743395,32.58
1789833956.7677298,33.57
1789833957.0609956,33.93
1789833957.385293,32.98
1789833957.677263,33.80
1789833957.9999769,32.33
1789833958.2930608,33.50
1789833958.5865223,33.89
1789833958.9091544,32.97
1789833959.2025867,33.73
1789833959.4957764,33.97
1789833959.8190958,33.26
1789833960.112251,33.85
1789833960.4344423,32.66
1789833960.7276676,33.62
1789833961.0213575,33.93
1789833961.3436723,33.19
1789833961.637091,33.78
1789833961.9596944,32.48
1789833962.2530339,33.55
1789833962.5464187,33.91
1789833962.8689642,33.03
1789833963.1632566,33.64
1789833963.4562683,33.99
1789833963.7783499,33.45
1789833964.0719132,33.85
1789833964.3948324,32.73
1789833964.6878433,33.64
1789833964.9819279,33.90
1789833965.3039038,33.32
1789833965.5971875,33.90
1789833965.921393,32.33
1789833966.2142136,33.49
1789833966.5065546,33.96
1789833966.8306105,32.86
1789833967.1223848,33.82
1789833967.4450238,32.30
1789833967.738315,33.49
1789833968.0317328,33.89
1789833968.3542597,32.92
1789833968.6480331,33.66
1789833968.946393,33.43
1789833969.2653568,33.27
1789833969.5570207,33.89
1789833969.8803725,32.54
1789833970.173198,33.60
1789833970.466461,33.94
1789833970.7894378,33.18
1789833971.0826595,33.81
1789833971.4052112,32.33
1789833971.6982002,33.51
1789833971.9916656,33.89
1789833972.3142765,32.96
1789833972.607577,33.71
1789833972.9011936,33.98
1789833973.244094,31.84
1789833973.563041,31.53
1789833976.7688062,27.14
1789833977.0881906,29.87
1789833977.4076328,30.81
1789833977.759746,30.30
1789833978.0780804,31.02
1789833978.4289095,29.82
1789833978.748388,30.80
1789833979.0674133,31.16
1789833979.4188387,30.34
1789833979.7382364,30.96
1789833980.0571764,31.23
1789833980.408411,30.70
1789833980.727632,31.11
1789833981.0789752,30.10
1789833981.398571,30.87
1789833981.7183838,31.10
1789833982.068604,30.62
1789833982.3879142,31.08
1789833982.740274,29.86
1789833983.0586596,30.86
1789833983.3777914,31.17
1789833983.729245,30.42
1789833984.0334237,32.26
1789833984.3557923,31.77
1789833984.6491668,33.28
1789833984.9424398,33.81
1789833985.265073,32.99
1789833985.558444,33.72
1789833985.8516517,33.98
1789833986.1764095,33.16
1789833986.4678876,33.94
1789833986.790583,32.68
1789833987.0845568,33.55
1789833987.3770194,33.95
1789833987.6998575,33.22
1789833988.0071688,35.02
1789833988.323981,34.66
1789833988.6089227,35.67
1789833988.902574,34.68
1789833989.2268088,33.32
1789833989.5228,34.35
1789833989.8145456,34.82
1789833990.1348865,33.81
1789833990.4277873,34.49
1789833990.7506733,32.99
1789833991.0628746,33.98
1789833991.3441384,36.91
1789833991.6610315,34.60
1789833991.9543846,34.23
1789833992.2776084,32.61
1789833992.5691285,33.72
1789833992.8649685,33.83
1789833993.2137253,31.42
1789833993.4793222,35.61
1789833993.8010545,33.75
1789833994.094721,33.94
1789833994.3876667,34.43
1789833994.7120543,33.16
1789833995.0039694,35.44
1789833995.3104086,34.20
1789833995.6276674,34.19
1789833995.9153285,34.44
1789833996.235667,32.98
1789833996.5288815,33.75
1789833996.8223357,34.97
1789833997.1448765,33.53
1789833997.487916,30.99
1789833997.7735016,34.26
1789833998.0549796,35.76
1789833998.3748977,34.60
1789833998.6741056,34.59
1789833998.9643753,34.72
1789833999.256906,34.36
1789833999.5917249,33.97
1789833999.8758545,35.13
1789834000.1957896,33.40
1789834000.489235,33.88
1789834000.7837732,33.89
1789834001.1051192,33.26
1789834001.4054954,33.34
1789834001.7216432,33.24
1789834002.014309,33.84
1789834002.3076346,34.03
1789834002.6303608,33.09
1789834002.9238684,33.75
1789834003.2463586,32.31
1789834003.540124,33.52
1789834003.8329732,34.00
1789834004.155685,33.02
1789834004.4490073,33.75
1789834004.7443964,33.76
1789834005.0669453,33.15
1789834005.3584309,33.86
1789834005.681057,32.63
1789834005.9747355,33.59
1789834006.2677524,33.93
1789834006.592183,32.93
1789834006.8835692,33.80
1789834007.2067642,32.29
1789834007.499947,33.48
1789834007.793264,34.69
1789834008.116292,33.16
1789834008.4092233,33.78
1789834008.7027388,33.96
1789834011.3113654,30.38
1789834011.6048977,32.79
1789834011.927414,32.40
1789834012.2211926,33.68
1789834012.5144768,33.94
1789834012.8388662,33.07
1789834013.130191,33.86
1789834013.4529328,32.49
1789834013.746117,33.55
1789834014.039358,33.95
1789834014.3624356,33.00
1789834014.657147,33.55
1789834014.9490483,33.96
1789834015.2721093,33.34
1789834015.5646417,33.94
1789834015.8873127,32.84
1789834016.180851,33.64
1789834016.474422,34.91
1789834016.7966278,33.71
1789834017.0903678,33.94
1789834017.412619,32.66
1789834017.7092206,35.18
1789834017.9994373,35.19
1789834018.3282704,33.39
1789834018.6213307,33.88
1789834018.9442291,32.32
1789834019.2373493,33.55
1789834019.5307117,33.92
1789834019.853433,32.96
1789834020.1469011,33.74
1789834020.4401164,34.01
1789834020.7628908,33.32
1789834021.0567,33.77
1789834021.3793383,32.59
1789834021.6743357,33.39
1789834021.9654825,33.95
1789834022.288223,33.23
1789834022.5814788,33.81
1789834022.9041924,32.48
1789834023.197405,33.54
1789834023.491012,33.89
1789834023.8133123,33.06
1789834024.1066542,33.74
1789834024.4003356,33.95
1789834024.722986,33.41
1789834025.0159695,33.92
1789834025.3389568,32.77
1789834025.6326067,33.60
1789834025.9254715,33.97
1789834026.2480993,33.25
1789834026.541529,33.79
1789834026.8641386,32.44
1789834027.1573536,33.54
1789834027.4517095,33.79
1789834027.7743986,33.00
1789834028.0668733,33.74
1789834028.3899124,32.29
1789834028.6827228,33.50
1789834028.9760745,33.90
1789834029.2986906,32.93
1789834029.5919974,33.71
1789834029.8857825,33.91
1789834030.2082636,33.30
1789834030.5018241,33.81
1789834030.8252053,32.50
1789834031.1172101,33.64
1789834031.4109414,33.91
1789834031.733188,33.18
1789834032.0287259,33.55
1789834032.3493824,32.48
1789834032.64264,33.55
1789834032.9363606,33.88
1789834033.2586255,33.05
1789834033.5520532,33.73
1789834033.8452728,33.98
1789834034.1679518,33.43
1789834034.4614184,33.85
1789834034.784015,32.77
1789834035.0772412,33.65
1789834035.3709974,33.94
1789834035.6933255,33.26
1789834035.9867,33.81
1789834036.3097525,32.40
1789834036.603694,33.42
1789834036.8958924,33.92
1789834037.2190104,32.94
1789834037.5121043,33.72
1789834037.8345244,32.26
1789834038.1280618,33.44
1789834038.421608,33.84
1789834038.7440476,32.90
1789834039.037174,33.70
1789834039.3318253,33.83
1789834039.6536915,33.27
1789834039.9465287,33.83
1789834040.2696514,32.61
1789834040.5623896,33.67
1789834040.8558877,33.96
1789834041.1784935,33.18
1789834041.471822,33.81
1789834041.794612,32.29
1789834042.088166,33.44
1789834042.3893583,33.19
1789834042.7279348,31.68
1789834043.035881,32.19
1789834043.3432848,32.40
1789834046.5482194,29.97
1789834046.8557975,31.64
1789834047.1947975,30.99
1789834047.5016446,32.04
1789834047.8095226,32.34
1789834048.1490352,31.56
1789834048.4553213,32.30
1789834048.7942734,30.91
1789834049.1010265,32.01
1789834049.4106085,32.15
1789834049.7486806,31.37
1789834050.054838,32.17
1789834050.3630095,32.37
1789834050.7146747,31.04
1789834051.0347495,31.17
1789834051.3865123,30.22
1789834051.7069528,30.87
1789834052.0263982,31.19
1789834052.3785326,30.57
1789834052.698526,31.02
1789834053.0506368,29.92
1789834053.3491812,32.30
1789834053.6403651,33.59
1789834053.9631457,33.03
1789834054.256608,33.73
1789834054.5792956,32.28
1789834054.872549,33.47
1789834055.1659203,33.87
1789834055.4889262,32.86
1789834055.7820475,33.68
1789834056.0750647,34.02
1789834056.3977308,33.34
1789834056.6910646,33.84
1789834057.0152318,32.47
1789834057.307491,33.58
1789834057.6004057,33.97
1789834057.9230316,33.26
1789834058.2179117,33.66
1789834058.5392244,32.50
1789834058.8325808,33.54
1789834059.1257253,33.93
1789834059.4483464,32.95
1789834059.742059,33.66
1789834060.0356126,33.91
1789834060.3576975,33.40
1789834060.6511486,33.87
1789834060.9739819,32.80
1789834061.267122,33.72
1789834061.5603974,33.97
1789834061.8832128,33.21
1789834062.1763399,33.82
1789834062.4994628,32.44
1789834062.7930217,33.48
1789834063.085823,33.91
1789834063.4087605,33.12
1789834063.701679,33.80
1789834064.0244007,32.27
1789834064.3176625,33.50
1789834064.611475,33.84
1789834064.9339023,32.86
1789834065.2270463,33.71
1789834065.520612,33.94
1789834065.8430896,33.32
1789834066.1363974,33.85
1789834066.4590209,32.67
1789834066.7526553,33.60
1789834067.0457542,33.95
1789834067.3693964,33.70
1789834067.6617782,34.00
1789834067.9844086,32.37
1789834068.2780266,33.51
1789834068.5734148,33.68
1789834068.8940094,33.03
1789834069.1872604,33.73
1789834069.4807773,33.96
1789834069.8031223,33.39
1789834070.0963128,33.88
1789834070.4191122,32.76
1789834070.712248,33.65
1789834071.0065432,33.84
1789834071.328351,33.23
1789834071.621723,33.79
1789834071.944582,32.50
1789834072.2376237,33.59
1789834072.530984,33.94
1789834072.8536756,33.04
1789834073.1471093,33.73
1789834073.4696121,32.29
1789834073.7630422,33.47
1789834074.0562289,33.88
1789834074.3792927,32.90
1789834074.6726446,33.65
1789834074.965645,33.96
1789834075.2883945,33.31
1789834075.5833356,33.65
1789834075.9043775,32.62
1789834076.197603,33.59
1789834076.4909878,33.93
1789834076.814016,33.10
1789834077.1069722,33.78
1789834077.4304674,32.30
1789834077.7229552,33.54
1789834078.016397,33.89
1789834078.3392699,32.94
1789834078.632152,33.74
1789834081.4157035,32.51
1789834081.7388535,32.86
1789834082.0323203,33.63
1789834082.3542566,32.73
1789834082.6477735,33.63
1789834082.9409707,33.98
1789834083.2638621,33.21
1789834083.558027,33.69
1789834083.879544,32.51
1789834084.1733186,33.51
1789834084.466415,33.92
1789834084.7891877,33.02
1789834085.0822747,33.77
1789834085.3858695,33.04
1789834085.738069,31.34
1789834086.0584068,31.26
1789834086.409895,30.21
1789834086.7297049,30.90
1789834087.0510087,31.01
1789834087.4027717,30.45
1789834087.7132368,31.86
1789834088.0359662,31.82
1789834088.3296669,33.29
1789834088.6227,33.84
1789834088.9452162,33.05
1789834089.23833,33.79
1789834089.561156,32.29
1789834089.8548157,33.44
1789834090.1476474,33.92
1789834090.47069,32.88
1789834090.7636108,33.74
1789834091.0572443,34.00
1789834091.3813667,33.17
1789834091.673168,33.89
1789834091.9957259,32.65
1789834092.2890706,33.61
1789834092.5823798,33.93
1789834092.9051971,33.22
1789834093.1987102,33.77
1789834093.5227706,32.31
1789834093.8148973,33.54
1789834094.107689,33.93
1789834094.4304266,33.02
1789834094.7238255,33.71
1789834095.017098,33.96
1789834095.339703,33.41
1789834095.6330035,33.86
1789834095.9561057,32.73
1789834096.2493894,33.65
1789834096.542252,34.02
1789834096.8650205,33.26
1789834097.1584907,33.81
1789834097.4812253,32.46
1789834097.7749135,33.47
1789834098.0677087,33.91
1789834098.3903239,33.16
1789834098.6854513,33.78
1789834099.0064893,32.58
1789834099.3000894,33.53
1789834099.5929923,33.97
1789834099.9155881,32.97
1789834100.2091393,33.70
1789834100.5023024,33.97
1789834100.8252373,33.30
1789834101.1185195,33.85
1789834101.4522882,31.69
1789834101.7366517,33.88
1789834102.0300539,34.05
1789834102.3502488,33.32
1789834102.6436605,33.83
1789834102.9663174,33.16
1789834103.2600207,33.77
1789834103.5528655,34.01
1789834103.8755903,33.08
1789834104.1689122,33.76
1789834104.4623277,33.98
1789834104.7849944,33.42
1789834105.0783696,33.87
1789834105.4011052,32.77
1789834105.6943696,33.65
1789834105.9877965,33.96
1789834106.310283,33.31
1789834106.6035445,33.86
1789834106.9262803,32.49
1789834107.2195919,33.55
1789834107.5134137,33.86
1789834107.835546,33.05
1789834108.1289241,33.74
1789834108.422562,33.98
1789834108.7449858,33.39
1789834109.0383296,33.87
1789834109.3608878,32.91
1789834109.6543195,33.68
1789834109.9476116,33.97
1789834110.2705438,33.29
1789834110.563549,33.92
1789834110.8886142,32.41
1789834111.179667,33.62
1789834111.4728093,33.94
1789834111.795588,33.15
1789834112.0888424,33.80
1789834112.411486,32.29
1789834112.7049055,33.46
1789834112.998146,34.29
1789834113.3208282,33.09
1789834116.3189085,32.12
1789834116.6118839,33.43
1789834116.934621,33.13
1789834117.228208,33.78
1789834117.5510502,32.72
1789834117.852846,32.79
1789834118.1727202,31.78
1789834118.5244741,30.70
1789834118.8448215,31.05
1789834119.1964386,29.88
1789834119.5165424,30.79
1789834119.8365805,31.08
1789834120.189381,30.18
1789834120.5089061,30.90
1789834120.8285322,31.14
1789834121.180393,30.64
1789834121.500393,31.08
1789834121.8524482,30.05
1789834122.1730237,30.79
1789834122.4813137,32.15
1789834122.825998,31.55
1789834123.1096127,36.02
1789834123.4213936,34.09
1789834123.7135203,34.20
1789834124.0066211,35.32
1789834124.3290982,33.58
1789834124.622468,33.94
1789834124.9452522,32.33
1789834125.2384884,33.50
1789834125.531875,33.92
1789834125.8545136,32.94
1789834126.147826,33.88
1789834126.4428616,33.84
1789834126.7642024,33.32
1789834127.0572088,34.94
1789834127.3797033,33.72
1789834127.6733375,33.95
1789834127.9665215,34.05
1789834128.3447478,29.65
1789834128.6179976,35.30
1789834128.9054341,36.09
1789834129.2026541,34.44
1789834129.4957118,34.29
1789834129.816943,33.16
1789834130.1117387,34.79
1789834130.4033442,34.71
1789834130.72618,33.48
1789834131.0193431,33.87
1789834131.3415687,32.56
1789834131.6352518,33.61
1789834131.928607,33.87
1789834132.2507195,33.13
1789834132.5448449,33.68
1789834132.8679738,32.28
1789834133.1586065,33.62
1789834133.4517622,33.95
1789834133.7747693,33.14
1789834134.0678291,33.80
1789834134.3909235,32.28
1789834134.683786,33.49
1789834134.9773808,33.87
1789834135.2996974,33.17
1789834135.5991445,33.46
1789834135.8867884,35.20
1789834136.2091632,33.77
1789834136.5029233,34.21
1789834136.8250046,32.82
1789834137.1190398,33.65
1789834137.414281,33.92
1789834137.7371175,33.01
1789834138.029786,33.78
1789834138.3503816,32.39
1789834138.644143,33.46
1789834138.937109,33.92
1789834139.2597404,33.02
1789834139.554934,33.54
1789834139.8464181,34.52
1789834140.1691473,33.60
1789834140.4625463,33.92
1789834140.7850919,32.76
1789834141.0783389,33.66
1789834141.3716657,33.95
1789834141.694342,33.24
1789834141.9876597,33.83
1789834142.310846,32.45
1789834142.6037366,33.56
1789834142.8970368,33.91
1789834143.2212617,32.91
1789834143.5131495,33.74
1789834143.8065639,33.98
1789834144.1365395,33.94
1789834144.4291716,34.72
1789834144.7517376,33.29
1789834145.0383713,34.83
1789834145.3379278,34.39
1789834145.654322,33.84
1789834145.9476607,34.02
1789834146.2707624,32.65
1789834146.5636084,34.24
1789834146.8569143,34.17
1789834147.1797192,33.22
1789834147.4730313,33.81
1789834147.7960231,32.30
1789834148.088989,33.52
1789834150.8964376,30.84
1789834151.2189717,31.80
1789834151.512871,33.25
1789834151.80534,33.84
1789834152.1279862,33.28
1789834152.423064,33.63
1789834152.7439811,32.80
1789834153.0372894,33.67
1789834153.3321707,33.79
1789834153.654897,33.07
1789834153.9466376,33.82
1789834154.2692559,32.49
1789834154.5630856,33.49
1789834154.856046,33.91
1789834155.188967,32.12
1789834155.5100052,31.45
1789834155.8284373,31.43
1789834156.180845,30.73
1789834156.5008101,31.09
1789834156.8524382,30.09
1789834157.1501045,32.53
1789834157.4504979,33.08
1789834157.7661088,33.33
1789834158.059309,33.84
1789834158.382038,32.58
1789834158.6753645,33.57
1789834158.9685297,33.94
1789834159.2912135,33.15
1789834159.5850177,33.73
1789834159.9076629,32.19
1789834160.2006075,33.47
1789834160.4939566,33.93
1789834160.8166401,32.92
1789834161.110267,33.68
1789834161.4032512,33.99
1789834161.7262728,33.34
1789834162.0194802,33.83
1789834162.3418748,32.59
1789834162.6360264,33.49
1789834162.9290018,33.88
1789834163.2514431,33.19
1789834163.5447145,33.79
1789834163.8674376,32.48
1789834164.1607025,33.55
1789834164.453951,33.91
1789834164.776948,33.04
1789834165.0699027,33.75
1789834165.3636053,33.96
1789834165.6860297,33.41
1789834165.9794095,33.87
1789834166.3023782,32.75
1789834166.595289,33.68
1789834166.8885508,33.96
1789834167.2111962,33.23
1789834167.5043936,33.81
1789834167.8272994,32.45
1789834168.120512,33.54
1789834168.414514,33.83
1789834168.7367086,33.17
1789834169.0298612,33.80
1789834169.3528712,32.31
1789834169.6462533,33.45
1789834169.9391232,33.93
1789834170.2618177,32.92
1789834170.5551388,33.69
1789834170.848657,33.94
1789834171.171452,33.28
1789834171.4651842,33.77
1789834171.7871568,32.68
1789834172.0805328,33.61
1789834172.3737595,33.95
1789834172.6965826,33.15
1789834172.989809,33.78
1789834173.3124657,32.27
1789834173.606481,33.39
1789834173.8991833,33.88
1789834174.2239075,32.80
1789834174.5151122,33.76
1789834174.8096793,33.85
1789834175.1330216,33.17
1789834175.4244418,33.87
1789834175.7473705,32.81
1789834176.0406005,33.64
1789834176.334062,33.93
1789834176.6564436,33.28
1789834176.9500046,33.79
1789834177.2725785,32.47
1789834177.5657952,33.54
1789834177.8592384,33.91
1789834178.1816905,33.05
1789834178.475199,33.73
1789834178.7684674,33.98
1789834179.0912452,33.42
1789834179.3849316,33.84
1789834179.7074099,32.88
1789834180.0008965,33.64
1789834180.2936695,33.97
1789834180.6164932,33.37
1789834180.9102528,33.82
1789834181.248582,31.28
1789834181.5581317,32.01
1789834181.8664641,32.29
1789834182.2062624,31.50
1789834182.5156298,32.04
1789834182.8554604,30.64
1789834185.8201892,29.16
1789834186.1291387,31.29
1789834186.4688084,31.02
1789834186.7784314,31.85
1789834187.0869281,32.21
1789834187.426588,31.67
1789834187.7357955,32.11
1789834188.0754967,31.10
1789834188.3843963,31.96
1789834188.6931696,32.25
1789834189.0333557,31.56
1789834189.3421602,32.11
1789834189.6817882,30.84
1789834189.9906683,31.85
1789834190.299642,32.22
1789834190.6395109,31.38
1789834190.9560647,31.47
1789834191.2759585,31.34
1789834191.6250377,30.99
1789834191.91833,33.03
1789834192.2411673,32.51
1789834192.5344448,33.58
1789834192.8282275,33.90
1789834193.1504686,33.24
1789834193.4441812,33.76
1789834193.7663367,32.60
1789834194.0602095,33.57
1789834194.353487,33.93
1789834194.6759324,33.16
1789834194.969235,33.76
1789834195.2916873,32.31
1789834195.5870492,33.92
1789834195.8783097,34.13
1789834196.2011645,33.00
1789834196.494238,33.74
1789834196.7878435,33.96
1789834197.1102962,33.32
1789834197.4067888,35.10
1789834197.7265265,33.22
1789834198.019784,33.81
1789834198.3129513,34.01
1789834198.635835,33.20
1789834198.9289153,33.81
1789834199.2877212,30.58
1789834199.5451744,36.08
1789834199.8390656,34.81
1789834200.173088,32.81
1789834200.5152764,31.00
1789834200.8636622,30.90
1789834201.1490583,35.60
1789834201.4695508,32.80
1789834201.7339973,36.97
1789834202.029509,37.13
1789834202.3047557,40.17
1789834202.625007,35.60
1789834202.9186924,34.67
1789834203.2408946,32.92
1789834203.534223,33.69
1789834203.82765,33.97
1789834204.1509511,33.17
1789834204.443702,33.81
1789834204.7663038,32.61
1789834205.0602834,33.52
1789834205.3530264,33.92
1789834205.675619,33.05
1789834205.9694543,33.69
1789834206.2623305,33.99
1789834206.5848448,33.43
1789834206.8781514,33.88
1789834207.2011213,32.77
1789834207.4941392,33.66
1789834207.7876105,33.94
1789834208.1105866,33.17
1789834208.404165,33.74
1789834208.7264745,32.52
1789834209.019822,33.54
1789834209.3140514,33.81
1789834209.6360736,33.09
1789834209.9293504,33.72
1789834210.2517412,32.27
1789834210.5449903,33.47
1789834210.8381617,33.89
1789834211.1609213,32.88
1789834211.454296,33.67
1789834211.7479389,33.91
1789834212.071679,33.16
1789834212.3637033,33.82
1789834212.686119,32.64
1789834212.9796765,33.58
1789834213.272794,33.93
1789834213.595426,33.17
1789834213.8892174,33.77
1789834214.212251,32.27
1789834214.5051377,33.50
1789834214.7982368,33.90
1789834215.120856,33.03
1789834215.4145489,33.72
1789834215.7076137,34.00
1789834216.0302246,33.41
1789834216.323595,33.87
1789834216.646249,32.82
1789834216.9395702,33.66
1789834217.232878,33.97
1789834217.5554988,33.25
1789834217.848932,33.80
1789834220.7473285,30.23
1789834221.0407362,32.77
1789834221.3563879,31.98
1789834221.708343,30.66
1789834222.028094,31.09
1789834222.3482928,31.20
1789834222.700005,30.64
1789834223.0205805,31.00
1789834223.3724341,30.16
1789834223.6919687,30.93
1789834224.0121567,31.14
1789834224.3655818,30.40
1789834224.6844888,31.00
1789834225.036216,29.93
1789834225.3560677,30.81
1789834225.6761255,31.10
1789834226.0281644,30.38
1789834226.336624,31.94
1789834226.6589596,31.66
1789834226.9516804,33.30
1789834227.2449355,33.83
1789834227.5678282,32.87
1789834227.8610742,33.70
1789834228.1543822,34.00
1789834228.4770296,33.35
1789834228.7703707,33.84
1789834229.093305,32.75
1789834229.3864808,33.63
1789834229.6797297,33.94
1789834230.0023255,33.23
1789834230.2958405,33.78
1789834230.618475,32.42
1789834230.9118388,33.51
1789834231.2050834,33.91
1789834231.5283935,32.96
1789834231.8215744,33.71
1789834232.1143193,34.02
1789834232.4372709,33.39
1789834232.7303941,33.87
1789834233.0530593,32.78
1789834233.346521,33.62
1789834233.6397722,33.95
1789834233.9623783,33.25
1789834234.255673,33.82
1789834234.578427,32.69
1789834234.8719385,33.58
1789834235.1650887,33.93
1789834235.4877002,33.17
1789834235.7810743,33.79
1789834236.1038437,32.26
1789834236.3970213,33.46
1789834236.6907382,33.86
1789834237.0130968,32.92
1789834237.3064015,33.72
1789834237.5997515,33.96
1789834237.9223053,33.32
1789834238.2158082,33.82
1789834238.5384767,32.63
1789834238.8318224,33.58
1789834239.125032,33.95
1789834239.4475925,33.17
1789834239.7411244,33.78
1789834240.063986,32.43
1789834240.3569527,33.55
1789834240.650557,33.88
1789834240.9732106,32.99
1789834241.2665324,33.70
1789834241.5597394,33.97
1789834241.882583,33.40
1789834242.1758485,33.85
1789834242.4983711,32.77
1789834242.791578,33.64
1789834243.0850337,33.94
1789834243.407565,33.22
1789834243.7011945,33.76
1789834244.0236483,32.45
1789834244.3171206,33.50
1789834244.6110551,33.86
1789834244.932925,33.19
1789834245.226499,33.78
1789834245.5493512,32.63
1789834245.842216,35.01
1789834246.1355362,34.42
1789834246.4582396,33.13
1789834246.75228,34.01
1789834247.044882,34.25
1789834247.3675373,33.42
1789834247.6608121,33.88
1789834247.983573,32.63
1789834248.2771192,33.58
1789834248.5702157,33.94
1789834248.8929565,33.14
1789834249.1862779,33.77
1789834249.509021,32.24
1789834249.8022861,33.45
1789834250.0956972,33.90
1789834250.4182997,33.04
1789834250.7118099,33.70
1789834251.0048432,33.99
1789834251.327827,33.38
1789834251.621127,33.84
1789834251.9441147,32.78
1789834252.2367933,33.69
1789834252.5302014,33.99
1789834255.3216496,29.81
1789834255.614955,32.61
1789834255.9377806,32.02
1789834256.2316575,33.30
1789834256.5242772,33.86
1789834256.8496084,32.75
1789834257.169568,31.78
1789834257.4916759,31.25
1789834257.8415427,30.73
1789834258.1614757,31.09
1789834258.5138218,30.18
1789834258.833477,30.91
1789834259.1536715,31.13
1789834259.5057805,30.57
1789834259.8256125,31.04
1789834260.1776147,29.94
1789834260.4974635,30.82
1789834260.8082795,31.95
1789834261.1304514,32.54
1789834261.4242318,33.52
1789834261.746552,32.08
1789834262.04034,33.35
1789834262.333348,33.84
1789834262.6559322,32.89
1789834262.949864,34.25
1789834263.2424767,34.21
1789834263.565257,33.39
1789834263.8589027,33.83
1789834264.1827164,32.65
1789834264.4749203,34.42
1789834264.7680473,34.27
1789834265.0905893,33.36
1789834265.3839211,33.84
1789834265.706692,32.52
1789834266.00041,35.08
1789834266.3051686,33.42
1789834266.61615,34.34
1789834266.9090388,34.22
1789834267.202438,34.15
1789834267.5252187,33.46
1789834267.8186014,33.87
1789834268.1416068,32.74
1789834268.434503,34.17
1789834268.7278917,34.12
1789834269.0505269,33.35
1789834269.3440309,33.82
1789834269.6664326,32.65
1789834269.959768,33.62
1789834270.25317,33.93
1789834270.5760217,33.11
1789834270.8691626,33.77
1789834271.1921978,32.27
1789834271.4854279,33.45
1789834271.7785122,33.89
1789834272.101277,32.93
1789834272.3945894,33.69
1789834272.6877966,33.96
1789834273.0104501,33.31
1789834273.3043153,33.77
1789834273.6271334,32.54
1789834273.9198682,33.59
1789834274.2130642,33.95
1789834274.5361285,33.16
1789834274.8290608,33.81
1789834275.151638,32.48
1789834275.445635,33.48
1789834275.7383742,33.94
1789834276.0613718,33.00
1789834276.3543575,33.76
1789834276.647698,33.98
1789834276.9707456,33.40
1789834277.264058,35.43
1789834277.6103094,31.56
1789834277.8798711,36.74
1789834278.17308,35.03
1789834278.4962645,33.57
1789834278.7893195,33.92
1789834279.1142623,32.26
1789834279.4052935,33.56
1789834279.6984227,34.98
1789834280.0212464,33.39
1789834280.3143623,33.87
1789834280.6370335,32.31
1789834280.9307487,33.43
1789834281.2235785,33.91
1789834281.546269,32.91
1789834281.8396869,33.68
1789834282.1330826,33.94
1789834282.4556453,33.31
1789834282.7490225,33.84
1789834283.0715914,32.65
1789834283.3649979,33.60
1789834283.6584134,33.92
1789834283.9814022,33.10
1789834284.2742724,33.80
1789834284.5988371,32.21
1789834284.895155,33.11
1789834285.1973426,33.11
1789834285.5293283,32.16
1789834285.8312652,32.79
1789834286.1330297,33.02
1789834286.4652677,32.45
1789834286.767176,32.90
1789834287.0993905,31.83
1789834287.4011366,32.70
1789834290.1978927,31.03
1789834290.5299847,31.61
1789834290.8322215,32.57
1789834291.1639912,31.45
1789834291.4661922,32.53
1789834291.7684395,32.87
1789834292.1206136,30.91
1789834292.440214,31.20
1789834292.7602954,31.23
1789834293.112242,30.64
1789834293.432377,31.07
1789834293.784272,30.17
1789834294.1040816,30.90
1789834294.4242504,31.15
1789834294.776128,30.51
1789834295.0962527,30.99
1789834295.4297125,31.10
1789834295.723035,33.05
1789834296.0162697,33.75
1789834296.3389528,33.08
1789834296.6324973,33.72
1789834296.9558306,32.25
1789834297.2483568,33.51
1789834297.5416079,33.94
1789834297.86449,32.92
1789834298.1581807,33.64
1789834298.4510922,33.99
1789834298.7735214,33.35
1789834299.0670707,33.83
1789834299.3897147,32.77
1789834299.683099,33.63
1789834299.9762866,33.95
1789834300.2989845,33.23
1789834300.5921957,33.83
1789834300.9149625,32.47
1789834301.2089067,33.46
1789834301.5015872,33.92
1789834301.8242042,33.03
1789834302.1181722,33.71
1789834302.4113863,33.94
1789834302.7338128,33.39
1789834303.0274324,33.81
1789834303.3495522,32.80
1789834303.642855,33.66
1789834303.9366808,33.91
1789834304.259029,33.23
1789834304.552268,33.85
1789834304.8764236,32.88
1789834305.1713464,33.56
1789834305.4634697,33.92
1789834305.7846808,33.31
1789834306.0791478,33.76
1789834306.4004908,32.46
1789834306.6939058,33.63
1789834306.9876766,33.89
1789834307.3107955,32.86
1789834307.603418,33.84
1789834307.8969188,34.04
1789834308.2198849,33.40
1789834308.512241,34.05
1789834308.8348978,32.70
1789834309.1293993,33.66
1789834309.422715,34.17
1789834309.7460413,33.14
1789834310.039002,33.86
1789834310.3614109,32.41
1789834310.6554186,33.44
1789834310.9475088,34.03
1789834311.2719455,32.88
1789834311.5629356,33.90
1789834311.8564506,34.09
1789834312.1796734,33.39
1789834312.4721572,33.89
1789834312.7951136,32.77
1789834313.0881765,33.68
1789834313.3814852,33.96
1789834313.7042053,33.21
1789834313.9974349,33.81
1789834314.3200588,32.64
1789834314.61336,33.63
1789834314.9070835,33.90
1789834315.2293882,33.06
1789834315.522963,33.77
1789834315.8459547,32.26
1789834316.1388352,33.50
1789834316.4321854,33.90
1789834316.754754,32.90
1789834317.0487225,33.64
1789834317.3416557,33.99
1789834317.664215,33.35
1789834317.957942,33.83
1789834318.2805073,32.85
1789834318.5735765,33.68
1789834318.8684547,33.78
1789834319.189385,33.16
1789834319.4915726,33.09
1789834319.826154,31.32
1789834320.1303399,32.35
1789834320.4345634,32.71
1789834320.7691696,31.70
1789834321.0734212,32.47
1789834321.3793921,32.58
1789834321.712197,32.25
1789834322.0169678,32.65
1789834324.7933474,28.62
1789834325.097397,31.41
1789834325.401588,32.41
1789834325.736406,31.95
1789834326.0404499,32.58
1789834326.3790712,31.24
1789834326.69939,31.22
1789834327.0190613,31.26
1789834327.3713129,30.32
1789834327.6910975,30.94
1789834328.0109322,31.16
1789834328.3629508,30.63
1789834328.683034,31.04
1789834329.0350013,30.03
1789834329.3549466,30.85
1789834329.6772156,30.94
1789834329.9998238,32.28
1789834330.2941356,33.38
1789834330.615714,32.51
1789834330.9092193,33.57
1789834331.203804,34.61
1789834331.5259721,33.43
1789834331.8204463,33.79
1789834332.1411352,32.42
1789834332.444375,33.95
1789834332.735769,36.45
1789834333.0521414,35.06
1789834333.343855,36.07
1789834333.6370544,34.80
1789834333.9599762,33.61
1789834334.2531025,33.94
1789834334.5775506,33.41
1789834334.8788276,33.83
1789834335.1900492,34.65
1789834335.4854467,34.63
1789834335.779289,34.83
1789834336.1026576,33.17
1789834336.3945582,33.89
1789834336.6987216,34.36
1789834337.0232933,34.29
1789834337.3052433,35.51
1789834337.6017215,35.78
1789834337.921011,34.56
1789834338.2217295,36.42
1789834338.5356598,34.02
1789834338.8291223,34.09
1789834339.1225357,34.12
1789834339.4622636,32.51
1789834339.740542,35.47
1789834340.0646906,34.03
1789834340.3564465,34.61
1789834340.648802,34.49
1789834340.972022,33.29
1789834341.2676027,35.36
1789834341.5864685,33.09
1789834341.8810492,33.66
1789834342.1836705,34.81
1789834342.497415,34.70
1789834342.7913945,34.16
1789834343.0843832,34.20
1789834343.4165576,32.57
1789834343.700237,35.13
1789834344.0343032,32.25
1789834344.3199534,35.26
1789834344.6080115,35.07
1789834344.9374967,33.37
1789834345.2236025,34.32
1789834345.5472052,32.52
1789834345.8408136,33.53
1789834346.1420407,33.44
1789834346.457196,33.37
1789834346.7511406,34.04
1789834347.0438848,34.23
1789834347.366533,33.53
1789834347.6595106,33.99
1789834347.981867,32.78
1789834348.2864017,32.83
1789834348.5701845,34.29
1789834348.8969467,33.10
1789834349.1841428,34.19
1789834349.5131767,32.09
1789834349.7998338,34.34
1789834350.0931628,34.22
1789834350.4172268,32.94
1789834350.7089858,33.83
1789834351.0317063,32.27
1789834351.3289745,33.27
1789834351.618213,34.76
1789834351.9420302,33.22
1789834352.235384,33.76
1789834352.5285628,33.97
1789834352.856037,33.36
1789834353.1450746,34.17
1789834353.4672344,32.74
1789834353.780285,32.43
1789834354.0683434,34.21
1789834354.4064827,32.57
1789834354.7145855,32.53
1789834355.0538414,31.11
1789834355.3597991,32.11
1789834355.6672704,32.41
1789834356.006957,31.30
1789834356.3309731,32.84
1789834356.6244931,33.49
1789834356.9586978,32.28
1789834359.6688502,31.54
1789834360.00859,30.68
1789834360.3149374,32.15
1789834360.628533,32.00
1789834360.9687357,31.49
1789834361.2860482,31.99
1789834361.6453376,29.77
1789834361.9590192,31.32
1789834362.2859206,31.24
1789834362.6301792,30.64
1789834362.9518478,31.70
1789834363.2726917,31.32
1789834363.622438,30.79
1789834363.9422061,31.21
1789834364.2828503,30.88
1789834364.5752904,33.05
1789834364.8707485,33.55
1789834365.1938443,33.06
1789834365.4863596,33.72
1789834365.8076541,32.64
1789834366.1036506,33.43
1789834366.3938684,34.06
1789834366.718034,33.07
1789834367.0201197,34.47
1789834367.3327405,34.62
1789834367.6282108,34.23
1789834367.923262,33.88
1789834368.2427056,33.08
1789834368.5361438,33.73
1789834368.8287637,34.05
1789834369.1523247,33.87
1789834369.4490373,35.49
1789834369.7687838,33.31
1789834370.0613153,33.84
1789834370.3568366,33.86
1789834370.6767955,34.08
1789834370.9709098,34.13
1789834371.2937865,32.35
1789834371.586248,33.68
1789834371.8816335,33.78
1789834372.2033443,32.98
1789834372.4960105,33.80
1789834372.789406,34.02
1789834373.1136518,33.25
1789834373.405922,33.81
1789834373.7272203,32.82
1789834374.0220315,33.53
1789834374.3152983,33.85
1789834374.6390433,33.01
1789834374.931445,33.78
1789834375.2545094,32.51
1789834375.5479138,33.46
1789834375.840521,33.90
1789834376.1621966,33.21
1789834376.4567084,33.74
1789834376.7779949,32.29
1789834377.0746632,33.25
1789834377.365595,33.90
1789834377.6882396,32.98
1789834377.9806895,33.81
1789834378.2753422,33.98
1789834378.597989,33.38
1789834378.8908978,33.96
1789834379.2138667,32.61
1789834379.5071685,33.62
1789834379.8000364,34.10
1789834380.1238282,33.02
1789834380.417061,33.71
1789834380.7413404,32.12
1789834381.034399,33.31
1789834381.3256795,33.91
1789834381.647192,33.10
1789834381.9439774,33.53
1789834382.2345471,34.05
1789834382.5577798,33.35
1789834382.850968,33.81
1789834383.1744742,32.41
1789834383.467005,33.67
1789834383.7595031,35.21
1789834384.083745,33.46
1789834384.3803654,33.75
1789834384.7028792,32.19
1789834384.9976609,33.33
1789834385.2860076,34.07
1789834385.6073966,33.12
1789834385.9004285,33.80
1789834386.2235718,32.26
1789834386.516307,33.53
1789834386.8098574,34.26
1789834387.133747,33.45
1789834387.4300728,34.00
1789834387.7198708,34.81
1789834388.0416331,33.92
1789834388.3495774,33.28
1789834388.6833239,32.01
1789834388.9920628,32.69
1789834389.3315122,31.51
1789834389.6403613,32.96
1789834389.9553604,32.51
1789834390.2887464,31.17
1789834390.6018488,32.08
1789834390.9080591,32.30
1789834391.245895,31.41
1789834391.5548737,32.26
1789834394.2337787,30.80
1789834394.5756028,31.01
1789834394.892709,31.32
1789834395.2444985,30.15
1789834395.5644484,30.94
1789834395.8864412,30.98
1789834396.2364144,30.56
1789834396.5569193,31.04
1789834396.918108,28.79
1789834397.229432,31.81
1789834397.5682144,31.91
1789834397.9020407,31.93
1789834398.2277768,32.24
1789834398.5427654,32.67
1789834398.8667235,32.79
1789834399.1586518,33.70
1789834399.481155,32.66
1789834399.7744472,33.85
1789834400.0685422,33.94
1789834400.3898535,33.54
1789834400.6832495,34.05
1789834401.007918,32.52
1789834401.300661,33.50
1789834401.5929768,33.98
1789834401.9184942,33.50
1789834402.2209833,34.34
1789834402.5308046,33.55
1789834402.8257155,33.90
1789834403.1191335,34.03
1789834403.440886,33.07
1789834403.7534494,34.39
1789834404.0386584,36.69
1789834404.3621085,35.45
1789834404.661276,36.15
1789834404.9738846,34.91
1789834405.2698307,36.20
1789834405.5752964,35.92
1789834405.8819919,35.13
1789834406.168018,35.20
1789834406.490748,33.03
1789834406.7840822,33.72
1789834407.0773175,33.98
1789834407.3998818,33.07
1789834407.6944246,33.76
1789834407.9902644,33.74
1789834408.3102543,33.44
1789834408.6037786,33.91
1789834408.9256327,32.84
1789834409.2199972,33.64
1789834409.513241,33.94
1789834409.8357546,33.17
1789834410.129561,34.02
1789834410.4522507,32.43
1789834410.747448,33.43
1789834411.038284,34.00
1789834411.360731,33.33
1789834411.6533117,33.99
1789834411.9759536,32.42
1789834412.2702436,33.53
1789834412.5636482,33.86
1789834412.887402,32.84
1789834413.1792107,33.86
1789834413.4729853,34.14
1789834413.7974048,33.20
1789834414.0881274,34.21
1789834414.4130578,32.59
1789834414.7067401,33.55
1789834414.9975605,34.16
1789834415.3218021,33.05
1789834415.617443,33.52
1789834415.9358532,32.77
1789834416.2321548,33.53
1789834416.5243926,34.91
1789834416.846437,33.32
1789834417.1511066,34.48
1789834417.431933,36.76
1789834417.7544148,34.41
1789834418.0477855,34.25
1789834418.370628,32.89
1789834418.6644104,33.63
1789834418.9572685,33.96
1789834419.279886,33.25
1789834419.574615,33.66
1789834419.8958898,32.47
1789834420.189497,34.12
1789834420.4832292,34.04
1789834420.8050385,33.14
1789834421.100779,33.57
1789834421.4212506,32.37
1789834421.7156184,33.41
1789834422.0086305,33.88
1789834422.343213,32.06
1789834422.6255887,34.54
1789834422.9295995,33.53
1789834423.269013,32.12
1789834423.5767639,33.08
1789834423.9033418,32.34
1789834424.2140646,33.34
1789834424.5144014,35.83
1789834424.8470454,34.47
1789834425.1503682,33.48
1789834425.4840298,31.58
1789834425.7880402,32.54
1789834426.0927138,32.78
1789834428.8322582,30.20
1789834429.1562316,31.32
1789834429.4774647,31.17
1789834429.8318226,30.54
1789834430.163965,30.20
1789834430.509707,30.29
1789834430.8317165,30.80
1789834431.1542456,31.38
1789834431.5093846,30.34
1789834431.8311603,30.86
1789834432.1885252,29.35
1789834432.5105815,30.44
1789834432.8318107,30.90
1789834433.1678135,31.43
1789834433.4623148,33.25
1789834433.7556252,33.74
1789834434.0767775,33.50
1789834434.372586,33.64
1789834434.6943672,33.26
1789834434.9889956,34.09
1789834435.2795885,34.64
1789834435.6032276,33.45
1789834435.8955758,34.02
1789834436.2190123,32.62
1789834436.5134065,33.53
1789834436.8063688,33.87
1789834437.1377175,33.08
1789834437.433273,35.80
1789834437.7435539,35.98
1789834438.0369556,35.79
1789834438.3395264,35.27
1789834438.6621056,34.75
1789834438.9464967,35.66
1789834439.239201,34.75
1789834439.5631514,33.47
1789834439.8561368,33.97
1789834440.188129,32.69
1789834440.484177,35.27
1789834440.7775946,36.34
1789834441.0885725,36.05
1789834441.3818028,35.28
1789834441.705044,32.78
1789834441.9970624,33.77
1789834442.2909844,35.62
1789834442.6134758,33.52
1789834442.9070284,33.87
1789834443.2009733,33.94
1789834443.523584,33.28
1789834443.8176672,33.73
1789834444.138037,33.33
1789834444.4335504,33.66
1789834444.7259638,34.00
1789834445.0574455,33.20
1789834445.3533013,35.39
1789834445.6718102,34.22
1789834445.9692295,36.09
1789834446.2644928,36.75
1789834446.5761707,36.23
1789834446.8659046,35.05
1789834447.190732,32.80
1789834447.4841807,33.53
1789834447.7758844,34.08
1789834448.0996244,32.96
1789834448.3916538,33.80
1789834448.6861572,34.01
1789834449.00973,33.22
1789834449.3005025,33.93
1789834449.6232407,32.73
1789834449.9170742,33.60
1789834450.211004,34.00
1789834450.5329866,33.20
1789834450.8271015,33.71
1789834451.1486883,33.07
1789834451.450322,33.53
1789834451.7371025,34.25
1789834452.0581377,33.70
1789834452.3538918,33.78
1789834452.6534874,33.57
1789834452.976172,33.88
1789834453.2752678,35.70
1789834453.5832694,34.84
1789834453.8926623,34.41
1789834454.191451,36.12
1789834454.503282,35.25
1789834454.8008568,36.48
1789834455.1185064,34.40
1789834455.4127638,36.33
1789834455.7106717,36.41
1789834456.027356,34.91
1789834456.3134444,36.00
1789834456.6342542,34.46
1789834456.9368627,34.36
1789834457.2309337,35.19
1789834457.549333,34.03
1789834457.8430543,33.99
1789834458.146155,33.95
1789834458.47029,33.35
1789834458.7591836,36.36
1789834459.0879874,32.86
1789834459.3747034,34.13
1789834459.6697245,34.26
1789834459.9962692,32.98
1789834460.2950242,33.11
1789834460.6466663,30.50
1789834463.400225,28.15
1789834463.720654,30.13
1789834464.070829,29.91
1789834464.392479,30.67
1789834464.712931,30.99
1789834465.0638714,30.52
1789834465.3827739,31.14
1789834465.7365727,29.82
1789834466.0559702,30.81
1789834466.3744605,31.18
1789834466.7262304,30.50
1789834467.0463555,31.05
1789834467.3995261,29.66
1789834467.70075,32.98
1789834467.9955573,34.00
1789834468.3164907,33.01
1789834468.6107068,34.16
1789834468.8992295,34.65
1789834469.2218957,33.77
1789834469.5153015,34.02
1789834469.8383315,32.81
1789834470.1316867,33.66
1789834470.4262347,33.76
1789834470.747135,33.37
1789834471.0408921,33.88
1789834471.363397,32.71
1789834471.656812,33.66
1789834471.950436,33.92
1789834472.2718635,33.30
1789834472.5665839,34.56
1789834472.8875787,32.68
1789834473.1818955,33.61
1789834473.4751656,33.97
1789834473.8002803,32.68
1789834474.090324,33.84
1789834474.3850036,33.90
1789834474.7072673,33.28
1789834474.9995801,33.89
1789834475.3221834,32.74
1789834475.6176353,34.33
1789834475.908844,34.39
1789834476.231811,33.30
1789834476.5248406,33.84
1789834476.8507636,33.37
1789834477.143014,33.90
1789834477.4371667,33.93
1789834477.7585044,33.07
1789834478.0556145,33.38
1789834478.3454187,34.28
1789834478.6676354,33.39
1789834478.9597158,33.91
1789834479.2844532,33.38
1789834479.578093,33.76
1789834479.8797026,34.57
1789834480.1928477,34.90
1789834480.4871736,35.04
1789834480.8167088,32.65
1789834481.1123867,35.40
1789834481.3963306,35.19
1789834481.7357545,33.54
1789834482.0390298,34.03
1789834482.3329508,35.08
1789834482.627698,34.34
1789834482.928821,34.22
1789834483.2441242,33.93
1789834483.5354288,34.28
1789834483.8310485,33.97
1789834484.1530902,33.30
1789834484.445339,33.90
1789834484.7685182,32.69
1789834485.0607083,35.32
1789834485.355466,34.62
1789834485.6770508,33.56
1789834485.9760873,34.04
1789834486.2928655,33.71
1789834486.5936568,34.57
1789834486.879541,35.47
1789834487.2071924,33.78
1789834487.4954295,34.67
1789834487.788676,34.31
1789834488.1113439,33.52
1789834488.405068,33.86
1789834488.727446,32.78
1789834489.0212247,33.64
1789834489.3239503,33.88
1789834489.6382651,34.77
1789834489.9302552,34.52
1789834490.2616389,32.73
1789834490.5461802,34.98
1789834490.847743,35.02
1789834491.1633766,34.01
1789834491.4560392,34.11
1789834491.7577882,33.49
1789834492.0904942,32.63
1789834492.3939655,32.89
1789834492.7282438,31.80
1789834493.0275676,32.80
1789834493.3310766,32.92
1789834493.6630015,32.37
1789834493.9658089,32.87
1789834494.297798,31.71
1789834494.6020684,32.48
1789834494.9046638,32.81
1789834495.2358468,32.28
1789834495.5394046,32.76
1789834498.2930722,29.25
1789834498.613278,30.55
1789834498.9343116,30.94
1789834499.2863553,30.13
1789834499.6049685,31.00
1789834499.925848,31.16
1789834500.2770793,30.66
1789834500.5994794,30.88
1789834500.9497142,30.02
1789834501.269421,30.84
1789834501.5902762,31.09
1789834501.9388232,30.70
1789834502.2300904,33.11
1789834502.5536916,32.17
1789834502.8476663,33.34
1789834503.1402736,33.86
1789834503.4636002,32.90
1789834503.7553544,33.84
1789834504.0492556,34.01
1789834504.3727024,33.40
1789834504.664947,33.98
1789834504.9889371,32.64
1789834505.284293,33.38
1789834505.5757506,33.92
1789834505.8984003,33.29
1789834506.1921973,33.68
1789834506.5126283,32.68
1789834506.807256,33.52
1789834507.101704,33.79
1789834507.422049,33.26
1789834507.7162364,33.76
1789834508.0380857,32.35
1789834508.3323832,33.57
1789834508.6247525,34.11
1789834508.9486542,32.87
1789834509.2416399,33.69
1789834509.5353584,33.96
1789834509.8582268,33.30
1789834510.1499379,33.92
1789834510.4732866,32.62
1789834510.7701886,33.34
1789834511.0603704,34.11
1789834511.381901,33.41
1789834511.6763227,33.82
1789834512.0002465,32.25
1789834512.2930596,33.59
1789834512.5885391,33.79
1789834512.9080548,33.18
1789834513.2005382,33.90
1789834513.4947176,34.01
1789834513.8185182,33.34
1789834514.1118438,33.83
1789834514.434459,32.70
1789834514.7263017,33.79
1789834515.0203547,34.03
1789834515.343325,33.19
1789834515.636988,33.74
1789834515.9601288,32.22
1789834516.2519228,33.52
1789834516.5476682,34.48
1789834516.8791103,33.96
1789834517.1741378,35.80
1789834517.483572,35.69
1789834517.7863727,36.07
1789834518.0789776,36.59
1789834518.3929114,36.07
1789834518.6977413,36.13
1789834518.9908965,36.84
1789834519.303521,36.37
1789834519.5975156,34.81
1789834519.9205341,32.88
1789834520.2121155,33.96
1789834520.5069,33.94
1789834520.828658,33.17
1789834521.122006,33.81
1789834521.4550583,31.27
1789834521.8067484,29.78
1789834522.1642978,28.80
1789834522.521322,28.57
1789834522.883306,28.31
1789834523.187933,34.76
1789834523.4380493,38.39
1789834523.7314935,35.58
1789834524.0544245,33.92
1789834524.347378,34.10
1789834524.6700082,32.95
1789834524.98468,33.13
1789834525.2596834,35.26
1789834525.5804632,33.87
1789834525.9140759,31.40
1789834526.240014,33.43
1789834526.5138924,36.31
1789834526.8148463,35.22
1789834527.1990573,29.79
1789834527.6013634,27.27
1789834527.9224548,29.70
1789834528.2259758,34.00
1789834528.563454,31.09
1789834528.9310048,28.74
1789834529.2699027,30.39
1789834529.5183601,37.48
1789834529.8227804,34.47
1789834530.1263664,33.50
1789834532.8931737,30.22
1789834533.2555346,28.51
1789834533.5897272,31.21
1789834533.8916533,33.61
1789834534.2153587,33.30
1789834534.5665758,31.04
1789834534.8884645,31.06
1789834535.2102826,31.10
1789834535.5648935,30.44
1789834535.8863232,31.06
1789834536.2427168,29.93
1789834536.5438972,32.42
1789834536.8396664,33.42
1789834537.162159,33.02
1789834537.4546723,33.97
1789834537.7785475,32.54
1789834538.0698216,33.61
1789834538.3628263,34.02
1789834538.6866066,33.16
1789834538.9798293,33.82
1789834539.3010676,32.49
1789834539.5958405,33.50
1789834539.8902261,33.80
1789834540.2103357,33.09
1789834540.5053284,33.68
1789834540.7987955,33.88
1789834541.1211433,33.31
1789834541.4228609,33.12
1789834541.7366197,33.06
1789834542.0312073,33.65
1789834542.3221707,34.23
1789834542.6457112,33.32
1789834542.938662,33.91
1789834543.2739606,31.53
1789834543.6240127,30.01
1789834543.9703393,29.79
1789834544.3336737,30.21
1789834544.6777399,31.42
1789834544.9414127,37.06
1789834545.243319,35.26
1789834545.5231194,35.70
1789834545.8586097,35.06
1789834546.1377203,35.60
1789834546.4589906,33.36
1789834546.753374,33.92
1789834547.0465722,34.01
1789834547.3674977,33.27
1789834547.6610885,33.80
1789834547.983551,32.47
1789834548.2766678,33.58
1789834548.5702507,33.92
1789834548.8927655,33.05
1789834549.187342,33.62
1789834549.479771,33.99
1789834549.8020613,33.47
1789834550.0956893,33.86
1789834550.418302,32.73
1789834550.711491,33.66
1789834551.0062513,33.86
1789834551.3287718,33.14
1789834551.6214252,33.79
1789834551.945114,32.52
1789834552.2379336,33.64
1789834552.5318441,34.04
1789834552.8617344,32.70
1789834553.1469955,34.48
1789834553.4688406,32.88
1789834553.7622256,33.73
1789834554.0575757,33.82
1789834554.3802795,32.85
1789834554.6728897,34.46
1789834554.9659524,34.29
1789834555.2887769,33.36
1789834555.583121,33.76
1789834555.904023,32.70
1789834556.198702,33.51
1789834556.491174,33.90
1789834556.8136253,33.11
1789834557.1063697,34.29
1789834557.4293375,32.95
1789834557.7224374,33.74
1789834558.015363,35.09
1789834558.3380117,33.63
1789834558.6323826,33.86
1789834558.9256816,33.99
1789834559.247914,33.52
1789834559.5436244,33.76
1789834559.8653035,33.23
1789834560.1572285,33.91
1789834560.456182,33.60
1789834560.7810874,32.89
1789834561.0847623,34.45
1789834561.4053795,32.97
1789834561.7035358,33.35
1789834562.0015454,33.50
1789834562.333631,32.51
1789834562.62791,33.71
1789834562.9560544,33.43
1789834563.254055,33.50
1789834563.5526662,33.49
1789834563.8866448,31.90
1789834564.1962955,31.96
1789834564.5151935,31.77
1789834564.867363,31.50
1789834567.664894,28.98
1789834567.9858549,31.40
1789834568.2986972,31.72
1789834568.6201522,31.34
1789834568.9719648,30.47
1789834569.2911022,31.08
1789834569.642772,29.75
1789834569.9641027,30.68
1789834570.2826357,31.19
1789834570.6347213,30.25
1789834570.9521415,31.13
1789834571.2572768,32.16
1789834571.5972836,31.60
1789834571.9067266,32.06
1789834572.2456384,31.00
1789834572.549307,32.24
1789834572.8589165,32.36
1789834573.1961927,31.62
1789834573.5049734,32.14
1789834573.842263,30.89
1789834574.1513615,31.82
1789834574.4571807,32.47
1789834574.7946267,31.48
1789834575.1035671,32.11
1789834575.4111657,32.36
1789834575.7502995,31.79
1789834576.0569997,32.32
1789834576.3949924,31.17
1789834576.7040913,31.98
1789834577.0114021,32.30
1789834577.3503077,31.68
1789834577.655571,32.39
1789834577.9953976,31.11
1789834578.3034024,32.08
1789834578.610592,32.41
1789834578.9624765,30.55
1789834579.310303,29.39
1789834579.6901178,27.74
1789834580.0386386,28.35
1789834580.3868399,28.65
1789834580.7756631,27.91
1789834581.116387,30.55
1789834581.4700902,29.57
1789834581.8390613,30.27
1789834582.1868153,29.35
1789834582.57036,27.69
1789834582.916298,28.42
1789834583.2622783,29.20
1789834583.628687,29.35
1789834583.9471173,30.77
1789834584.3001416,29.53
1789834584.6202164,30.72
1789834584.951517,31.01
1789834585.2928922,31.53
1789834585.614118,31.23
1789834585.9314048,31.46
1789834586.2860258,30.54
1789834586.6051161,31.00
1789834586.9573758,29.98
1789834587.2780905,30.76
1789834587.5970457,31.09
1789834587.9471939,30.55
1789834588.2704976,30.78
1789834588.6236668,29.57
1789834588.9507148,31.18
1789834589.2619648,32.03
1789834589.612058,30.86
1789834589.9320972,31.12
1789834590.2829952,29.76
1789834590.6048615,30.59
1789834590.9251416,30.96
1789834591.2759,30.18
1789834591.5967872,30.83
1789834591.9151354,31.31
1789834592.272473,30.15
1789834592.5881221,31.15
1789834592.9389129,30.05
1789834593.2595866,31.02
1789834593.5790033,31.32
1789834593.9340258,30.20
1789834594.253861,30.79
1789834594.6045928,29.65
1789834594.9232354,30.88
1789834595.2440577,31.28
1789834595.5951724,30.38
1789834595.9182851,30.73
1789834596.2433054,32.15
1789834596.6136355,31.34
1789834596.9290364,33.14
1789834597.2716913,32.11
1789834597.599894,33.54
1789834597.901584,33.87
1789834598.2520363,31.30
1789834598.573793,31.20
1789834598.923633,29.83
1789834599.2452214,30.64
1789834599.5663486,30.91
1789834599.9160814,30.36
1789834600.2371771,30.85
1789834600.5871098,29.78
1789834600.9069505,30.90
1789834601.2351518,31.55
1789834601.580877,30.64
1789834601.9005196,31.19
1789834602.2219894,31.14
1789834602.5717192,30.71
1789834602.891212,31.18
1789834603.2131143,31.73
1789834603.5072563,33.30
1789834603.8002844,34.41
1789834604.1212475,33.59
1789834604.4259744,34.41
1789834604.7371805,34.55
1789834605.0318198,36.29
1789834605.3248966,35.46
1789834605.64715,33.55
1789834605.939631,34.11
1789834606.233251,34.33
1789834606.556655,33.50
1789834606.850086,34.00
1789834607.1740184,33.19
1789834607.4683366,33.75
1789834607.7594519,34.12
1789834608.0826263,33.19
1789834608.3775551,33.64
1789834608.698808,32.09
1789834608.9991302,32.78
1789834609.2916117,35.57
1789834609.6079128,33.91
1789834609.9030972,33.90
1789834610.193227,34.34
1789834610.5172765,33.47
1789834610.8156686,34.91
1789834611.1337411,33.21
1789834611.4271758,34.07
1789834611.7191951,34.18
1789834612.0424118,33.38
1789834612.3376937,33.76
1789834612.6578128,32.75
1789834612.9527009,33.55
1789834613.2443144,34.19
1789834613.567661,33.22
1789834613.8614671,34.36
1789834614.18254,34.67
1789834614.4820921,35.88
1789834614.774757,35.88
1789834615.0991101,34.00
1789834615.3849254,34.74
1789834615.6782787,34.35
1789834616.0108159,32.66
1789834616.294324,36.13
1789834616.6264234,33.05
1789834616.9118588,34.31
1789834617.2038095,34.31
1789834617.52677,33.16
1789834617.824998,33.29
1789834618.1431534,32.69
1789834618.4379973,33.50
1789834618.7294056,34.01
1789834619.052881,33.02
1789834619.3457177,33.79
1789834619.6401486,33.87
1789834619.9627848,33.21
1789834620.2550197,33.87
1789834620.5775638,32.75
1789834620.872738,33.43
1789834621.1650214,34.93
1789834621.4960647,32.79
1789834621.7819703,34.04
1789834622.1049078,32.06
1789834622.3975077,33.49
1789834622.6895168,33.96
1789834623.0134785,33.00
1789834623.3049266,33.82
1789834623.6276476,32.30
1789834623.9229941,33.28
1789834624.2147043,33.88
1789834624.536943,32.95
1789834624.8307798,33.65
1789834625.1235735,33.97
1789834625.4463685,33.36
1789834625.739659,33.86
1789834626.0623155,32.62
1789834626.3557184,33.60
1789834626.649045,33.93
1789834626.9716122,33.14
1789834627.2653244,33.79
1789834627.587977,32.53
1789834627.88296,33.35
1789834628.1743584,33.93
1789834628.4979923,32.88
1789834628.7916012,33.70
1789834629.0846083,34.77
1789834629.4069834,33.99
1789834629.7024312,33.91
1789834630.0522978,31.05
1789834630.371349,31.34
1789834630.6936712,31.33
1789834631.0435684,30.64
1789834631.3645325,31.04
1789834631.7170508,29.67
1789834632.036715,30.67
1789834632.3558319,31.21
1789834632.707452,30.33
1789834633.028569,30.86
1789834633.3796139,29.62
1789834633.6999476,30.71
1789834634.0208094,31.04
1789834634.372638,30.14
1789834634.70159,30.77
1789834635.0296662,31.00
1789834635.3773148,31.99
1789834635.6953259,33.49
1789834636.04669,31.75
1789834636.3712034,33.27
1789834636.6835713,34.17
1789834637.0390885,32.34
1789834637.350021,34.25
1789834637.699792,31.54
1789834638.019212,31.41
1789834638.3495505,31.41
1789834638.6966448,30.95
1789834639.0118117,32.13
1789834639.3317955,31.91
1789834639.6832123,30.96
1789834640.0040278,31.35
1789834640.3637903,29.36
1789834640.678377,31.35
1789834640.9954147,31.98
1789834641.3519092,30.65
1789834641.674689,30.65
1789834642.0277526,30.58
1789834642.3488693,31.20
1789834642.6743934,32.20
1789834643.0303712,31.48
1789834643.352796,33.31
1789834643.6761105,33.64
1789834644.0163305,33.39
1789834644.343775,33.36
1789834644.6887126,32.19
1789834645.0110996,33.26
1789834645.3306277,34.07
1789834645.6789677,33.01
1789834645.9871786,34.02
1789834646.3414953,30.84
1789834646.6762192,30.22
1789834646.9818463,32.05
1789834647.3319461,30.93
1789834647.6516967,31.20
1789834648.003432,30.21
1789834648.3267336,30.65
1789834648.656907,31.38
1789834648.996398,31.92
1789834649.3258743,31.34
1789834649.6361525,33.83
1789834649.9977362,32.59
1789834650.3298836,33.07
1789834650.6716,31.11
1789834650.9907808,32.58
1789834651.309603,34.63
1789834651.6608856,32.10
1789834651.9850957,33.63
1789834652.3337452,32.02
1789834652.6595647,33.44
1789834652.9634066,33.70
1789834653.3232691,31.12
1789834653.6543994,32.51
1789834653.9822881,33.25
1789834654.3185897,31.01
1789834654.651598,32.72
1789834654.9885805,32.13
1789834655.3146622,33.26
1789834655.6400545,33.45
1789834655.9848957,32.21
1789834656.304064,33.71
1789834656.6527762,31.43
1789834656.9744112,33.28
1789834657.2968535,34.03
1789834657.6497526,32.73
1789834657.973549,33.20
1789834658.3073559,33.34
1789834658.6412394,32.94
1789834658.9723535,33.06
1789834659.3125656,32.18
1789834659.6361935,33.33
1789834659.9538164,33.97
1789834660.294354,33.91
1789834660.6126997,32.22
1789834660.974723,29.70
1789834661.2846494,32.82
1789834661.6046817,31.78
1789834661.9572198,31.33
1789834662.288543,32.07
1789834662.6280205,32.64
1789834662.9477878,32.26
1789834663.2687407,31.56
1789834663.6212885,30.26
1789834666.3557172,29.02
1789834666.666141,31.78
1789834667.0182111,30.90
1789834667.3382697,31.15
1789834667.6904292,30.11
1789834668.0109434,30.84
1789834668.3301947,31.17
1789834668.6941226,30.34
1789834669.0190067,32.57
1789834669.36482,31.47
1789834669.6872942,32.98
1789834670.0062234,33.47
1789834670.354023,32.23
1789834670.6862502,32.51
1789834671.0184295,32.63
1789834671.352889,33.08
1789834671.65796,33.66
1789834672.0102365,30.99
1789834672.3304455,31.13
1789834672.6503918,31.63
1789834673.001065,31.34
1789834673.3220272,31.20
1789834673.6763031,29.84
1789834673.9933553,31.04
1789834674.315009,31.11
1789834674.6650918,30.56
1789834674.9861727,30.96
1789834675.340312,28.96
1789834675.7407262,26.56
1789834676.1365666,25.99
1789834676.522176,26.19
1789834676.9002576,26.66
1789834677.254047,28.98
1789834677.571622,32.82
1789834677.8722496,34.91
1789834678.1458719,37.48
1789834678.4377887,36.25
1789834678.7757642,32.52
1789834679.0711071,33.57
1789834679.368475,35.08
1789834679.6995587,32.87
1789834680.0034294,32.84
1789834680.3333783,31.59
1789834680.6327212,32.75
1789834680.9333804,33.07
1789834681.264685,32.10
1789834681.565257,32.87
1789834681.8661737,33.12
1789834682.1975477,32.54
1789834682.5251193,32.79
1789834682.8315012,33.84
1789834683.1300776,33.58
1789834683.431322,33.33
1789834683.762346,32.55
1789834684.0630457,33.01
1789834684.394503,31.74
1789834684.6948795,32.75
1789834684.9963384,33.03
1789834685.3268602,32.33
1789834685.6217492,33.40
1789834685.944062,32.17
1789834686.2377987,33.46
1789834686.530595,33.90
1789834686.85441,32.78
1789834687.147021,33.66
1789834687.4404097,33.98
1789834687.762575,33.41
1789834688.0558953,33.87
1789834688.3789766,32.66
1789834688.6801844,32.88
1789834688.9656587,34.98
1789834689.2895176,33.45
1789834689.5830584,33.80
1789834689.9067109,32.29
1789834690.2016616,33.23
1789834690.493085,33.83
1789834690.813902,33.01
1789834691.1075659,33.73
1789834691.401117,33.98
1789834691.7226813,34.19
1789834692.0163238,34.16
1789834692.3389118,32.86
1789834692.6443138,32.67
1789834692.9272957,34.24
1789834693.2502165,33.74
1789834693.5425985,35.64
1789834693.864782,33.16
1789834694.158224,33.80
1789834694.466216,35.09
1789834694.7750049,34.52
1789834695.0685725,34.22
1789834695.3894157,32.47
1789834695.6844244,33.90
1789834695.977949,34.00
1789834696.3103182,32.72
1789834696.5998333,34.93
1789834696.952953,30.81
1789834697.3502321,27.64
1789834697.6412833,34.58
1789834697.9151835,35.91
1789834698.2062666,34.86
1789834698.5141444,33.41
1789834700.5209658,33.28
1789834700.8212042,33.46
1789834701.1389525,33.15
1789834701.4304898,33.87
1789834701.7240438,34.02
1789834702.0482512,33.59
1789834702.3396392,34.39
1789834702.663121,32.75
1789834702.9559894,34.20
1789834703.2504642,34.01
1789834703.5738223,33.07
1789834703.8656712,33.80
1789834704.187916,32.30
1789834704.4903905,35.02
1789834704.7747743,35.70
1789834705.0993228,33.62
1789834705.3906393,34.03
1789834705.6837637,34.09
1789834706.0062122,34.04
1789834706.3035967,33.89
1789834706.6223059,33.19
1789834706.9161448,33.75
1789834707.2137365,33.53
1789834707.5317924,33.46
1789834707.8250651,34.21
1789834708.1476514,33.05
1789834708.4412496,33.91
1789834708.734662,34.38
1789834709.0571456,33.44
1789834709.3503833,36.51
1789834709.6435986,34.95
1789834709.9664726,33.74
1789834710.2598505,33.96
1789834710.583987,32.70
1789834710.879937,33.26
1789834711.173741,33.93
1789834711.4916625,33.63
1789834711.7904916,33.93
1789834712.1076708,32.99
1789834712.4012923,33.70
1789834712.6943266,33.97
1789834713.0174053,33.15
1789834713.310389,33.79
1789834713.6331165,32.28
1789834713.9263763,33.55
1789834714.2196786,33.92
1789834714.5426977,33.25
1789834714.8403733,33.67
1789834715.1289053,34.59
1789834715.4516306,33.69
1789834715.7451162,34.36
1789834716.0731804,32.47
1789834716.3610258,34.08
1789834716.6544487,34.34
1789834716.9833384,32.80
1789834717.270729,34.78
1789834717.5929577,32.82
1789834717.8910854,33.67
1789834718.1843555,34.21
1789834718.5033855,33.15
1789834718.8100014,35.38
1789834719.0889661,35.80
1789834719.4117522,34.79
1789834719.7049901,34.85
1789834720.028894,33.27
1789834720.3294888,33.37
1789834720.614599,34.54
1789834720.9388208,33.27
1789834721.2306707,33.89
1789834721.5582116,32.41
1789834721.8466594,34.04
1789834722.1400282,34.25
1789834722.4626188,33.27
1789834722.7556207,33.85
1789834723.0783644,32.32
1789834723.3741832,34.97
1789834723.6652703,34.51
1789834723.988273,33.08
1789834724.2813773,33.74
1789834724.5807767,33.60
1789834724.8971596,33.64
1789834725.190429,34.28
1789834725.5129738,33.34
1789834725.811698,33.73
1789834726.0999358,34.23
1789834726.4223456,33.38
1789834726.7157538,33.86
1789834727.0390174,32.60
1789834727.3502822,32.09
1789834727.6540532,32.77
1789834727.99739,31.27
1789834728.3093672,31.62
1789834728.6183224,31.92
1789834728.9615462,31.18
1789834729.2647607,32.79
1789834729.6066566,31.19
1789834729.915205,31.97
1789834730.2252946,32.17
1789834730.5660937,31.46
1789834730.8762236,31.97
1789834731.216662,30.72
1789834731.5334764,31.11
1789834731.837379,32.30
1789834732.1764982,31.48
1789834735.1118224,29.05
1789834735.4279141,31.27
1789834735.7635503,31.62
1789834736.086898,31.31
1789834736.433052,31.17
1789834736.7606177,30.98
1789834737.072884,31.88
1789834737.4249918,30.83
1789834737.7446733,31.13
1789834738.067525,31.63
1789834738.3605413,33.28
1789834738.6539671,33.83
1789834738.9959002,32.10
1789834739.2699783,34.71
1789834739.592917,32.59
1789834739.8860073,33.88
1789834740.1792426,34.03
1789834740.501956,32.98
1789834740.7953188,33.71
1789834741.088747,33.96
1789834741.4112468,33.33
1789834741.7046354,33.83
1789834742.0277488,32.75
1789834742.3205514,33.66
1789834742.6142085,33.96
1789834742.937174,33.78
1789834743.229963,34.01
1789834743.5526323,32.51
1789834743.8470566,33.41
1789834744.1393912,33.90
1789834744.4622333,33.34
1789834744.755578,34.07
1789834745.0581076,33.83
1789834745.3713512,33.72
1789834745.6646452,33.99
1789834745.993851,32.20
1789834746.2807949,34.24
1789834746.5798814,34.09
1789834746.896546,34.58
1789834747.1943383,34.39
1789834747.5124447,33.44
1789834747.8058279,33.98
1789834748.1338487,32.52
1789834748.4287434,33.62
1789834748.71514,35.41
1789834749.0379639,33.34
1789834749.3312368,34.49
1789834749.6247962,34.44
1789834749.9472342,33.10
1789834750.242004,33.95
1789834750.5340517,34.14
1789834750.8565423,33.38
1789834751.149769,34.71
1789834751.4725947,32.94
1789834751.7658732,34.22
1789834752.0591502,34.74
1789834752.3818045,34.05
1789834752.6751618,34.09
1789834752.9978886,33.86
1789834753.2911534,34.09
1789834753.5848014,34.09
1789834753.9075992,33.06
1789834754.2018023,34.85
1789834754.493825,34.76
1789834754.8164883,34.58
1789834755.1099415,34.28
1789834755.4324806,33.07
1789834755.7258763,34.08
1789834756.0191696,35.35
1789834756.341933,33.73
1789834756.6351445,33.98
1789834756.9577804,32.39
1789834757.2515879,33.46
1789834757.5448935,34.51
1789834757.8677483,33.69
1789834758.1623538,33.84
1789834758.4833179,32.42
1789834758.7765422,33.53
1789834759.0700502,33.88
1789834759.3924544,33.13
1789834759.6861756,33.98
1789834759.9793155,34.11
1789834760.3019657,33.43
1789834760.595166,33.88
1789834760.9180005,32.66
1789834761.212482,33.50
1789834761.50487,33.95
1789834761.8272939,33.13
1789834762.1206615,33.76
1789834762.4433746,32.27
1789834762.7372146,33.40
1789834763.0378475,33.15
1789834763.352477,33.50
1789834763.652181,33.76
1789834763.9393404,34.61
1789834764.2621827,33.85
1789834764.5554726,34.06
1789834764.8779368,32.91
1789834765.1714318,33.93
1789834765.4644372,34.10
1789834765.7871566,33.30
1789834766.0866485,33.43
1789834766.403359,32.63
1789834766.7024634,34.26
1789834766.9898453,35.16
1789834767.3125381,33.46
1789834770.3181489,33.00
1789834770.6250103,32.79
1789834770.9841404,31.99
1789834771.2897098,33.06
1789834771.640255,30.95
1789834771.9609468,31.10
1789834772.2814782,31.70
1789834772.6250613,31.41
1789834772.9139333,33.80
1789834773.2374516,32.55
1789834773.5311828,33.56
1789834773.829021,33.93
1789834774.1471612,34.25
1789834774.4480453,34.91
1789834774.7617047,33.96
1789834775.0601494,34.47
1789834775.360132,33.89
1789834775.6783519,33.28
1789834776.0553095,30.54
1789834776.4106705,29.18
1789834776.70894,33.05
1789834776.9906237,35.36
1789834777.2577026,37.50
1789834777.5482655,35.72
1789834777.8431542,34.95
1789834778.1643023,34.24
1789834778.4707522,33.27
1789834778.7844098,33.71
1789834779.0819418,33.62
1789834779.3829815,34.49
1789834779.6927407,34.65
1789834779.9842494,34.34
1789834780.3067484,32.55
1789834780.604523,33.23
1789834780.8942018,34.14
1789834781.2229571,33.05
1789834781.5198774,36.02
1789834781.802453,37.28
1789834782.131445,34.53
1789834782.4183567,34.78
1789834782.742856,34.02
1789834783.0333395,34.70
1789834783.326731,34.39
1789834783.649965,33.49
1789834783.9426143,33.93
1789834784.2691011,32.91
1789834784.5599823,33.89
1789834784.8524995,34.23
1789834785.1820846,32.70
1789834785.4698682,34.03
1789834785.7911174,32.35
1789834786.0932248,33.63
1789834786.378142,34.69
1789834786.7005596,33.33
1789834786.9994178,34.16
1789834787.2871056,34.44
1789834787.6097577,33.49
1789834787.902799,35.44
1789834788.2255113,33.46
1789834788.5187938,33.91
1789834788.8121214,34.04
1789834789.1349196,33.26
1789834789.4281554,33.82
1789834789.7511685,32.47
1789834790.0442004,33.63
1789834790.3377175,33.92
1789834790.6620033,33.87
1789834790.9537003,34.11
1789834791.2490077,33.98
1789834791.5758815,33.27
1789834791.8686442,35.22
1789834792.1858227,33.71
1789834792.479345,33.95
1789834792.772199,34.08
1789834793.1026304,32.53
1789834793.3883123,34.42
1789834793.712335,32.68
1789834794.004411,34.38
1789834794.2976005,34.40
1789834794.6200993,33.29
1789834794.9135852,33.85
1789834795.2361112,32.46
1789834795.5294423,33.84
1789834795.8229043,34.32
1789834796.1495078,32.85
1789834796.4453113,33.72
1789834796.7320964,34.36
1789834797.0550258,33.45
1789834797.3483467,33.86
1789834797.6736238,32.41
1789834797.9641376,34.00
1789834798.2575262,34.06
1789834798.581308,33.14
1789834798.8734024,33.85
1789834799.1960294,32.52
1789834799.4894266,33.55
1789834799.7827468,33.91
1789834800.1054866,33.06
1789834800.3988833,33.75
1789834800.692029,33.98
1789834801.0147252,33.49
1789834801.30799,33.90
1789834801.6310906,32.77
1789834801.9251468,33.54
1789834802.2201633,33.67
1789834805.2986357,32.40
1789834805.5918376,33.54
1789834805.9187124,32.10
1789834806.2377658,31.58
1789834806.557846,31.37
1789834806.9095328,30.49
1789834807.2295856,30.99
1789834807.5569334,31.11
1789834807.8507788,33.00
1789834808.1436396,33.82
1789834808.467496,32.73
1789834808.7596602,33.68
1789834809.0530937,33.97
1789834809.3754814,33.44
1789834809.6688857,33.98
1789834809.992681,32.64
1789834810.2874212,33.54
1789834810.5794168,34.05
1789834810.9009624,33.33
1789834811.1951954,33.77
1789834811.517169,32.36
1789834811.8103702,33.55
1789834812.1039758,33.97
1789834812.4264338,33.01
1789834812.719567,33.73
1789834813.0132,33.98
1789834813.3355246,33.44
1789834813.6287937,33.90
1789834813.9514446,32.84
1789834814.2448785,33.67
1789834814.5389838,33.87
1789834814.8607802,33.25
1789834815.1543956,33.80
1789834815.4767945,32.49
1789834815.7701936,33.63
1789834816.0635014,33.98
1789834816.3862364,33.06
1789834816.6795242,33.74
1789834816.9729595,34.03
1789834817.2954495,33.44
1789834817.5889177,33.86
1789834817.911544,32.97
1789834818.2049844,33.71
1789834818.498182,33.98
1789834818.8210118,33.31
1789834819.1146321,33.97
1789834819.436922,32.69
1789834819.7302408,33.63
1789834820.027819,33.50
1789834820.3464174,33.30
1789834820.639478,34.11
1789834820.9621518,32.39
1789834821.255594,33.51
1789834821.548975,33.90
1789834821.8718948,32.86
1789834822.1647568,33.70
1789834822.4599192,33.76
1789834822.7865386,33.04
1789834823.0791662,33.65
1789834823.3980825,32.94
1789834823.690435,33.78
1789834823.9843733,33.91
1789834824.3062685,33.26
1789834824.599583,33.86
1789834824.922219,32.43
1789834825.2192452,33.13
1789834825.5110893,33.76
1789834825.8319774,33.06
1789834826.1261811,33.72
1789834826.4181643,34.92
1789834826.747551,33.10
1789834827.0439277,34.76
1789834827.3654099,33.79
1789834827.6502776,34.88
1789834827.9435122,34.39
1789834828.2664135,33.35
1789834828.5596128,33.92
1789834828.883984,32.43
1789834829.1762645,33.57
1789834829.4695477,33.95
1789834829.793381,33.14
1789834830.0871065,33.63
1789834830.4081304,32.33
1789834830.703498,33.25
1789834830.994134,33.97
1789834831.318781,32.70
1789834831.610147,33.71
1789834831.9036324,33.99
1789834832.226158,33.34
1789834832.5195053,33.87
1789834832.8422453,32.66
1789834833.1356366,33.62
1789834833.4288278,33.96
1789834833.7585175,32.48
1789834834.0448782,33.99
1789834834.3675537,32.57
1789834834.6625326,33.39
1789834834.9543169,33.95
1789834835.298919,32.75
1789834835.5704484,35.74
1789834835.8635519,35.12
1789834836.1862016,33.83
1789834836.479632,34.00
1789834836.809326,32.19
1789834837.0956933,34.08
1789834840.1865635,31.53
1789834840.5084422,32.43
1789834840.8017006,33.54
1789834841.1256108,32.33
1789834841.445722,33.39
1789834841.7657485,32.00
1789834842.1172647,30.74
1789834842.4123065,32.73
1789834842.7332513,31.86
1789834843.033213,32.69
1789834843.3199713,34.40
1789834843.6425614,33.09
1789834843.9358327,33.81
1789834844.2296367,33.99
1789834844.5519116,33.39
1789834844.8452837,33.92
1789834845.168145,32.64
1789834845.4613101,33.65
1789834845.762726,33.21
1789834846.0773947,33.37
1789834846.3723752,33.67
1789834846.6934035,32.33
1789834846.986702,33.58
1789834847.2799923,33.91
1789834847.602601,33.07
1789834847.8961403,33.72
1789834848.1895013,34.26
1789834848.5119262,33.53
1789834848.8052294,33.94
1789834849.1282175,32.77
1789834849.4215553,33.64
1789834849.7158132,33.84
1789834850.037503,33.19
1789834850.332152,33.65
1789834850.6530907,32.51
1789834850.9479425,33.39
1789834851.2398932,33.93
1789834851.5626156,32.96
1789834851.8559122,33.71
1789834852.1495302,33.93
1789834852.4719949,33.58
1789834852.7723353,33.29
1789834853.0881157,33.09
1789834853.3811722,33.79
1789834853.6748073,34.01
1789834853.9970772,33.42
1789834854.2904582,33.89
1789834854.6131208,32.65
1789834854.9077277,33.47
1789834855.1999316,33.94
1789834855.5226762,33.14
1789834855.8159661,33.77
1789834856.1385612,32.28
1789834856.431858,33.49
1789834856.725177,33.92
1789834857.0478134,32.92
1789834857.3411887,33.72
1789834857.6344645,33.97
1789834857.9571726,33.50
1789834858.2514842,33.80
1789834858.5731466,32.87
1789834858.8669107,33.71
1789834859.159853,34.06
1789834859.483451,33.19
1789834859.7767932,33.77
1789834860.1006386,32.36
1789834860.3920174,33.58
1789834860.6851947,33.94
1789834861.0080962,33.25
1789834861.301394,33.80
1789834861.59465,34.01
1789834861.9180827,33.31
1789834862.21117,33.93
1789834862.533389,32.71
1789834862.8266401,33.63
1789834863.1201277,34.01
1789834863.4434137,33.20
1789834863.7364001,33.79
1789834864.0602522,32.43
1789834864.3518553,33.65
1789834864.6450968,33.96
1789834864.9677558,33.16
1789834865.2611823,33.87
1789834865.5839021,32.34
1789834865.877179,33.52
1789834866.1705596,33.89
1789834866.493234,32.89
1789834866.786463,33.69
1789834867.0802023,33.92
1789834867.4043345,33.12
1789834867.6957083,34.10
1789834868.0208168,32.50
1789834868.3125606,34.00
1789834868.6067724,34.24
1789834868.928971,33.06
1789834869.2227433,33.74
1789834869.5438612,32.58
1789834869.8485773,33.43
1789834870.1369731,36.62
1789834870.4567642,33.93
1789834870.7466156,34.30
1789834871.0409257,34.16
1789834871.3638344,33.38
1789834871.6566818,33.92
1789834871.97939,32.75
1789834872.2718668,33.82
1789834875.4150026,32.22
1789834875.7373736,32.64
1789834876.0572715,31.65
1789834876.4080985,30.09
1789834876.7264595,30.93
1789834877.044872,31.34
1789834877.3663778,32.13
1789834877.6591241,33.43
1789834877.9821472,32.24
1789834878.277272,33.30
1789834878.5677066,34.04
1789834878.8930898,32.76
1789834879.1841247,34.13
1789834879.477133,34.19
1789834879.7996364,33.40
1789834880.093091,33.85
1789834880.4156337,32.64
1789834880.7094176,33.60
1789834881.002862,33.90
1789834881.3250577,33.16
1789834881.6247928,33.16
1789834881.9414005,32.44
1789834882.2342744,33.58
1789834882.5281568,34.14
1789834882.8588126,32.93
1789834883.1436322,34.23
1789834883.4369485,34.19
1789834883.7597253,33.52
1789834884.0534856,33.85
1789834884.3756027,32.80
1789834884.6690297,33.65
1789834884.962794,33.92
1789834885.2851944,33.28
1789834885.5783749,33.82
1789834885.9010177,32.47
1789834886.1962311,33.39
1789834886.4938378,33.93
1789834886.8103898,33.90
1789834887.103782,34.02
1789834887.397005,34.32
1789834887.7200613,33.52
1789834888.0144658,33.77
1789834888.3356755,32.96
1789834888.629681,33.67
1789834888.9245427,33.83
1789834889.2457645,33.30
1789834889.539527,33.85
1789834889.867041,32.15
1789834890.1543818,33.77
1789834890.4477808,34.14
1789834890.7704687,33.33
1789834891.0652947,33.69
1789834891.3863943,32.27
1789834891.679697,33.50
1789834891.9741485,33.78
1789834892.2973812,32.76
1789834892.590779,33.55
1789834892.8854058,33.72
1789834893.2062993,33.25
1789834893.4986665,33.89
1789834893.8210382,32.83
1789834894.1146727,33.70
1789834894.4076848,33.99
1789834894.732134,33.26
1789834895.0238833,33.98
1789834895.3480136,32.35
1789834895.6403012,33.60
1789834895.93397,33.87
1789834896.2560759,33.15
1789834896.5505729,33.77
1789834896.842637,34.08
1789834897.1654882,33.40
1789834897.458684,33.86
1789834897.7827733,32.54
1789834898.07425,33.89
1789834898.367973,34.09
1789834898.6905384,33.33
1789834898.9850037,33.76
1789834899.306505,32.66
1789834899.600565,33.55
1789834899.893082,33.97
1789834900.2167532,33.08
1789834900.5092468,33.79
1789834900.8318384,32.29
1789834901.1261659,33.35
1789834901.4187608,33.92
1789834901.7410448,33.11
1789834902.0353937,33.73
1789834902.3369045,34.40
1789834902.651952,34.40
1789834902.9438727,34.63
1789834903.2663698,32.94
1789834903.5598638,33.68
1789834903.8532293,33.94
1789834904.175949,33.14
1789834904.4689448,33.83
1789834904.7920077,32.54
1789834905.0867898,33.38
1789834905.38516,33.91
1789834905.701108,33.25
1789834905.9943302,33.81
1789834906.2877796,34.05
1789834906.6103961,33.43
1789834906.903646,33.88
1789834907.2266216,32.73
1789834910.3378277,30.54
1789834910.6313655,32.85
1789834910.954067,32.83
1789834911.247947,33.57
1789834911.571796,32.20
1789834911.8862622,31.93
1789834912.1783028,33.54
1789834912.5016468,32.76
1789834912.7940826,33.69
1789834913.1166801,32.36
1789834913.4101996,33.51
1789834913.7051418,33.73
1789834914.0264468,33.02
1789834914.3197534,33.83
1789834914.6129003,34.38
1789834914.9353788,33.49
1789834915.2308533,33.69
1789834915.5513673,32.70
1789834915.8676233,32.55
1789834916.2042556,31.74
1789834916.5344598,32.77
1789834916.8160949,36.13
1789834917.0987759,36.18
1789834917.4090092,36.45
1789834917.6640067,38.92
1789834917.9875376,34.49
1789834918.2902663,33.44
1789834918.6333084,30.88
1789834918.9793432,29.74
1789834919.2824478,34.08
1789834919.5422807,37.19
1789834919.8351738,35.14
1789834920.128586,34.39
1789834920.450024,33.56
1789834920.7433355,33.92
1789834921.0658152,32.71
1789834921.359798,33.56
1789834921.652929,34.17
1789834921.9753652,33.22
1789834922.2687051,33.99
1789834922.591695,32.37
1789834922.8851037,33.83
1789834923.1780849,34.06
1789834923.5007713,32.94
1789834923.7957342,33.62
1789834924.087361,34.03
1789834924.4100943,33.48
1789834924.7032874,33.90
1789834925.0259087,32.77
1789834925.3199878,33.56
1789834925.6150649,33.68
1789834925.9354637,33.24
1789834926.2286835,33.84
1789834926.5512118,32.51
1789834926.8448453,33.57
1789834927.1379638,33.92
1789834927.4618535,32.92
1789834927.7542033,33.73
1789834928.0473232,33.99
1789834928.3735888,33.07
1789834928.6633525,34.04
1789834928.9867842,32.99
1789834929.2792957,33.90
1789834929.5748646,33.85
1789834929.8953345,33.36
1789834930.1974268,33.08
1789834930.5119107,32.92
1789834930.8076513,33.77
1789834931.0979815,34.78
1789834931.420924,33.48
1789834931.7140288,33.90
1789834932.0367072,32.37
1789834932.330303,33.54
1789834932.623466,33.96
1789834932.9465098,32.88
1789834933.23933,33.82
1789834933.5326548,34.01
1789834933.8554308,33.32
1789834934.1488316,34.25
1789834934.4716804,32.89
1789834934.7672465,33.84
1789834935.0580027,34.15
1789834935.3813632,33.23
1789834935.6741786,33.80
1789834935.9967256,32.44
1789834936.2899902,33.71
1789834936.5833359,34.00
1789834936.9059398,33.23
1789834937.1996903,34.39
1789834937.49257,34.28
1789834937.8153641,33.65
1789834938.108554,34.46
1789834938.4312332,33.16
1789834938.7338526,33.02
1789834939.0181994,34.80
1789834939.3406084,33.56
1789834939.6343014,34.01
1789834939.957531,32.64
1789834940.2506297,33.64
1789834940.5451488,33.99
1789834940.8663707,33.33
1789834941.1611357,33.78
1789834941.482249,32.54
1789834941.7768142,33.45
1789834942.071088,33.68
1789834942.3919325,32.90
1789834945.5997274,31.23
1789834945.921382,31.19
1789834946.275674,30.47
1789834946.6053553,31.38
1789834946.937091,32.00
1789834947.2310436,33.38
1789834947.5233145,33.95
1789834947.8469872,33.04
1789834948.1398606,33.73
1789834948.4623725,32.45
1789834948.7564373,33.43
1789834949.0488195,33.93
1789834949.3741844,32.82
1789834949.6664536,33.65
1789834949.9594243,33.92
1789834950.2823265,33.30
1789834950.5738268,33.93
1789834950.8982034,32.68
1789834951.191015,33.57
1789834951.4832072,34.10
1789834951.8059254,33.29
1789834952.1052134,33.26
1789834952.4218063,32.93
1789834952.7151258,33.69
1789834953.008397,34.03
1789834953.331233,33.06
1789834953.62466,33.73
1789834953.947119,32.31
1789834954.240711,33.46
1789834954.5374236,33.53
1789834954.856394,33.13
1789834955.149962,33.77
1789834955.443313,34.10
1789834955.7666585,33.29
1789834956.0592263,33.91
1789834956.3834012,33.02
1789834956.6754155,33.83
1789834956.969248,33.96
1789834957.2915676,33.27
1789834957.584489,33.85
1789834957.9071536,32.31
1789834958.2005327,33.47
1789834958.4938066,33.91
1789834958.8167708,32.90
1789834959.1098702,33.88
1789834959.4033985,34.02
1789834959.7259588,33.47
1789834960.0212214,33.67
1789834960.3423936,32.89
1789834960.635186,33.72
1789834960.9284682,33.97
1789834961.2512548,33.33
1789834961.5447316,33.87
1789834961.8673885,32.47
1789834962.160901,33.52
1789834962.4543047,33.92
1789834962.777075,32.99
1789834963.06987,33.74
1789834963.363529,33.97
1789834963.6862144,33.38
1789834963.9793031,33.87
1789834964.3036225,32.62
1789834964.5951242,33.68
1789834964.8885808,33.98
1789834965.2132316,33.10
1789834965.5046098,33.84
1789834965.8272269,32.63
1789834966.120453,33.60
1789834966.4141526,34.01
1789834966.7364938,33.28
1789834967.030113,33.85
1789834967.3527002,32.36
1789834967.6461353,33.48
1789834967.9405556,33.75
1789834968.2618806,32.93
1789834968.555269,33.71
1789834968.8485327,34.06
1789834969.171153,33.36
1789834969.4647644,33.82
1789834969.7875926,32.72
1789834970.0806267,33.64
1789834970.37417,33.94
1789834970.7182794,31.80
1789834971.01958,32.96
1789834971.3423688,32.14
1789834971.6359975,33.37
1789834971.928929,33.92
1789834972.2523875,33.00
1789834972.544889,33.87
1789834972.838376,34.00
1789834973.1608808,33.42
1789834973.4550064,33.77
1789834973.7768443,32.86
1789834974.07031,34.41
1789834974.36573,34.06
1789834974.6863132,33.36
1789834974.979466,33.86
1789834975.3022597,32.64
1789834975.5958853,33.58
1789834975.888934,33.94
1789834976.2115722,33.14
1789834976.5058615,33.71
1789834976.8277016,32.32
1789834977.121296,33.49
1789834977.414278,33.92
1789834977.736792,32.96
1789834980.909021,31.82
1789834981.2287211,31.37
1789834981.5848167,30.47
1789834981.8945532,31.86
1789834982.2256792,31.43
1789834982.5294514,32.32
1789834982.8276148,33.04
1789834983.1626947,32.09
1789834983.4596672,33.14
1789834983.7907836,31.76
1789834984.0934746,32.58
1789834984.3927894,33.09
1789834984.7238672,32.33
1789834985.0300314,32.43
1789834985.3266723,33.16
1789834985.6569846,32.60
1789834985.9605224,32.77
1789834986.2895017,32.32
1789834986.5901692,33.00
1789834986.8918884,33.26
1789834987.2227328,32.50
1789834987.532002,32.76
1789834987.8634245,32.80
1789834988.1585143,35.00
1789834988.461843,36.18
1789834988.794768,34.11
1789834989.0888722,33.97
1789834989.4197412,31.79
1789834989.721858,32.66
1789834990.0159683,33.48
1789834990.3370895,32.87
1789834990.6300857,33.71
1789834990.932197,33.21
1789834991.2458856,33.66
1789834991.5393097,34.17
1789834991.8621101,32.73
1789834992.155283,33.64
1789834992.4485822,33.97
1789834992.7757742,32.70
1789834993.0646281,34.02
1789834993.3894157,32.41
1789834993.6806793,33.65
1789834993.9738524,33.98
1789834994.2970164,32.91
1789834994.5898829,33.74
1789834994.8835933,33.96
1789834995.2059674,33.42
1789834995.5042512,33.36
1789834995.8222675,32.99
1789834996.1150522,33.75
1789834996.4086356,34.00
1789834996.7349598,32.88
1789834997.0245345,33.92
1789834997.3471997,32.53
1789834997.643143,33.29
1789834997.936157,33.70
1789834998.256598,33.06
1789834998.5500317,33.72
1789834998.843512,34.06
1789834999.1659384,33.50
1789834999.4594254,33.87
1789834999.7820144,32.80
1789835000.075453,33.65
1789835000.3685782,33.98
1789835000.6911829,33.31
1789835000.9869258,33.58
1789835001.308373,32.55
1789835001.6012192,33.55
1789835001.894578,33.89
1789835002.2167573,33.14
1789835002.5099308,33.81
1789835002.8325722,32.29
1789835003.12594,33.49
1789835003.4191954,33.90
1789835003.7420487,32.95
1789835004.038466,33.44
1789835004.3286653,34.02
1789835004.6513615,33.36
1789835004.9446278,33.85
1789835005.2675605,32.64
1789835005.5607598,33.63
1789835005.8540285,34.06
1789835006.1767313,33.33
1789835006.4703517,33.81
1789835006.7932699,33.62
1789835007.0860102,33.97
1789835007.3809664,34.02
1789835007.7023673,33.20
1789835007.9951596,33.87
1789835008.2895057,34.02
1789835008.6123512,33.41
1789835008.904786,33.96
1789835009.2274153,34.11
1789835009.520801,34.10
1789835009.814028,34.09
1789835010.1389332,33.13
1789835010.4299536,33.89
1789835010.75253,32.68
1789835011.0459466,33.62
1789835011.3391492,33.94
1789835011.6618516,33.17
1789835011.9570773,33.59
1789835012.2780485,32.31
1789835012.5711935,33.49
1789835012.8647323,33.87
1789835015.7428994,30.27
1789835016.05829,31.09
1789835016.3711352,31.88
1789835016.6937265,32.68
1789835016.9876516,33.62
1789835017.309771,32.60
1789835017.6033883,33.55
1789835017.8965786,33.94
1789835018.2197068,33.09
1789835018.5124965,33.78
1789835018.835205,32.45
1789835019.1283891,33.56
1789835019.421722,33.93
1789835019.7445142,33.12
1789835020.0378358,33.77
1789835020.3309999,34.03
1789835020.653765,33.43
1789835020.9470344,33.87
1789835021.2697344,32.80
1789835021.5630834,33.65
1789835021.8564422,33.97
1789835022.1805565,33.10
1789835022.4727545,33.78
1789835022.7986836,32.13
1789835023.0922287,33.24
1789835023.3820984,34.03
1789835023.7044659,33.11
1789835023.9983358,33.74
1789835024.3203537,32.32
1789835024.6138532,33.48
1789835024.9072604,34.44
1789835025.229957,33.27
1789835025.525303,33.67
1789835025.8228476,33.45
1789835026.1400843,33.73
1789835026.4326315,34.04
1789835026.774482,31.17
1789835027.050521,34.54
1789835027.3483324,34.68
1789835027.6648252,34.06
1789835027.9658535,33.41
1789835028.2804155,33.56
1789835028.5760922,33.75
1789835028.8670259,34.27
1789835029.1922047,32.81
1789835029.4832828,34.30
1789835029.7768378,34.23
1789835030.099024,34.42
1789835030.3992379,33.59
1789835030.7153242,33.16
1789835031.0084155,33.86
1789835031.3018582,34.03
1789835031.6246285,33.25
1789835031.917782,33.84
1789835032.240364,32.46
1789835032.5338235,33.53
1789835032.828198,33.81
1789835033.1498585,33.02
1789835033.443413,33.71
1789835033.737164,33.93
1789835034.0590646,33.45
1789835034.352691,33.87
1789835034.6754777,32.75
1789835034.9684203,33.65
1789835035.2617085,33.96
1789835035.5844042,33.31
1789835035.8776786,33.83
1789835036.2004328,32.61
1789835036.493734,33.61
1789835036.7874515,33.90
1789835037.1098528,33.13
1789835037.403174,33.77
1789835037.7269113,32.29
1789835038.0194643,33.50
1789835038.3124754,33.90
1789835038.6352258,32.89
1789835038.9285686,33.71
1789835039.2217495,33.99
1789835039.544567,33.33
1789835039.8381047,33.79
1789835040.160512,33.10
1789835040.4537864,33.78
1789835040.747405,33.97
1789835041.069819,33.25
1789835041.3630748,33.83
1789835041.6857917,32.46
1789835041.9796102,33.48
1789835042.2724357,33.97
1789835042.59509,33.09
1789835042.8889291,33.70
1789835043.1817045,33.99
1789835043.5167289,32.41
1789835043.7979083,34.44
1789835044.1224556,32.74
1789835044.415397,33.59
1789835044.7080104,33.93
1789835045.034513,33.09
1789835045.325219,33.79
1789835045.6460419,32.66
1789835045.9411297,33.41
1789835046.2323365,34.02
1789835046.555277,33.16
1789835046.8492057,33.72
1789835047.171195,32.30
1789835047.4643996,33.48
1789835047.7579858,33.89
1789835050.9688282,30.92
1789835051.2884214,31.20
1789835051.5875387,32.59
1789835051.9204426,32.09
1789835052.2211401,32.86
1789835052.5531874,31.78
1789835052.855398,32.66
1789835053.1608865,32.67
1789835053.489804,32.22
1789835053.790699,32.86
1789835054.1227264,31.54
1789835054.424729,32.57
1789835054.7265952,32.94
1789835055.0585592,32.09
1789835055.3603034,32.81
1789835055.6621041,33.06
1789835055.9941573,32.50
1789835056.2961478,32.90
1789835056.6280582,32.00
1789835056.930643,32.66
1789835057.231555,33.08
1789835057.563611,32.34
1789835057.8659327,32.85
1789835058.1975732,31.59
1789835058.5002236,32.57
1789835058.8049216,32.61
1789835059.133791,32.11
1789835059.4294784,33.30
1789835059.7519553,32.15
1789835060.045239,33.43
1789835060.338801,33.86
1789835060.661929,32.86
1789835060.9546506,33.74
1789835061.2505198,33.77
1789835061.5707574,33.36
1789835061.8640218,33.93
1789835062.1871145,32.59
1789835062.4835994,33.23
1789835062.7754169,34.49
1789835063.0960104,33.43
1789835063.3896418,33.97
1789835063.712324,32.50
1789835064.005607,33.54
1789835064.3007762,33.69
1789835064.6215327,33.85
1789835064.914837,34.02
1789835065.208447,34.04
1789835065.53084,33.51
1789835065.8244586,33.90
1789835066.1470017,32.85
1789835066.440179,33.75
1789835066.7335231,33.99
1789835067.0562284,33.24
1789835067.3495357,33.82
1789835067.671986,32.41
1789835067.9653394,33.53
1789835068.2586749,33.93
1789835068.5817692,32.95
1789835068.8747513,33.72
1789835069.1683724,33.93
1789835069.4906554,33.40
1789835069.7839892,33.86
1789835070.1086538,32.57
1789835070.4004574,33.64
1789835070.693754,33.92
1789835071.0159955,33.41
1789835071.309487,33.85
1789835071.6320717,32.64
1789835071.925357,33.62
1789835072.2190201,33.92
1789835072.542038,33.06
1789835072.8346505,33.77
1789835073.1575289,32.27
1789835073.4507673,33.46
1789835073.744086,33.88
1789835074.0667017,32.94
1789835074.3600514,33.69
1789835074.6534774,33.97
1789835074.9764745,33.28
1789835075.2692752,33.85
1789835075.5919704,32.69
1789835075.8862367,33.58
1789835076.178697,33.98
1789835076.5014381,33.23
1789835076.7947445,33.83
1789835077.1173975,32.52
1789835077.410645,33.57
1789835077.704226,33.89
1789835078.026862,33.01
1789835078.3201263,33.73
1789835078.613756,33.93
1789835078.9360552,33.39
1789835079.230794,33.72
1789835079.5521472,32.81
1789835079.8454146,33.66
1789835080.138858,33.99
1789835080.461499,33.30
1789835080.7549517,33.81
1789835081.0774522,32.49
1789835081.370928,33.53
1789835081.6640768,33.91
1789835081.9867706,33.11
1789835082.2801552,33.75
1789835082.6030903,32.26
1789835082.8962224,33.47
1789835085.8516169,32.10
1789835086.174093,32.28
1789835086.467898,33.43
1789835086.76203,33.76
1789835087.0834322,33.31
1789835087.3771992,33.78
1789835087.6997144,32.59
1789835087.9927163,33.59
1789835088.2861664,33.92
1789835088.6116364,32.86
1789835088.9024148,33.82
1789835089.2248127,32.32
1789835089.5182571,33.49
1789835089.8117363,33.87
1789835090.134217,33.05
1789835090.4274595,33.76
1789835090.7207882,34.07
1789835091.0436213,33.44
1789835091.3368216,33.91
1789835091.6597066,32.80
1789835091.9531457,33.65
1789835092.2461035,33.96
1789835092.5688086,33.25
1789835092.8648596,33.51
1789835093.1850774,32.47
1789835093.4784327,33.55
1789835093.77142,33.96
1789835094.0941272,33.05
1789835094.3875847,33.72
1789835094.710378,32.27
1789835095.0034413,33.48
1789835095.2967806,33.93
1789835095.6197453,32.93
1789835095.912807,33.71
1789835096.2062743,33.95
1789835096.528928,33.31
1789835096.823798,33.69
1789835097.1450012,32.65
1789835097.4380622,33.61
1789835098.4026499,25.88
1789835098.9403877,26.33
1789835099.269038,29.90
1789835099.621502,29.55
1789835100.0038154,28.00
1789835100.4155724,26.60
1789835100.7949953,27.01
1789835101.1889167,26.81
1789835101.5682855,27.18
1789835101.921346,28.66
1789835102.2726576,29.22
1789835102.654125,28.40
1789835103.0178056,28.44
1789835103.384214,28.27
1789835103.796277,27.30
1789835104.2123675,26.86
1789835104.6250677,26.71
1789835105.032022,27.09
1789835105.4407494,27.00
1789835105.8381047,27.90
1789835106.2177315,28.58
1789835106.624082,27.43
1789835107.0132713,27.55
1789835107.3697302,28.62
1789835107.7059796,31.43
1789835108.0073454,33.81
1789835108.3113909,34.02
1789835108.643703,33.31
1789835108.9523375,34.12
1789835109.2515235,35.19
1789835109.5508974,35.09
1789835109.8571591,34.42
1789835110.1752262,34.03
1789835110.5116904,33.11
1789835110.8040884,35.22
1789835111.1899023,29.85
1789835111.6361408,25.99
1789835112.0841017,25.03
1789835112.545582,22.88
1789835112.90657,27.39
1789835113.2484589,29.36
1789835113.5959823,29.75
1789835113.9734318,28.72
1789835114.3288522,29.48
1789835114.7026432,28.96
1789835115.1042142,27.74
1789835115.508498,27.23
1789835115.972716,23.86
1789835116.3837452,25.73
1789835116.7611537,27.57
1789835117.1216826,28.67
1789835117.476413,28.99
1789835117.829442,29.25
1789835121.0650396,31.15
1789835121.3561158,34.40
1789835121.659383,34.17
1789835121.9605565,34.84
1789835122.3446188,30.87
1789835122.684402,31.63
1789835123.057282,30.51
1789835123.3993797,32.26
1789835123.6941407,34.58
1789835124.0081398,33.74
1789835124.3037136,34.90
1789835124.625598,34.57
1789835124.9291096,35.11
1789835125.2242851,35.06
1789835125.5289257,35.03
1789835125.827175,35.09
1789835126.213938,31.16
1789835126.5339978,31.81
1789835126.8903723,30.11
1789835127.2580223,28.88
1789835127.6535914,28.60
1789835127.9941354,30.89
1789835128.3708754,29.07
1789835128.7378895,28.54
1789835129.0923874,29.39
1789835129.455199,29.42
1789835129.793054,30.11
1789835130.17212,29.12
1789835130.517958,29.71
1789835130.8655362,29.73
1789835131.2597792,28.03
1789835131.6059456,29.33
1789835131.9424462,30.29
1789835132.290144,29.96
1789835132.635224,30.23
1789835132.982917,30.14
1789835133.3355737,29.70
1789835133.6754618,30.22
1789835134.0233924,29.86
1789835134.3707144,29.89
1789835134.672925,33.34
1789835134.9671457,35.30
1789835135.2691565,35.14
1789835135.5712483,35.03
1789835135.877259,34.79
1789835136.3037548,29.55
1789835136.701954,28.77
1789835137.0494168,29.58
1789835137.3889287,30.17
1789835137.7383766,29.55
1789835138.0774307,30.30
1789835138.4117992,30.70
1789835138.7603226,30.29
1789835139.104493,30.02
1789835139.4446692,30.39
1789835139.7996283,29.68
1789835140.1628613,29.18
1789835140.5173476,29.09
1789835140.8629076,29.77
1789835141.2088227,30.04
1789835141.5903854,28.78
1789835141.9441864,29.44
1789835142.2908719,29.78
1789835142.629938,30.33
1789835142.9769838,30.07
1789835143.3426297,29.19
1789835143.6960495,29.52
1789835144.0375726,30.19
1789835144.3895836,29.63
1789835144.739074,29.71
1789835145.0925045,29.53
1789835145.447752,29.23
1789835145.8114672,28.86
1789835146.1723108,29.18
1789835146.5183437,29.75
1789835146.8690984,29.46
1789835147.2144525,29.88
1789835147.5796046,28.74
1789835147.9246688,29.31
1789835148.2581167,30.44
1789835148.5929086,30.92
1789835148.9254544,31.12
1789835149.2711992,30.18
1789835149.6290874,29.30
1789835149.9806387,29.54
1789835150.3405156,29.00
1789835150.7014368,28.67
1789835151.0831292,27.43
1789835151.424012,29.29
1789835151.7701306,29.70
1789835152.1252785,29.47
1789835152.4727612,29.64
1789835152.8264713,29.26
1789835155.958427,27.11
1789835156.3099122,28.68
1789835156.6654909,28.97
1789835157.020161,29.19
1789835157.3640888,29.62
1789835157.719776,29.54
1789835158.0675714,29.87
1789835158.3979073,30.82
1789835158.7400148,30.22
1789835159.0837529,30.18
1789835159.443215,29.30
1789835159.8587613,27.01
1789835160.244414,26.99
1789835160.63922,26.49
1789835161.0507138,25.56
1789835161.4389176,26.46
1789835161.8123672,27.53
1789835162.1865914,27.51
1789835162.5612876,27.64
1789835162.9659948,26.36
1789835163.3534606,26.74
1789835163.7524676,27.04
1789835164.096819,29.06
1789835164.460632,29.20
1789835164.8382883,28.69
1789835165.181741,29.62
1789835165.5195315,30.12
1789835165.8645525,29.93
1789835166.2149408,29.40
1789835166.563899,29.39
1789835166.9178154,29.61
1789835167.2596896,29.99
1789835167.6084197,29.87
1789835168.0130692,27.69
1789835168.3740523,28.31
1789835168.73132,28.89
1789835169.084056,29.25
1789835169.4331286,29.71
1789835169.7904134,29.09
1789835170.1353874,29.95
1789835170.4872026,29.61
1789835170.8397627,29.32
1789835171.189821,29.54
1789835171.5421062,29.72
1789835171.906008,29.15
1789835172.264149,29.10
1789835172.6158996,29.31
1789835172.967602,29.54
1789835173.3150856,29.63
1789835173.6629806,29.91
1789835174.0200844,29.36
1789835174.3621576,30.11
1789835174.7187939,29.52
1789835175.0685403,29.60
1789835175.4221764,29.49
1789835175.776839,29.37
1789835176.1243277,29.73
1789835176.468789,29.96
1789835176.8162649,29.82
1789835177.179701,29.15
1789835177.5304775,29.37
1789835177.8871155,29.18
1789835178.240882,29.22
1789835178.5996659,28.85
1789835178.9529264,29.11
1789835179.3089554,29.00
1789835179.6665306,29.00
1789835180.0118997,29.85
1789835180.3591125,29.72
1789835180.725355,28.99
1789835181.081402,29.24
1789835181.4336767,29.27
1789835181.7910378,29.22
1789835182.1492598,29.16
1789835182.5021787,29.29
1789835182.8436687,30.07
1789835183.1898468,29.96
1789835183.5327096,30.14
1789835183.8772109,29.92
1789835184.221848,29.95
1789835184.567416,29.94
1789835184.9192824,29.63
1789835185.2620506,29.94
1789835185.6168535,29.38
1789835185.968799,29.47
1789835186.3485212,28.44
1789835186.7120814,28.27
1789835187.0737429,28.78
1789835187.425643,29.21
1789835187.7807438,28.96
1789835190.681134,26.89
1789835191.0357094,28.42
1789835191.4011433,28.60
1789835191.7610586,28.75
1789835192.1100516,29.48
1789835192.4719572,28.59
1789835192.8230994,29.24
1789835193.183847,28.99
1789835193.539238,29.10
1789835193.9024856,28.43
1789835194.2672067,28.48
1789835194.618543,29.10
1789835194.9704037,29.13
1789835195.3151345,29.68
1789835195.6710274,29.38
1789835196.0192919,29.86
1789835196.37433,29.58
1789835196.7289999,29.34
1789835197.0801792,29.64
1789835197.4614983,28.04
1789835197.8456202,27.24
1789835198.2432704,26.62
1789835198.595492,28.17
1789835198.9396064,29.49
1789835199.2823625,30.29
1789835199.6359212,29.68
1789835199.987789,29.90
1789835200.3382287,29.77
1789835200.6918507,29.77
1789835201.0438895,29.62
1789835201.3998346,29.36
1789835201.7540421,29.11
1789835202.1232734,28.49
1789835202.4837472,28.67
1789835202.8491404,28.40
1789835203.1990743,29.25
1789835203.55703,29.23
1789835203.9113085,29.28
1789835204.2664924,29.27
1789835204.623348,29.21
1789835204.9835932,29.06
1789835205.3364253,29.35
1789835205.6859298,29.61
1789835206.0426772,29.33
1789835206.3948164,29.33
1789835206.7473593,29.64
1789835207.0979118,29.43
1789835207.4426224,29.88
1789835207.7900622,29.95
1789835208.1395142,29.85
1789835208.486363,29.89
1789835208.845774,29.19
1789835209.1941013,29.69
1789835209.5495524,29.48
1789835209.9003584,29.41
1789835210.2532299,29.43
1789835210.6068587,29.29
1789835210.9587216,29.37
1789835211.3026195,29.96
1789835211.6515028,30.06
1789835212.0007472,29.84
1789835212.3523576,29.51
1789835212.7372777,28.59
1789835213.0983005,29.00
1789835213.455039,28.92
1789835213.8012538,29.51
1789835214.1542068,29.24
1789835214.501784,29.64
1789835214.857436,29.26
1789835215.2109034,29.47
1789835215.5592952,29.78
1789835215.924878,29.19
1789835216.2640185,30.10
1789835216.6164463,29.61
1789835216.972778,29.63
1789835217.326101,29.66
1789835217.681318,29.35
1789835218.039311,28.99
1789835218.3974543,29.10
1789835218.7592673,28.82
1789835219.1166725,29.10
1789835219.4569294,29.86
1789835219.833714,29.28
1789835220.1769187,30.10
1789835220.521592,29.89
1789835220.8705971,29.77
1789835221.2406237,28.84
1789835221.6406572,28.01
1789835221.9935708,29.04
1789835222.347284,29.24
1789835222.7121527,28.77
1789835225.901554,27.60
1789835226.241268,29.32
1789835226.580012,30.31
1789835226.9241443,30.17
1789835227.27663,29.93
1789835227.6306076,29.61
1789835227.9757106,29.77
1789835228.3489616,28.50
1789835228.747381,27.02
1789835229.1407652,26.62
1789835229.525305,26.93
1789835229.9175494,26.65
1789835230.3024364,26.95
1789835230.6870089,26.91
1789835231.0653534,27.23
1789835231.4471545,27.12
1789835231.8488317,26.57
1789835232.2255218,27.58
1789835232.594163,27.94
1789835232.9865847,27.05
1789835233.3561924,28.05
1789835233.712294,29.10
1789835234.0685709,29.23
1789835234.421632,29.29
1789835234.778308,29.06
1789835235.1266336,29.64
1789835235.4777179,29.59
1789835235.8318453,29.49
1789835236.1924798,28.87
1789835236.5500894,28.95
1789835236.907254,28.98
1789835237.2486691,29.79
1789835237.6019497,29.21
1789835237.9667866,29.01
1789835238.3217595,29.20
1789835238.6728923,29.56
1789835239.023965,29.62
1789835239.420371,28.00
1789835239.785912,28.87
1789835240.1290965,29.67
1789835240.478574,29.87
1789835240.8183608,30.21
1789835241.1705792,29.38
1789835241.5156085,29.74
1789835241.8829443,28.97
1789835242.2422001,28.72
1789835242.6030083,28.63
1789835242.9641495,28.66
1789835243.3221505,28.65
1789835243.686749,28.39
1789835244.0439718,28.80
1789835244.4066877,28.64
1789835244.7656407,28.52
1789835245.126477,28.58
1789835245.4911368,28.37
1789835245.8615704,28.14
1789835246.2224789,28.44
1789835246.5776231,29.13
1789835246.9334097,29.04
1789835247.294551,28.65
1789835247.6480992,29.30
1789835248.003964,29.17
1789835248.3564498,29.45
1789835248.712083,29.23
1789835249.1790268,24.46
1789835249.6904135,21.39
1789835250.1475077,23.61
1789835250.4960568,27.68
1789835250.8477647,28.86
1789835251.1979856,29.49
1789835251.5595593,29.20
1789835251.9003565,30.04
1789835252.2414932,30.07
1789835252.5949624,29.70
1789835252.9582682,29.15
1789835253.3044403,29.52
1789835253.6577516,29.31
1789835254.0301476,29.13
1789835254.3785017,29.55
1789835254.7329698,29.48
1789835255.0798595,29.78
1789835255.4347837,29.34
1789835255.7876227,29.51
1789835256.1360538,29.74
1789835256.4922302,29.30
1789835256.840323,29.83
1789835257.1911328,29.59
1789835257.5406184,29.72
1789835257.8933017,29.45
1789835260.736653,28.25
1789835261.0857718,29.10
1789835261.4349432,29.24
1789835261.782731,29.61
1789835262.1307366,29.76
1789835262.4966104,29.11
1789835262.8498893,29.28
1789835263.1996698,29.50
1789835263.5551002,29.37
1789835263.8964496,30.04
1789835264.2420564,30.09
1789835264.5874214,29.88
1789835264.9405258,29.68
1789835265.2855935,29.93
1789835265.6385937,29.51
1789835265.986271,29.86
1789835266.3355017,29.85
1789835266.6818612,29.93
1789835267.0619824,27.93
1789835267.4452443,27.38
1789835267.8471725,27.27
1789835268.1979148,28.90
1789835268.5671573,29.02
1789835268.9224973,29.38
1789835269.273643,29.43
1789835269.6292567,29.34
1789835269.9764295,29.54
1789835270.327495,29.23
1789835270.6798768,29.33
1789835271.0283277,29.39
1789835271.3753393,29.66
1789835271.7350483,29.09
1789835272.089488,29.25
1789835272.44821,29.33
1789835272.791417,29.92
1789835273.1516993,29.62
1789835273.4963894,29.91
1789835273.8347504,30.44
1789835274.1838322,30.00
1789835274.5384328,29.25
1789835274.8885071,29.39
1789835275.2390554,29.41
1789835275.5874674,29.61
1789835275.9529705,29.32
1789835276.2896433,30.18
1789835276.6577394,29.17
1789835277.0172617,29.48
1789835277.3561764,30.15
1789835277.7090435,29.57
1789835278.059719,29.39
1789835278.4022818,29.85
1789835278.7515326,29.85
1789835279.0959914,30.08
1789835279.4380233,30.29
1789835279.8118958,28.80
1789835280.1664617,29.42
1789835280.5170262,29.70
1789835280.8698597,29.52
1789835281.2149737,29.81
1789835281.560079,30.10
1789835281.9167671,29.54
1789835282.2694323,29.35
1789835282.621218,29.40
1789835282.9696844,29.57
1789835283.3226607,29.40
1789835283.6748452,29.44
1789835284.0239112,29.71
1789835284.369281,30.19
1789835284.7114713,30.34
1789835285.0700743,29.06
1789835285.4245114,29.22
1789835285.7717948,29.61
1789835286.125823,29.37
1789835286.4747374,29.62
1789835286.8227947,29.84
1789835287.174718,29.44
1789835287.5330446,29.14
1789835287.892573,29.17
1789835288.2344973,30.00
1789835288.5790174,29.93
1789835288.9299128,29.67
1789835289.28413,29.35
1789835289.6314743,29.78
1789835289.9839568,29.52
1789835290.3396218,29.22
1789835290.695798,29.31
1789835291.054809,28.79
1789835291.4126234,28.93
1789835291.757599,29.60
1789835292.112294,29.54
1789835292.4737327,29.15
1789835295.658813,27.07
1789835296.01215,28.49
1789835296.3717818,28.73
1789835296.723563,29.26
1789835297.0803494,29.29
1789835297.4338408,29.34
1789835297.8219268,27.64
1789835298.1966283,27.68
1789835298.578016,27.39
1789835298.9609902,27.12
1789835299.33961,27.26
1789835299.720143,27.29
1789835300.1072268,27.06
1789835300.4906533,26.93
1789835300.874158,27.24
1789835301.2556224,27.30
1789835301.628979,27.65
1789835302.0068257,27.27
1789835302.386512,27.37
1789835302.7462595,28.42
1789835303.1030202,28.61
1789835303.4545045,29.34
1789835303.8081188,29.29
1789835304.1569498,29.56
1789835304.5270095,28.68
1789835304.8721673,29.44
1789835305.218452,29.63
1789835305.559392,30.03
1789835305.907095,30.02
1789835306.2328856,31.85
1789835306.5300422,34.32
1789835306.8391426,33.91
1789835307.1377733,34.80
1789835307.437971,35.06
1789835307.7396917,34.91
1789835308.0376592,35.34
1789835308.334531,35.37
1789835308.6396997,34.71
1789835308.9459689,34.62
1789835309.2491024,34.76
1789835309.5537264,34.61
1789835309.8545685,34.82
1789835310.158019,35.01
1789835310.4627798,34.63
1789835310.762143,34.92
1789835311.0802565,33.76
1789835311.3895063,34.04
1789835311.693248,34.41
1789835311.9909856,35.50
1789835312.2916152,35.18
1789835312.5988543,34.08
1789835312.9069686,34.08
1789835313.2203171,33.64
1789835313.5121553,35.37
1789835313.8162987,34.78
1789835314.1261797,33.64
1789835314.4224737,34.84
1789835314.7187178,35.49
1789835315.0391953,33.86
1789835315.3363748,35.00
1789835315.6398928,35.13
1789835315.9486172,34.92
1789835316.2513444,35.20
1789835316.560315,33.98
1789835316.8886793,33.56
1789835317.1915536,34.71
1789835317.4935613,34.91
1789835317.7999578,34.64
1789835318.1116383,34.35
1789835318.4306474,34.74
1789835318.7282698,34.76
1789835319.0226865,35.31
1789835319.3857312,31.03
1789835319.7463832,29.70
1789835320.1127925,29.06
1789835320.4589207,29.61
1789835320.8054447,29.83
1789835321.1606042,29.52
1789835321.5076222,29.80
1789835321.8523827,30.11
1789835322.2003963,29.92
1789835322.5500484,30.06
1789835322.899412,29.83
1789835323.254923,29.67
1789835323.6103034,29.38
1789835323.9628844,29.34
1789835324.317727,29.40
1789835324.669308,29.39
1789835325.0163722,29.73
1789835325.3719714,29.46
1789835325.7190275,29.89
1789835326.0686944,29.77
1789835326.425091,29.26
1789835326.783129,29.08
1789835327.1310732,29.59
1789835327.481874,29.71
1789835330.2684834,27.33
1789835330.6164796,28.87
1789835330.9753246,28.59
1789835331.3347085,28.78
1789835331.6922967,28.83
1789835332.049397,29.05
1789835332.4017255,29.39
1789835332.749709,29.64
1789835333.1037562,29.50
1789835333.452457,29.51
1789835333.799595,29.63
1789835334.15821,29.16
1789835334.509703,29.06
1789835334.8607183,29.50
1789835335.2000287,30.19
1789835335.5505545,29.75
1789835335.8963816,29.92
1789835336.266819,28.50
1789835336.6516397,27.46
1789835337.0356677,27.34
1789835337.3904188,28.78
1789835337.7371416,29.41
1789835338.0874364,29.54
1789835338.4370084,29.95
1789835338.786308,29.73
1789835339.1349587,29.78
1789835339.485666,29.53
1789835339.8324263,29.86
1789835340.1841092,29.58
1789835340.5354445,29.54
1789835340.882182,29.89
1789835341.2385771,29.32
1789835341.586518,29.61
1789835341.9346006,29.75
1789835342.2863216,29.64
1789835342.6357093,29.65
1789835342.992839,29.35
1789835343.345205,29.24
1789835343.6916144,29.62
1789835344.0507524,29.19
1789835344.4101136,29.08
1789835344.7589414,29.47
1789835345.1069343,29.76
1789835345.454901,29.79
1789835345.805856,29.40
1789835346.1642463,29.29
1789835346.513896,29.57
1789835346.8609674,29.89
1789835347.2159116,29.39
1789835347.557094,30.10
1789835347.91425,29.31
1789835348.2656443,29.47
1789835348.6145344,29.82
1789835348.9645288,29.81
1789835349.3175807,29.62
1789835349.6716704,29.74
1789835350.0265157,29.43
1789835350.372253,29.89
1789835350.725176,29.50
1789835351.0735202,29.46
1789835351.4321418,29.24
1789835351.7850893,29.18
1789835352.1342392,29.53
1789835352.4886105,29.55
1789835352.8466904,29.49
1789835353.1963148,29.56
1789835353.545547,29.85
1789835353.9021552,29.40
1789835354.2681515,29.17
1789835354.617118,29.58
1789835354.9685159,29.32
1789835355.3246229,29.28
1789835355.6764588,29.39
1789835356.031324,29.23
1789835356.3803976,29.42
1789835356.7309659,29.58
1789835357.082472,29.49
1789835357.4408455,29.11
1789835357.7863617,29.68
1789835358.1317759,29.86
1789835358.4849112,29.49
1789835358.836163,29.29
1789835359.188739,29.24
1789835359.5380228,29.53
1789835359.8818812,29.81
1789835360.230051,29.70
1789835360.5763516,30.06
1789835360.9305055,29.82
1789835361.2882674,29.23
1789835361.660624,28.36
1789835362.0198126,28.61
1789835362.3835936,28.52
1789835365.5375347,26.86
1789835365.8907814,28.67
1789835366.2468991,29.02
1789835366.6028452,29.13
1789835366.9622962,28.93
1789835367.3249846,28.73
1789835367.6877592,28.74
1789835368.050186,28.71
1789835368.4206004,28.28
1789835368.794468,27.85
1789835369.172825,27.41
1789835369.5586655,26.77
1789835369.945213,26.80
1789835370.3263624,26.84
1789835370.7062562,27.21
1789835371.1051812,27.01
1789835371.4833403,27.38
1789835371.8575766,27.61
1789835372.20614,28.97
1789835372.5606976,29.19
1789835372.9423623,28.47
1789835373.2922783,29.30
1789835373.6451004,29.41
1789835373.9979389,29.30
1789835374.3457253,29.72
1789835374.7122304,29.06
1789835375.066015,29.07
1789835375.4248536,28.95
1789835375.7645352,29.73
1789835376.1086972,30.05
1789835376.4622371,29.66
1789835376.8091068,29.94
1789835377.1597917,29.58
1789835377.5090785,29.84
1789835377.8554292,30.02
1789835378.216352,28.96
1789835378.5618083,29.70
1789835378.9193816,29.40
1789835379.27915,29.11
1789835379.6371295,29.25
1789835379.9907677,29.34
1789835380.3466508,29.11
1789835380.6949558,29.48
1789835381.0495162,29.44
1789835381.400473,29.64
1789835381.752684,29.48
1789835382.1039677,29.62
1789835382.453644,29.53
1789835382.807771,29.48
1789835383.1742582,29.22
1789835383.526241,29.39
1789835383.8859751,29.06
1789835384.2388299,29.30
1789835384.5954292,29.13
1789835384.948602,29.18
1789835385.2982204,29.41
1789835385.6500247,29.45
1789835386.0048397,29.37
1789835386.353427,29.34
1789835386.7070222,29.34
1789835387.0583315,29.47
1789835387.4121683,29.49
1789835387.7668784,29.33
1789835388.1167595,29.57
1789835388.468414,29.37
1789835388.8112485,29.99
1789835389.166752,29.57
1789835389.5145895,29.77
1789835389.8679965,29.73
1789835390.2159219,29.88
1789835390.5594714,30.15
1789835390.9136748,29.69
1789835391.2696676,29.42
1789835391.6169558,29.72
1789835391.9689927,29.47
1789835392.3289213,28.98
1789835392.6801627,29.35
1789835393.0367057,29.38
1789835393.3870883,29.61
1789835393.7353308,29.91
1789835394.0858028,29.78
1789835394.435543,29.58
1789835394.7824082,29.86
1789835395.1303673,29.99
1789835395.476691,30.02
1789835395.8181164,30.31
1789835396.1742532,29.63
1789835396.5307827,29.57
1789835396.889402,28.95
1789835397.2398725,29.46
1789835400.0832105,26.30
1789835400.4405003,28.30
1789835400.785324,29.54
1789835401.1415155,29.25
1789835401.495284,29.26
1789835401.8410125,29.71
1789835402.1921108,29.82
1789835402.537924,29.95
1789835402.8905737,29.61
1789835403.2533884,29.03
1789835403.6109488,29.23
1789835403.9606574,29.60
1789835404.3121872,29.57
1789835404.6679852,29.16
1789835405.023155,29.25
1789835405.3904788,28.65
1789835405.7708237,28.04
1789835406.1573772,27.04
1789835406.514127,28.70
1789835406.8719175,29.00
1789835407.2220006,29.47
1789835407.5739307,29.47
1789835407.9351537,28.90
1789835408.2832942,29.51
1789835408.6351194,29.63
1789835408.979242,29.93
1789835409.3273027,29.89
1789835409.6902304,29.45
1789835410.0522227,29.01
1789835410.4073777,29.33
1789835410.7599137,29.33
1789835411.1064243,29.71
1789835411.4530852,29.93
1789835411.7985547,30.06
1789835412.1591969,29.15
1789835412.514527,28.98
1789835412.8684804,29.06
1789835413.215723,29.74
1789835413.56281,29.83
1789835413.915949,29.44
1789835414.2689066,29.50
1789835414.629018,29.28
1789835414.9723742,29.80
1789835415.3184516,30.02
1789835415.6960735,29.14
1789835416.044283,29.58
1789835416.4256034,28.46
1789835416.8045206,28.03
1789835417.1596959,29.27
1789835417.5072656,29.56
1789835417.8578668,29.85
1789835418.2100708,29.56
1789835418.5711992,29.02
1789835418.9190083,29.58
1789835419.2740965,29.35
1789835419.6250043,29.46
1789835419.9759238,29.56
1789835420.330348,29.61
1789835420.688529,29.00
1789835421.0363367,29.57
1789835421.3915467,29.44
1789835421.7465775,29.32
1789835422.1045635,28.89
1789835422.4620824,29.08
1789835422.8120003,29.36
1789835423.1579535,29.67
1789835423.5134032,29.38
1789835423.8741198,28.99
1789835424.2256968,29.58
1789835424.5814888,29.47
1789835424.9492064,28.98
1789835425.3364515,28.20
1789835425.6878707,28.79
1789835426.0643253,28.08
1789835426.469177,27.66
1789835426.8597872,27.83
1789835427.2734997,27.40
1789835427.6878054,26.92
1789835428.0677154,28.53
1789835428.422251,29.60
1789835428.777223,29.30
1789835429.1234245,29.81
1789835429.473477,29.76
1789835429.82432,29.49
1789835430.181399,29.66
1789835430.531851,29.41
1789835430.882141,29.62
1789835431.231261,29.56
1789835431.5837584,29.43
1789835431.9346333,29.42
1789835435.1244166,26.81
1789835435.508615,28.03
1789835435.8808925,28.33
1789835436.2594664,27.79
1789835436.6410303,27.36
1789835437.0187,27.37
1789835437.3880873,27.95
1789835437.777905,27.39
1789835438.158115,27.40
1789835438.5309384,27.80
1789835438.906854,27.75
1789835439.292462,27.19
1789835439.6914198,26.77
1789835440.0686748,27.27
1789835440.4534476,27.31
1789835440.8282754,27.53
1789835441.214688,27.18
1789835441.5712366,28.49
1789835441.926975,28.82
1789835442.2695694,29.81
1789835442.6206744,29.53
1789835442.9707046,29.58
1789835443.3275425,29.18
1789835443.6820724,29.35
1789835444.032733,29.51
1789835444.3880777,29.17
1789835444.7369835,29.73
1789835445.0944936,29.10
1789835445.443268,29.54
1789835445.793361,29.57
1789835446.137752,29.90
1789835446.4873648,29.70
1789835446.8356001,29.68
1789835447.189312,29.25
1789835447.5381417,29.64
1789835447.8865972,29.85
1789835448.2369235,29.67
1789835448.5865586,29.72
1789835448.9356463,29.78
1789835449.2844014,29.52
1789835449.6295078,29.97
1789835449.9738393,30.04
1789835450.3310874,29.63
1789835450.6835961,29.45
1789835451.0387037,29.41
1789835451.3926506,29.24
1789835451.7423434,29.70
1789835452.0981228,29.05
1789835452.4541843,29.41
1789835452.8030334,29.86
1789835453.1467257,30.09
1789835453.5034797,29.41
1789835453.841691,30.24
1789835454.1833045,30.35
1789835454.5231268,30.37
1789835454.8668084,30.30
1789835455.2065625,30.57
1789835455.5539074,30.15
1789835455.905503,29.57
1789835456.2596238,29.47
1789835456.6077955,29.61
1789835456.9526172,29.91
1789835457.3019216,29.80
1789835457.661931,29.25
1789835458.0172455,29.37
1789835458.3622835,30.05
1789835458.7265258,29.31
1789835459.0794182,29.33
1789835459.4331555,29.75
1789835459.7836459,29.68
1789835460.1452193,29.20
1789835460.5104618,28.57
1789835460.8566463,29.43
1789835461.2241154,28.70
1789835461.5899372,28.51
1789835461.9516435,29.28
1789835462.3320425,28.40
1789835462.683229,29.09
1789835463.0453224,28.81
1789835463.3950102,29.22
1789835463.760058,29.24
1789835464.128128,29.07
1789835464.4807327,29.51
1789835464.8447733,29.47
1789835465.1987677,29.85
1789835465.5572484,29.79
1789835465.9160497,29.52
1789835466.29465,28.87
1789835466.6525457,29.12
1789835467.0615494,27.78
1789835469.8553665,27.61
1789835470.221576,28.71
1789835470.5735273,29.65
1789835470.9392693,29.29
1789835471.2919583,29.57
1789835471.6511796,29.51
1789835472.013839,29.32
1789835472.3837094,29.32
1789835472.740364,29.43
1789835473.1104217,29.44
1789835473.477491,29.45
1789835473.8296788,29.67
1789835474.2069135,28.72
1789835474.5563803,29.65
1789835474.9209461,28.81
1789835475.2974436,28.48
1789835475.6707876,28.54
1789835476.0262983,29.25
1789835476.3899045,29.29
1789835476.7408445,29.71
1789835477.1058114,29.59
1789835477.476313,29.13
1789835477.83072,29.64
1789835478.193664,29.54
1789835478.5501316,29.27
1789835478.9193192,29.10
1789835479.276695,29.49
1789835479.6380043,29.23
1789835479.9914918,29.57
1789835480.342949,29.85
1789835480.685162,30.38
1789835481.0628853,28.70
1789835481.4190784,29.16
1789835481.7713337,29.90
1789835482.11195,30.14
1789835482.4659276,30.01
1789835482.8097572,30.54
1789835483.1653845,30.06
1789835483.5184734,30.05
1789835483.87409,29.75
1789835484.2277963,29.62
1789835484.5965595,29.37
1789835484.9338667,30.33
1789835485.2864933,29.73
1789835485.630736,29.93
1789835485.9745333,30.14
1789835486.321395,29.84
1789835486.658294,30.35
1789835487.0023062,30.15
1789835487.3408031,30.46
1789835487.6887424,29.94
1789835488.0248795,30.24
1789835488.3695972,30.12
1789835488.7169206,29.91
1789835489.065034,29.92
1789835489.4133632,29.67
1789835489.763999,29.65
1789835490.1107094,29.85
1789835490.4515727,30.40
1789835490.8006222,29.99
1789835491.1497934,29.74
1789835491.5162563,29.39
1789835491.8705876,29.14
1789835492.2167113,29.59
1789835492.5658662,29.81
1789835492.9183648,29.69
1789835493.2668667,29.75
1789835493.6157398,29.64
1789835493.9705923,29.33
1789835494.3308198,29.10
1789835494.700783,28.35
1789835495.05897,28.95
1789835495.4148936,28.99
1789835495.7647858,29.41
1789835496.10344,30.22
1789835496.4473543,30.05
1789835496.8015144,29.68
1789835497.1449113,30.16
1789835497.4876022,30.28
1789835497.8373146,29.87
1789835498.1916249,29.42
1789835498.5448303,29.33
1789835498.9088428,29.39
1789835499.251505,29.79
1789835499.6061752,29.47
1789835499.9741719,28.72
1789835500.3276248,29.14
1789835500.675138,29.63
1789835501.0339754,29.25
1789835501.3847728,29.56
1789835501.7362938,29.65
1789835505.0207574,26.45
1789835505.3722565,28.61
1789835505.7282526,28.92
1789835506.0875893,28.96
1789835506.4430268,29.19
1789835506.7904878,29.66
1789835507.1365535,29.92
1789835507.4853203,29.88
1789835507.8296578,30.03
1789835508.2009227,28.84
1789835508.5759726,28.19
1789835508.9535515,27.70
1789835509.3335943,27.37
1789835509.7066267,27.62
1789835510.0869892,27.25
1789835510.4675303,27.27
1789835510.8323207,28.14
1789835511.1858094,29.12
1789835511.5398328,29.38
1789835511.900055,28.81
1789835512.251787,29.38
1789835512.6056201,29.16
1789835512.9503276,29.75
1789835513.295326,30.04
1789835513.642315,30.27
1789835513.9876575,30.34
1789835514.3327587,30.22
1789835514.6796303,30.07
1789835515.030826,29.70
1789835515.3808463,29.63
1789835515.7280731,29.81
1789835516.0749383,30.06
1789835516.4215484,30.04
1789835516.7742116,29.70
1789835517.1160984,30.05
1789835517.461711,30.04
1789835517.820115,29.46
1789835518.1690004,29.49
1789835518.5143032,29.81
1789835518.869075,29.55
1789835519.219071,29.64
1789835519.5650642,30.01
1789835519.9279432,28.95
1789835520.275131,29.57
1789835520.6237464,29.73
1789835520.9835632,29.28
1789835521.3458638,28.77
1789835521.7010386,29.11
1789835522.0567243,29.09
1789835522.407635,29.42
1789835522.7645545,29.09
1789835523.1124818,29.61
1789835523.463093,29.54
1789835523.8106267,29.77
1789835524.1629002,29.33
1789835524.5145044,29.36
1789835524.8608375,29.78
1789835525.2096016,29.80
1789835525.5594149,29.73
1789835525.9109368,29.59
1789835526.2594824,29.73
1789835526.618663,29.13
1789835526.9686205,29.40
1789835527.3238082,29.41
1789835527.6750422,29.84
1789835528.0270944,29.58
1789835528.3859324,29.25
1789835528.7437382,28.96
1789835529.1001284,29.07
1789835529.458962,28.96
1789835529.8111994,29.28
1789835530.1604726,29.73
1789835530.5058608,29.84
1789835530.850569,30.13
1789835531.200568,29.64
1789835531.5535202,29.36
1789835531.9028728,29.71
1789835532.2534103,29.72
1789835532.6013005,29.81
1789835532.950423,29.80
1789835533.30309,29.59
1789835533.6501613,29.88
1789835533.994809,29.98
1789835534.3448904,29.76
1789835534.695786,29.75
1789835535.0490453,29.75
1789835535.399426,29.51
1789835535.742201,30.11
1789835536.08396,30.24
1789835536.4354112,29.87
1789835536.7849207,29.64
1789835537.1415594,29.69
1789835540.1988723,27.91
1789835540.546171,29.03
1789835540.893238,29.40
1789835541.2401562,29.85
1789835541.5853698,30.01
1789835541.9389496,29.60
1789835542.292171,29.30
1789835542.6409278,29.57
1789835542.994228,29.67
1789835543.34196,29.57
1789835543.6888008,29.86
1789835544.0371046,29.93
1789835544.4064443,28.84
1789835544.7883966,27.85
1789835545.1799464,27.03
1789835545.5530586,27.93
1789835545.9041228,28.97
1789835546.264454,28.93
1789835546.619929,29.14
1789835546.970258,29.52
1789835547.3249168,29.50
1789835547.681237,29.09
1789835548.039242,29.03
1789835548.396148,29.14
1789835548.7445543,29.50
1789835549.0957668,29.56
1789835549.4503045,29.42
1789835549.8003793,29.40
1789835550.151071,29.54
1789835550.508971,29.28
1789835550.8707097,29.11
1789835551.229401,29.13
1789835551.5851262,29.04
1789835551.9427996,29.29
1789835552.2953126,29.35
1789835552.6506932,29.21
1789835553.0037317,29.45
1789835553.3605375,29.28
1789835553.7103693,29.48
1789835554.0659816,29.38
1789835554.4240324,29.24
1789835554.7828364,28.93
1789835555.1333423,29.36
1789835555.4807634,29.61
1789835555.8316877,29.26
1789835556.178177,29.66
1789835556.5325377,29.38
1789835556.88,29.78
1789835557.2340817,29.35
1789835557.58011,29.80
1789835557.9333444,29.55
1789835558.2850199,29.83
1789835558.652599,29.17
1789835558.999561,29.63
1789835559.3482609,29.76
1789835559.6971936,29.67
1789835560.072852,28.81
1789835560.4336793,28.90
1789835560.774221,29.82
1789835561.1146498,30.13
1789835561.4574814,30.04
1789835561.8044174,29.79
1789835562.1565998,29.58
1789835562.5583456,28.03
1789835562.9096463,29.07
1789835563.260886,29.08
1789835563.6035643,29.31
1789835563.9927807,28.14
1789835564.3621647,28.80
1789835564.7609549,28.15
1789835565.1431482,28.09
1789835565.509928,28.17
1789835565.897531,28.06
1789835566.2404418,29.48
1789835566.582713,29.91
1789835566.9496071,29.34
1789835567.3226163,28.90
1789835567.6841476,28.89
1789835568.058855,28.73
1789835568.4465044,28.31
1789835568.8121886,29.24
1789835569.166069,29.70
1789835569.520074,29.57
1789835569.8777914,29.36
1789835570.2257664,29.64
1789835570.6325638,27.75
1789835570.9865704,28.97
1789835571.3450832,28.69
1789835571.7176082,28.76
1789835572.0876029,28.65
1789835575.1196518,27.80
1789835575.4647155,29.52
1789835575.8626785,27.74
1789835576.2705784,27.50
1789835576.6882422,26.83
1789835577.0987103,26.75
1789835577.484736,27.62
1789835577.8821182,27.25
1789835578.2776349,27.54
1789835578.6797955,27.58
1789835579.0957162,26.95
1789835579.456861,28.11
1789835579.8275545,28.70
1789835580.166716,29.76
1789835580.5262046,28.80
1789835580.8768492,29.07
1789835581.223848,29.58
1789835581.5773072,29.33
1789835581.9329975,29.21
1789835582.2899313,29.36
1789835582.650891,28.94
1789835583.0115757,29.00
1789835583.3678827,29.25
1789835583.7262242,29.17
1789835584.0731387,29.77
1789835584.425428,29.67
1789835584.7785375,29.71
1789835585.1396327,29.11
1789835585.5017855,28.97
1789835585.8618739,28.84
1789835586.2196763,29.16
1789835586.5765283,29.04
1789835586.9278605,29.31
1789835587.2897859,28.88
1789835587.6526165,28.36
1789835588.010699,28.81
1789835588.3684046,28.76
1789835588.719921,29.41
1789835589.0653098,29.81
1789835589.417887,29.73
1789835589.7651412,29.70
1789835590.112285,29.93
1789835590.4592488,29.94
1789835590.8066587,30.14
1789835591.1574497,29.86
1789835591.503517,30.02
1789835591.849823,29.93
1789835592.1970818,29.89
1789835592.5404925,29.98
1789835592.8927698,29.50
1789835593.244627,29.51
1789835593.5942879,29.69
1789835593.9393408,29.89
1789835594.2904108,29.54
1789835594.6370869,29.99
1789835594.9954076,29.20
1789835595.352554,29.27
1789835595.7052443,29.30
1789835596.0607836,29.26
1789835596.4162738,29.15
1789835596.7661676,29.69
1789835597.1121535,29.85
1789835597.457951,30.03
1789835597.8056157,29.92
1789835598.1602576,29.55
1789835598.5122612,29.65
1789835598.864601,29.47
1789835599.2074263,30.04
1789835599.5513582,30.26
1789835599.9057014,29.54
1789835600.257116,29.43
1789835600.6082845,29.57
1789835600.9644651,29.46
1789835601.3183477,29.56
1789835601.6647644,29.87
1789835602.0356193,29.10
1789835602.3975656,28.79
1789835602.752346,28.97
1789835603.1040537,29.33
1789835603.4568794,29.24
1789835603.7960799,30.20
1789835604.0968206,33.52
1789835604.432792,31.59
1789835604.7975414,29.68
1789835605.1836088,28.24
1789835605.5372207,29.27
1789835605.9054458,29.08
1789835606.2418056,30.03
1789835606.5794642,30.32
1789835606.9274476,30.39
1789835609.9908047,27.91
1789835610.3289218,29.51
1789835610.7022882,28.85
1789835611.1112719,27.78
1789835611.5209498,27.26
1789835611.8680744,29.06
1789835612.2392771,28.85
1789835612.6043255,28.88
1789835612.9746397,29.10
1789835613.3185835,29.84
1789835613.675598,29.48
1789835614.0262105,29.27
1789835614.377947,29.54
1789835614.7282484,29.61
1789835615.0780094,29.58
1789835615.4327843,29.49
1789835615.7911627,29.18
1789835616.1575413,29.19
1789835616.5196295,28.79
1789835616.9115236,27.53
1789835617.2589111,29.01
1789835617.609879,29.16
1789835617.9664702,28.98
1789835618.3200603,28.98
1789835618.6783864,28.96
1789835619.0303478,29.15
1789835619.3840458,29.11
1789835619.7549596,28.17
1789835620.1276183,27.79
1789835620.5025547,27.89
1789835620.8509536,29.27
1789835621.1938136,29.65
1789835621.5620062,28.98
1789835621.9177897,29.12
1789835622.2687821,29.39
1789835622.6199927,29.52
1789835622.9884973,28.36
1789835623.339234,29.22
1789835623.689122,29.55
1789835624.0361264,29.77
1789835624.398604,28.87
1789835624.743273,29.66
1789835625.097147,29.35
1789835625.4383972,30.09
1789835625.7909129,29.55
1789835626.1485262,29.24
1789835626.5071726,29.10
1789835626.8671215,28.96
1789835627.223538,28.83
1789835627.5839422,28.79
1789835627.930166,29.63
1789835628.2758818,30.24
1789835628.6275847,30.06
1789835628.9722693,30.06
1789835629.3219106,29.93
1789835629.668247,29.98
1789835630.0334897,29.70
1789835630.3892362,29.47
1789835630.7412553,29.51
1789835631.144009,27.82
1789835631.5431461,27.72
1789835631.9315426,27.73
1789835632.288119,28.43
1789835632.6901932,27.06
1789835633.0488598,28.13
1789835633.4185908,28.52
1789835633.767123,29.25
1789835634.152257,28.60
1789835634.5028775,29.09
1789835634.8625298,29.16
1789835635.2443016,28.45
1789835635.6109629,28.80
1789835635.9679072,29.10
1789835636.3166761,29.63
1789835636.6832952,29.08
1789835637.0833683,28.10
1789835637.4279358,29.53
1789835637.810336,28.20
1789835638.2083492,28.05
1789835638.6040845,27.98
1789835639.003148,28.04
1789835639.399551,27.43
1789835639.7599428,28.24
1789835640.1543398,27.63
1789835640.5193675,28.72
1789835640.8641531,29.69
1789835641.249161,28.15
1789835641.6255624,27.70
1789835642.0347538,26.61
1789835645.1875541,24.90
1789835645.5648293,26.96
1789835645.9703736,26.86
1789835646.340028,28.31
1789835646.6787248,29.89
1789835647.0590246,28.22
1789835647.4692338,27.30
1789835647.830206,28.93
1789835648.1998513,28.75
1789835648.5981283,27.94
1789835648.961924,28.73
1789835649.3146474,29.38
1789835649.6885471,28.50
1789835650.0549634,28.33
1789835650.426102,28.14
1789835650.7923853,28.52
1789835651.1614258,28.22
1789835651.5286257,28.23
1789835651.8928213,28.48
1789835652.2563832,28.56
1789835652.614917,28.95
1789835652.9953241,27.58
1789835653.3756526,27.69
1789835653.739165,28.22
1789835654.0995996,28.77
1789835654.4706647,28.20
1789835654.846019,27.84
1789835655.2063885,28.59
1789835655.581423,28.11
1789835655.944234,28.41
1789835656.3026502,28.66
1789835656.6678007,28.56
1789835657.0259104,28.90
1789835657.3872685,28.66
1789835657.7752829,27.47
1789835658.1823192,27.13
1789835658.5609481,28.32
1789835658.9619408,27.40
1789835659.3120131,28.68
1789835659.6663194,29.09
1789835660.030345,28.57
1789835660.384678,29.10
1789835660.7407665,28.97
1789835661.0954828,29.25
1789835661.459527,28.63
1789835661.8483348,27.52
1789835662.248824,26.94
1789835662.637432,27.27
1789835662.9914525,28.72
1789835663.3435438,29.09
1789835663.7014866,29.02
1789835664.0662596,28.60
1789835664.4243433,29.13
1789835664.7671835,29.91
1789835665.1221273,29.45
1789835665.478422,29.00
1789835665.8281565,29.48
1789835666.1753805,29.79
1789835666.5315418,29.63
1789835666.9173,28.52
1789835667.2628977,29.17
1789835667.6086464,29.68
1789835668.0153632,27.77
1789835668.4419808,26.34
1789835668.8454592,26.55
1789835669.264263,26.63
1789835669.6719291,27.17
1789835670.0224843,28.78
1789835670.3668995,29.75
1789835670.7107148,30.03
1789835671.089027,28.81
1789835671.447197,28.72
1789835671.8052437,28.88
1789835672.1800919,27.84
1789835672.5354924,28.56
1789835672.8923473,28.78
1789835673.2535036,28.83
1789835673.6356163,27.96
1789835674.0307422,27.46
1789835674.3825583,28.89
1789835674.7650204,28.42
1789835675.1583805,28.26
1789835675.499468,29.58
1789835675.8569655,29.27
1789835676.2156775,29.17
1789835676.5625424,29.73
1789835676.9166846,29.50
1789835679.996021,28.45
1789835680.343151,29.27
1789835680.6946113,29.44
1789835681.0463462,29.58
1789835681.4476905,28.19
1789835681.8256433,28.61
1789835682.1797087,29.46
1789835682.5178442,30.08
1789835682.876413,29.59
1789835683.227351,29.56
1789835683.580393,29.47
1789835683.9333482,29.23
1789835684.2876844,29.30
1789835684.6578364,28.63
1789835685.0068977,29.22
1789835685.3538175,29.53
1789835685.7092202,29.03
1789835686.063465,29.31
1789835686.4323223,28.54
1789835686.7815533,29.27
1789835687.1275637,29.71
1789835687.4874456,29.30
1789835687.8695107,28.08
1789835688.24819,28.01
1789835688.6035874,28.77
1789835688.9555688,29.18
1789835689.3115385,29.29
1789835689.6640067,29.22
1789835690.0199063,29.08
1789835690.3721564,29.29
1789835690.7264614,29.45
1789835691.082247,29.52
1789835691.438023,29.26
1789835691.7995753,28.94
1789835692.1571035,28.81
1789835692.5099688,29.14
1789835692.8622258,29.37
1789835693.251197,28.44
1789835693.598616,29.21
1789835693.9572105,28.86
1789835694.312438,29.12
1789835694.6784706,28.82
1789835695.0896518,27.47
1789835695.4748003,27.63
1789835695.8443925,28.11
1789835696.225432,27.78
1789835696.5819256,29.27
1789835696.9299896,29.58
1789835697.3112183,29.19
1789835697.6641378,29.51
1789835698.060949,28.14
1789835698.4350786,28.29
1789835698.7995832,28.58
1789835699.162428,28.30
1789835699.5265512,28.56
1789835699.9184234,26.89
1789835700.283923,27.99
1789835700.651792,28.17
1789835701.0258567,28.24
1789835701.3950725,28.22
1789835701.7840993,28.06
1789835702.162584,28.75
1789835702.5206864,28.98
1789835702.8736567,29.32
1789835703.2325783,29.02
1789835703.613825,27.76
1789835703.9625957,29.11
1789835704.3067808,29.80
1789835704.6645377,29.16
1789835705.036015,28.42
1789835705.3972619,28.72
1789835705.7538226,28.76
1789835706.1122475,28.94
1789835706.4700375,28.98
1789835706.821935,29.36
1789835707.1895123,28.66
1789835707.5464523,28.95
1789835707.9005048,29.26
1789835708.258444,29.02
1789835708.6194003,28.73
1789835708.9722116,29.14
1789835709.3245203,29.41
1789835709.6738257,29.57
1789835710.0238843,29.60
1789835710.374739,29.61
1789835710.7354994,29.06
1789835711.1030462,28.74
1789835711.4725983,28.25
1789835711.8342178,28.60
1789835714.9264207,27.82
1789835715.2815673,28.75
1789835715.6381297,29.14
1789835715.9993222,29.34
1789835716.378818,28.14
1789835716.7306857,28.97
1789835717.0955727,28.63
1789835717.4728353,28.56
1789835717.8350716,28.82
1789835718.1845233,29.41
1789835718.5555546,28.82
1789835718.894237,29.73
1789835719.233356,29.90
1789835719.5933821,28.98
1789835719.9505653,29.26
1789835720.3181224,28.92
1789835720.6777837,28.83
1789835721.0329552,28.90
1789835721.3868601,29.01
1789835721.7535324,28.53
1789835722.1116457,28.90
1789835722.4717948,28.86
1789835722.834942,28.89
1789835723.1924965,29.11
1789835723.5608025,28.51
1789835723.923541,28.68
1789835724.2841556,28.56
1789835724.6447997,28.80
1789835724.9982934,29.24
1789835725.3663363,28.51
1789835725.7295702,28.42
1789835726.098095,28.40
1789835726.463333,28.66
1789835726.8353155,27.97
1789835727.2112083,27.72
1789835727.5619702,28.65
1789835727.931787,28.24
1789835728.2940001,28.58
1789835728.6565466,28.65
1789835729.010592,29.15
1789835729.361679,29.45
1789835729.7569826,28.08
1789835730.1837769,26.54
1789835730.605546,26.57
1789835731.0233312,26.72
1789835731.4480116,26.12
1789835731.8694162,26.18
1789835732.2565145,27.26
1789835732.6173432,28.32
1789835732.9681907,29.18
1789835733.332383,28.77
1789835733.6754575,29.85
1789835734.0358708,29.46
1789835734.4022417,28.70
1789835734.7713332,28.23
1789835735.1458073,27.78
1789835735.52717,28.10
1789835735.9149666,27.80
1789835736.247536,29.70
1789835736.5935018,30.17
1789835736.9357507,30.13
1789835737.301492,28.66
1789835737.668924,28.65
1789835738.08613,27.25
1789835738.4436257,28.28
1789835738.804185,28.95
1789835739.1728084,28.78
1789835739.551305,27.77
1789835739.9325476,28.03
1789835740.281471,28.99
1789835740.6258247,29.75
1789835740.9635262,30.06
1789835741.370348,28.35
1789835741.7601295,27.82
1789835742.1644175,27.45
1789835742.5808094,27.02
1789835742.999942,26.74
1789835743.4202383,26.20
1789835743.8220644,26.74
1789835744.1953373,27.68
1789835744.605868,27.32
1789835744.98735,28.34
1789835745.3372917,29.47
1789835745.70161,29.44
1789835746.1057637,27.86
1789835746.456046,28.99
1789835746.8024125,29.66
1789835749.8964796,28.45
1789835750.2461905,29.22
1789835750.602948,29.32
1789835750.972138,28.31
1789835751.3630853,27.77
1789835751.7294812,28.68
1789835752.0829031,29.56
1789835752.4180768,30.29
1789835752.7714138,29.49
1789835753.1232836,29.52
1789835753.472947,29.70
1789835753.823196,29.64
1789835754.1779802,29.38
1789835754.5411975,28.92
1789835754.919464,28.12
1789835755.2918997,27.97
1789835755.657451,28.27
1789835756.005335,29.34
1789835756.359537,29.27
1789835756.7141447,29.24
1789835757.0852642,28.62
1789835757.4533427,28.36
1789835757.8088377,28.90
1789835758.1583061,29.32
1789835758.51969,28.85
1789835758.88214,28.63
1789835759.2500446,28.62
1789835759.611772,28.65
1789835759.9783585,28.55
1789835760.340284,28.61
1789835760.703168,28.58
1789835761.0604606,28.86
1789835761.4283202,28.47
1789835761.7932034,28.51
1789835762.1557314,28.80
1789835762.5042338,29.49
1789835762.8627493,29.05
1789835763.2154353,29.31
1789835763.5832686,28.74
1789835763.948109,28.70
1789835764.3148496,28.60
1789835764.6699533,29.08
1789835765.038454,28.71
1789835765.386389,29.62
1789835765.775126,27.82
1789835766.1480653,28.13
1789835766.519183,28.28
1789835766.9123347,27.62
1789835767.2463498,29.56
1789835767.5827649,30.21
1789835767.9449763,29.29
1789835768.312513,28.20
1789835768.6713686,28.82
1789835769.0154643,29.77
1789835769.3677301,29.69
1789835769.7153237,29.43
1789835770.0715063,29.03
1789835770.4273267,29.03
1789835770.7936819,28.50
1789835771.148533,28.80
1789835771.5210876,28.61
1789835771.8949661,28.06
1789835772.2582343,28.64
1789835772.6188688,28.68
1789835772.9831746,28.82
1789835773.3487132,28.60
1789835773.7133718,28.46
1789835774.0732098,28.71
1789835774.412519,29.72
1789835774.7789161,29.09
1789835775.144278,28.79
1789835775.4974573,29.06
1789835775.848241,29.38
1789835776.2060866,29.18
1789835776.5606353,29.22
1789835776.9203782,29.11
1789835777.2835386,29.07
1789835777.6339047,29.25
1789835777.987573,29.19
1789835778.3441176,29.15
1789835778.6872451,29.78
1789835779.0378525,29.71
1789835779.3978934,29.38
1789835779.7463696,29.57
1789835780.1132567,28.39
1789835780.472749,28.69
1789835780.8339972,28.73
1789835781.188918,28.91
1789835781.5396078,29.24
1789835781.9020092,28.97
1789835784.984517,28.00
1789835785.3445528,28.45
1789835785.710428,28.53
1789835786.0740447,28.55
1789835786.4483867,28.11
1789835786.8307183,27.70
1789835787.2046287,27.88
1789835787.5744827,28.01
1789835787.9460583,27.94
1789835788.366414,25.59
1789835788.7755868,25.27
1789835789.220151,24.01
1789835789.6579194,23.59
1789835790.0976074,23.69
1789835790.4705276,26.77
1789835790.8405464,27.95
1789835791.1964514,28.78
1789835791.532688,30.34
1789835791.8765633,30.57
1789835792.2351716,29.27
1789835792.5891263,29.13
1789835792.9547243,28.38
1789835793.3087952,29.31
1789835793.6477149,30.90
1789835794.0006602,29.79
1789835794.3523946,29.37
1789835794.7071898,29.22
1789835795.042789,30.24
1789835795.381223,30.41
1789835795.7288094,29.89
1789835796.0795753,29.80
1789835796.4424684,28.94
1789835796.8233428,27.76
1789835797.1830063,28.64
1789835797.5175607,30.13
1789835797.8948362,28.18
1789835798.2401817,29.22
1789835798.5790784,30.13
1789835798.9356792,29.45
1789835799.278213,29.84
1789835799.6201265,30.13
1789835800.0003295,28.20
1789835800.3672812,28.67
1789835800.7314074,28.78
1789835801.0578654,30.81
1789835801.3780286,31.62
1789835801.695246,32.63
1789835802.0122454,32.76
1789835802.3350148,32.24
1789835802.6479368,32.78
1789835802.9795654,31.74
1789835803.316546,30.93
1789835803.6510735,30.72
1789835803.9738011,31.72
1789835804.2991672,31.91
1789835804.6239834,32.03
1789835804.9447834,32.07
1789835805.2532103,32.92
1789835805.581699,31.99
1789835805.9018009,31.90
1789835806.2267816,31.93
1789835806.5533023,32.27
1789835806.8925304,31.08
1789835807.2147415,31.95
1789835807.535887,32.01
1789835807.8901105,31.20
1789835808.219841,31.52
1789835808.5370731,32.17
1789835808.8892858,30.98
1789835809.213648,31.67
1789835809.5278108,32.36
1789835809.8572433,31.38
1789835810.1813226,31.88
1789835810.5052488,31.96
1789835810.8225815,32.95
1789835811.1580656,31.97
1789835811.4817705,32.11
1789835811.800438,32.41
1789835812.1240532,32.52
1789835812.4430237,32.46
1789835812.7722652,32.30
1789835813.103367,31.53
1789835813.4285588,32.04
1789835813.748284,31.94
1789835814.068251,31.88
1789835814.3992715,31.58
1789835814.7233415,31.67
1789835815.050544,31.71
1789835815.3679285,32.08
1789835815.68924,32.07
1789835816.0145044,32.23
1789835816.3300457,32.60
1789835816.6482112,32.53
1789835816.967556,32.73
1789835820.0187917,31.85
1789835820.3547916,31.32
1789835820.679485,31.96
1789835821.019122,30.98
1789835821.346119,31.36
1789835821.6689749,31.62
1789835821.9954646,31.77
1789835822.3352938,30.82
1789835822.648939,32.31
1789835822.9854684,31.37
1789835823.2979965,32.34
1789835823.6297607,31.45
1789835823.961346,31.36
1789835824.2987375,31.07
1789835824.6375346,30.82
1789835824.9694095,31.04
1789835825.3057501,30.59
1789835825.6376758,31.22
1789835825.9613373,31.66
1789835826.294784,31.50
1789835826.6231647,31.45
1789835826.9525952,31.61
1789835827.288265,31.14
1789835827.61779,30.94
1789835827.9593344,30.67
1789835828.290797,30.95
1789835828.6381354,30.37
1789835828.9764435,30.49
1789835829.3135886,30.98
1789835829.638464,31.68
1789835829.9716687,31.11
1789835830.3024886,31.03
1789835830.6401021,30.83
1789835830.960456,31.91
1789835831.2790108,32.49
1789835831.6046987,32.08
1789835831.9483647,31.55
1789835832.2723012,31.77
1789835832.5802927,32.84
1789835832.8979113,32.60
1789835833.2077916,32.96
1789835833.5300806,31.99
1789835833.8373158,32.87
1789835834.1591244,32.44
1789835834.4693527,32.86
1789835834.7889082,32.68
1789835835.1078372,32.42
1789835835.4292884,32.16
1789835835.7588367,32.02
1789835836.0809178,31.97
1789835836.4057214,32.04
1789835836.733106,32.24
1789835837.044279,32.88
1789835837.3574107,32.90
1789835837.6790087,32.04
1789835838.0050125,31.71
1789835838.3547583,30.66
1789835838.6889408,30.75
1789835839.0200784,30.98
1789835839.3505745,31.69
1789835839.6820724,31.28
1789835840.0119188,31.21
1789835840.3404331,31.41
1789835840.7109053,30.16
1789835841.0461414,30.48
1789835841.373142,31.40
1789835841.6839066,32.59
1789835842.0068822,32.55
1789835842.3552659,31.19
1789835842.684734,31.77
1789835843.0673323,29.97
1789835843.4444523,29.06
1789835843.7888308,30.47
1789835844.1661885,29.46
1789835844.543707,29.01
1789835844.9218712,28.82
1789835845.3052585,28.61
1789835845.6844926,28.80
1789835846.0488229,29.59
1789835846.405894,30.15
1789835846.7665164,30.22
1789835847.117575,30.56
1789835847.4314933,32.12
1789835847.7521968,32.07
1789835848.0799956,32.01
1789835848.407686,32.06
1789835848.730623,32.18
1789835849.0737293,31.84
1789835849.4113579,31.28
1789835849.7706223,30.49
1789835850.1091988,31.62
1789835850.4315538,32.30
1789835850.8013678,30.66
1789835851.1784527,29.40
1789835851.5590973,28.87
1789835851.9049802,30.11
1789835854.977237,29.34
1789835855.308851,30.88
1789835855.6641467,30.36
1789835855.9801018,31.87
1789835856.2965257,32.40
1789835856.626428,31.50
1789835856.945636,32.37
1789835857.3080833,30.51
1789835857.6555603,30.24
1789835858.0008867,30.19
1789835858.3301914,31.06
1789835858.6612592,31.11
1789835858.996056,31.06
1789835859.3200579,31.46
1789835859.6475596,31.32
1789835859.9793339,31.44
1789835860.3338666,30.42
1789835860.6847928,30.60
1789835861.0097096,31.41
1789835861.3526957,30.98
1789835861.6995108,31.33
1789835862.0272226,31.54
1789835862.3451898,32.11
1789835862.6797752,31.61
1789835863.0129035,31.27
1789835863.3511055,30.95
1789835863.6908731,30.77
1789835864.0211065,31.07
1789835864.3563254,30.78
1789835864.7040498,30.20
1789835865.0291407,31.36
1789835865.3576746,31.38
1789835865.6895616,31.24
1789835866.022464,31.05
1789835866.359562,31.05
1789835866.677707,32.03
1789835867.0453339,30.48
1789835867.4312766,28.97
1789835867.7562876,31.15
1789835868.0758939,32.26
1789835868.4050486,32.09
1789835868.731252,31.70
1789835869.06419,31.49
1789835869.3945334,31.70
1789835869.7062218,32.58
1789835870.032217,31.86
1789835870.3498127,32.14
1789835870.662968,32.74
1789835870.9688644,33.25
1789835871.2793965,33.08
1789835871.602339,32.59
1789835871.914109,32.37
1789835872.2300386,32.23
1789835872.5397954,32.62
1789835872.866578,32.19
1789835873.1889234,31.93
1789835873.505823,32.36
1789835873.8189623,32.64
1789835874.1350937,32.51
1789835874.4588785,31.89
1789835874.7667763,32.78
1789835875.0834806,32.37
1789835875.4055238,31.77
1789835875.723845,32.20
1789835876.0433614,32.12
1789835876.368922,32.13
1789835876.6980665,31.32
1789835877.0180502,32.12
1789835877.3441677,32.23
1789835877.654517,32.70
1789835877.9860926,31.33
1789835878.3188148,31.35
1789835878.6515405,31.54
1789835878.9727895,32.08
1789835879.305331,31.67
1789835879.6239245,32.25
1789835879.9465766,32.11
1789835880.2822852,31.38
1789835880.6068947,31.78
1789835880.9497674,30.85
1789835881.283925,31.86
1789835881.619356,31.31
1789835881.9527102,31.15
1789835882.2784786,31.36
1789835882.610718,31.24
1789835882.92974,31.81
1789835883.2660713,31.28
1789835883.600244,31.14
1789835883.9195263,32.34
1789835884.2559967,31.86
1789835884.5946364,31.53
1789835884.9783084,29.62
1789835885.3194757,30.14
1789835885.663697,30.41
1789835886.0050666,30.50
1789835886.3654795,30.65
1789835886.6899326,31.46
1789835889.7576232,27.88
1789835890.08755,30.09
1789835890.4208562,31.05
1789835890.7394822,32.23
1789835891.070314,31.50
1789835891.391454,31.81
1789835891.721835,31.68
1789835892.04687,32.00
1789835892.369629,32.10
1789835892.689201,32.37
1789835893.0097423,32.34
1789835893.339294,31.95
1789835893.6752968,31.40
1789835894.06353,29.52
1789835894.404674,30.80
1789835894.768655,30.43
1789835895.1513937,29.43
1789835895.4807189,31.02
1789835895.8439415,30.19
1789835896.1809697,31.03
1789835896.5179725,30.47
1789835896.8524742,30.45
1789835897.1873603,31.13
1789835897.5175045,31.07
1789835897.8707006,30.19
1789835898.2034018,31.27
1789835898.5525043,30.61
1789835898.940899,29.33
1789835899.3186412,29.30
1789835899.679456,29.95
1789835900.0828788,28.12
1789835900.476295,27.80
1789835900.856928,28.69
1789835901.2294295,29.44
1789835901.582752,29.67
1789835901.9361591,29.74
1789835902.308829,29.62
1789835902.673338,29.91
1789835903.0088513,31.10
1789835903.3606763,30.53
1789835903.708091,30.16
1789835904.048845,31.15
1789835904.4264443,29.87
1789835904.7812865,29.71
1789835905.1526093,29.63
1789835905.5014539,29.79
1789835905.897446,28.56
1789835906.2713811,29.52
1789835906.6538208,29.51
1789835907.0439558,28.28
1789835907.4236367,28.65
1789835907.7858315,29.28
1789835908.1323266,30.27
1789835908.467468,30.99
1789835908.7909667,31.77
1789835909.1523821,30.59
1789835909.4850545,30.96
1789835909.8812292,28.69
1789835910.2882113,27.48
1789835910.6775954,27.95
1789835911.053327,28.66
1789835911.4376209,28.79
1789835911.825957,28.70
1789835912.207584,28.74
1789835912.583286,29.00
1789835912.967281,28.54
1789835913.3076432,30.09
1789835913.6168208,31.98
1789835913.9289482,32.86
1789835914.2585948,31.99
1789835914.6080287,30.94
1789835914.9329388,31.88
1789835915.2517407,31.94
1789835915.5734885,31.95
1789835915.9294043,30.77
1789835916.2690187,30.68
1789835916.607546,30.75
1789835916.934395,31.85
1789835917.252481,32.57
1789835917.5852442,31.76
1789835917.895845,32.53
1789835918.2737558,30.29
1789835918.637231,29.90
1789835918.9542687,31.99
1789835919.2761934,32.00
1789835919.5994267,31.91
1789835919.914355,32.38
1789835920.2200723,33.34
1789835920.5459714,32.34
1789835920.871565,32.30
1789835921.1892848,32.02
1789835921.5033348,32.36
1789835921.8238707,32.41
1789835924.8750234,30.72
1789835925.2064314,31.09
1789835925.5329945,31.28
1789835925.8541942,31.76
1789835926.1689713,32.28
1789835926.488979,32.16
1789835926.8108299,32.21
1789835927.115751,33.19
1789835927.4330015,32.57
1789835927.7603912,32.16
1789835928.0773869,32.32
1789835928.408273,31.56
1789835928.7375214,31.79
1789835929.0672,31.33
1789835929.3995361,31.03
1789835929.741096,30.76
1789835930.0690749,31.49
1789835930.4100983,30.34
1789835930.7426498,31.05
1789835931.065515,31.55
1789835931.3967774,31.61
1789835931.7209203,31.86
1789835932.0435793,31.79
1789835932.3863163,31.23
1789835932.7051833,32.11
1789835933.0330102,31.65
1789835933.3700051,31.17
1789835933.7345867,29.36
1789835934.1183352,28.68
1789835934.4814491,29.07
1789835934.8723116,27.92
1789835935.2670493,27.55
1789835935.6240985,29.03
1789835935.978932,29.81
1789835936.3356335,30.24
1789835936.6691556,30.90
1789835936.9993234,31.32
1789835937.3327377,31.15
1789835937.694792,29.97
1789835938.0499568,29.75
1789835938.44132,29.03
1789835938.7967703,30.11
1789835939.1552372,29.81
1789835939.4751587,31.12
1789835939.8022976,31.62
1789835940.126219,31.73
1789835940.4773881,30.54
1789835940.8399441,30.07
1789835941.2176733,29.03
1789835941.5829537,29.15
1789835941.9102805,30.69
1789835942.2691522,30.02
1789835942.6298783,30.12
1789835943.0199645,28.38
1789835943.3786097,29.53
1789835943.719189,30.29
1789835944.0770435,29.85
1789835944.4090855,31.16
1789835944.7532363,30.91
1789835945.1162143,30.17
1789835945.453451,31.25
1789835945.7808912,31.88
1789835946.102616,31.93
1789835946.4377015,31.62
1789835946.764361,31.65
1789835947.0771623,32.93
1789835947.409244,31.96
1789835947.7529697,31.65
1789835948.0766568,32.10
1789835948.4251473,30.51
1789835948.7409718,31.85
1789835949.085269,31.31
1789835949.4021304,32.29
1789835949.725371,32.42
1789835950.0430434,32.91
1789835950.374154,31.57
1789835950.7017758,31.30
1789835951.0282733,31.52
1789835951.3581655,31.52
1789835951.6821818,31.64
1789835952.0064147,31.71
1789835952.392389,29.79
1789835952.752037,29.49
1789835953.102459,29.60
1789835953.4859827,28.35
1789835953.8378906,28.78
1789835954.1786351,29.47
1789835954.5282688,29.67
1789835954.8737519,29.93
1789835955.2748888,27.99
1789835955.6180701,29.38
1789835955.9720044,29.11
1789835956.318814,29.48
1789835956.6632998,29.81
1789835959.3373735,26.32
1789835959.6900303,28.53
1789835960.0449321,29.02
1789835960.4039872,28.88
1789835960.7383592,30.15
1789835961.109607,28.61
1789835961.466434,29.34
1789835961.8286252,29.27
1789835962.2079508,28.08
1789835962.5941637,27.39
1789835962.9835532,27.09
1789835963.3409736,28.70
1789835963.6907673,29.33
1789835964.0385175,29.78
1789835964.3889787,29.40
1789835964.7326868,29.89
1789835965.0913172,29.53
1789835965.4248016,30.50
1789835965.7575672,30.78
1789835966.0964808,30.85
1789835966.440673,30.21
1789835966.8020961,28.81
1789835967.1537962,28.79
1789835967.5215614,28.59
1789835967.8695025,29.05
1789835968.2026448,29.88
1789835968.553181,29.74
1789835968.8741279,31.00
1789835969.2075515,31.09
1789835969.5411406,30.97
1789835969.8825276,30.52
1789835970.224791,30.48
1789835970.5601017,30.65
1789835970.894122,30.50
1789835971.2170727,31.53
1789835971.5661826,30.42
1789835971.8933039,31.20
1789835972.2215838,31.81
1789835972.5673933,30.42
1789835972.9040134,30.71
1789835973.2456024,30.55
1789835973.5875618,30.26
1789835973.9171846,31.33
1789835974.2471843,31.30
1789835974.5920503,30.35
1789835974.9187596,31.29
1789835975.2727263,29.86
1789835975.6544113,28.32
1789835976.0187523,28.53
1789835976.3959014,27.87
1789835976.7426794,29.25
1789835977.099996,29.30
1789835977.4521968,29.59
1789835977.8034766,29.59
1789835978.1549003,29.46
1789835978.5064874,29.60
1789835978.8488324,30.11
1789835979.1930854,30.08
1789835979.515396,31.74
1789835979.850163,31.36
1789835980.1827416,31.55
1789835980.5167203,31.07
1789835980.8368163,31.84
1789835981.1605852,31.90
1789835981.4870794,31.93
1789835981.8081903,32.18
1789835982.128635,32.34
1789835982.458623,31.85
1789835982.7821913,32.24
1789835983.1073756,31.86
1789835983.433808,31.98
1789835983.765324,31.63
1789835984.0884392,32.17
1789835984.411894,31.85
1789835984.737914,31.86
1789835985.052739,32.55
1789835985.378637,31.90
1789835985.6957536,32.46
1789835986.0355752,31.22
1789835986.3495116,32.50
1789835986.6589296,33.48
1789835986.9918466,31.96
1789835987.331971,30.90
1789835987.6565871,31.67
1789835988.0037208,30.25
1789835988.3478978,30.26
1789835988.6824594,30.75
1789835989.0036876,31.95
1789835989.3302355,31.85
1789835989.6538506,32.51
1789835989.978146,32.10
1789835990.3062298,32.11
1789835990.6338325,31.67
1789835990.9593709,31.59
1789835991.281636,31.66
1789835993.5906959,29.49
1789835993.9225497,30.78
1789835994.2487695,31.40
1789835994.5734646,32.07
1789835994.9108455,31.64
1789835995.2409568,31.33
1789835995.5811229,30.80
1789835995.9154987,31.58
1789835996.2990232,29.73
1789835996.6605775,30.08
1789835996.9849374,31.21
1789835997.3116477,31.50
1789835997.6340353,32.44
1789835997.962987,32.20
1789835998.2910328,31.85
1789835998.6188724,31.71
1789835998.9383593,32.20
1789835999.2616982,32.31
1789835999.589545,31.73
1789835999.9170542,31.69
1789836000.2297883,32.59
1789836000.5609689,31.70
1789836000.8891819,31.60
1789836001.222882,31.46
1789836001.556034,30.95
1789836001.897003,30.34
1789836002.246218,30.06
1789836002.5668304,31.43
1789836002.904402,31.17
1789836003.2474234,30.51
1789836003.5789192,30.95
1789836003.9100676,31.08
1789836004.237731,31.45
1789836004.569313,31.35
1789836004.9044702,31.20
1789836005.2407472,31.04
1789836005.570452,31.42
1789836005.895567,31.67
1789836006.2210615,32.12
1789836006.5572307,31.28
1789836006.8826306,31.38
1789836007.2046673,31.71
1789836007.5365162,31.24
1789836007.8603823,31.84
1789836008.1995192,31.02
1789836008.5352292,30.78
1789836008.864567,31.34
1789836009.19242,31.53
1789836009.5213397,31.26
1789836009.8489876,31.57
1789836010.177092,31.44
1789836010.510437,31.22
1789836010.8485153,30.85
1789836011.180542,31.06
1789836011.507755,31.69
1789836011.835934,31.42
1789836012.156296,31.96
1789836012.4907358,31.60
1789836012.8209507,31.61
1789836013.1368568,32.33
1789836013.4610004,32.02
1789836013.7856514,32.25
1789836014.099274,32.60
1789836014.4119098,33.27
1789836014.7452328,31.46
1789836015.0725684,31.74
1789836015.40195,31.61
1789836015.7315814,31.54
1789836016.056214,31.57
1789836016.3922365,31.65
1789836016.7184174,31.70
1789836017.0523777,31.14
1789836017.3845108,31.12
1789836017.7075543,32.18
1789836018.0349061,32.12
1789836018.357261,31.88
1789836018.686411,31.51
1789836019.012926,31.74
1789836019.3392007,31.58
1789836019.671807,31.50
1789836020.0045178,31.63
1789836020.3336966,31.64
1789836020.664653,31.54
1789836020.9939559,31.32
1789836021.3259177,31.34
1789836021.6550953,31.40
1789836021.9861524,31.57
1789836022.3022275,32.33
1789836022.6308663,31.65
1789836022.9597876,31.79
1789836023.2892447,31.36
1789836023.6068592,32.22
1789836023.9235902,32.51
1789836024.265123,31.05
1789836024.6079302,30.65
1789836024.9893944,29.29
1789836025.335922,29.79
1789836025.659765,31.22
1789836028.9166296,29.42
1789836029.2416534,30.95
1789836029.5532608,32.38
1789836029.8833864,31.67
1789836030.2149088,31.48
1789836030.5464356,31.69
1789836030.8724468,32.00
1789836031.21163,31.21
1789836031.5420444,31.33
1789836031.870969,30.93
1789836032.1978998,31.26
1789836032.5214818,31.64
1789836032.8572109,30.95
1789836033.1967485,30.93
1789836033.5154061,31.97
1789836033.830532,32.54
1789836034.1535711,32.02
1789836034.4748504,32.01
1789836034.7956345,32.51
1789836035.168676,30.69
1789836035.5139189,31.00
1789836035.8520834,30.65
1789836036.2005906,30.33
1789836036.535283,30.80
1789836036.8601785,31.44
1789836037.1922874,31.95
1789836037.513796,32.10
1789836037.838434,31.86
1789836038.166491,31.90
1789836038.4933906,31.44
1789836038.8124008,32.18
1789836039.1622322,31.09
1789836039.5073113,30.99
1789836039.835239,31.73
1789836040.1586432,31.80
1789836040.505906,31.01
1789836040.8395338,31.34
1789836041.1880162,30.66
1789836041.5163596,31.21
1789836041.8454227,31.68
1789836042.1651928,32.19
1789836042.50371,31.57
1789836042.8238297,31.98
1789836043.1532383,31.96
1789836043.479635,32.04
1789836043.8542452,29.90
1789836044.2002842,30.42
1789836044.5179822,31.87
1789836044.860115,30.66
1789836045.1926484,31.46
1789836045.554934,30.07
1789836045.8738964,31.76
1789836046.1911232,32.47
1789836046.5305684,31.31
1789836046.8776398,30.91
1789836047.2257097,29.92
1789836047.5569956,30.94
1789836047.8911726,31.23
1789836048.2123218,31.83
1789836048.5445874,31.27
1789836048.8790789,31.17
1789836049.2119372,31.00
1789836049.5447357,30.86
1789836049.86771,31.64
1789836050.2014701,31.10
1789836050.5303013,31.58
1789836050.876548,30.76
1789836051.2316532,30.53
1789836051.5876226,30.16
1789836051.933555,30.51
1789836052.2571428,31.17
1789836052.6135976,30.39
1789836052.9433534,30.80
1789836053.281736,30.83
1789836053.6204793,30.87
1789836053.9415581,31.97
1789836054.2708,31.62
1789836054.5924616,31.80
1789836054.9123647,32.14
1789836055.2562191,31.05
1789836055.5975163,30.64
1789836055.9204938,31.61
1789836056.262746,30.98
1789836056.588177,31.51
1789836056.9082625,31.90
1789836057.2332003,32.32
1789836057.5562296,32.08
1789836057.8864372,31.52
1789836058.218487,31.45
1789836058.5503454,31.34
1789836058.8819556,31.44
1789836059.2160482,31.93
1789836059.54032,31.85
1789836059.873675,31.60
1789836060.2116692,31.04
1789836060.5469465,31.00
1789836060.8623016,32.11
1789836064.1244252,30.90
1789836064.448086,31.84
1789836064.769997,32.34
1789836065.1017623,31.98
1789836065.4129453,33.36
1789836065.7476473,31.95
1789836066.0430748,33.74
1789836066.3500032,33.47
1789836066.6566827,33.67
1789836066.9785032,33.06
1789836067.29694,33.41
1789836067.609602,33.39
1789836067.9266443,32.64
1789836068.2413929,32.47
1789836068.5595908,32.17
1789836068.8805382,31.88
1789836069.1980977,32.26
1789836069.53418,31.54
1789836069.8556912,31.57
1789836070.2055047,30.12
1789836070.5463324,30.73
1789836070.8786707,30.98
1789836071.2130322,31.66
1789836071.537282,31.96
1789836071.8600075,32.32
1789836072.1696079,33.03
1789836072.4929924,32.15
1789836072.8099453,32.43
1789836073.1247325,32.59
1789836073.459484,31.41
1789836073.7834582,31.74
1789836074.110836,31.67
1789836074.432943,31.97
1789836074.7591527,31.74
1789836075.0894034,31.43
1789836075.426449,30.81
1789836075.7486577,31.84
1789836076.086458,31.06
1789836076.4077756,32.01
1789836076.744152,31.24
1789836077.0664191,32.02
1789836077.3906405,32.24
1789836077.7180083,31.71
1789836078.0464566,31.52
1789836078.3793535,31.24
1789836078.708802,31.67
1789836079.0284045,32.03
1789836079.3441794,32.57
1789836079.6660702,32.24
1789836079.98739,32.40
1789836080.3116617,31.85
1789836080.6375742,32.03
1789836080.964569,31.61
1789836081.2873693,31.93
1789836081.6232212,31.55
1789836081.9455216,31.79
1789836082.2698822,31.93
1789836082.5888088,32.40
1789836082.9193995,31.83
1789836083.2515879,31.46
1789836083.5647008,32.39
1789836083.8812242,32.43
1789836084.2103875,32.20
1789836084.5438483,31.28
1789836084.8708377,31.52
1789836085.1938546,32.06
1789836085.5135787,32.16
1789836085.8387313,31.95
1789836086.16436,31.95
1789836086.4949114,31.97
1789836086.8260736,31.55
1789836087.179034,31.34
1789836087.5043375,31.79
1789836087.8364341,31.31
1789836088.167135,31.21
1789836088.4911563,31.67
1789836088.8184469,32.07
1789836089.1399484,32.26
1789836089.4638228,32.01
1789836089.7884607,31.94
1789836090.12304,31.56
1789836090.4532182,31.39
1789836090.8046777,30.67
1789836091.137421,31.06
1789836091.470024,30.56
1789836091.8052135,30.85
1789836092.140711,31.53
1789836092.4632432,31.93
1789836092.812759,30.69
1789836093.1564279,30.73
1789836093.4846704,31.19
1789836093.8091824,31.53
1789836094.1595454,30.42
1789836094.5506809,28.78
1789836094.925441,29.07
1789836095.3023174,28.86
1789836095.682303,29.42
1789836096.0716588,28.68
1789836099.3881042,27.34
1789836099.724639,30.44
1789836100.047815,31.72
1789836100.365492,32.17
1789836100.6962616,31.78
1789836101.0171213,32.22
1789836101.3447132,31.80
1789836101.6678567,31.96
1789836101.993697,31.76
1789836102.3221176,31.81
1789836102.6442463,32.04
1789836102.9770463,31.06
1789836103.3093565,30.96
1789836103.6395524,31.18
1789836103.9584422,31.93
1789836104.2799556,32.12
1789836104.6184256,31.01
1789836104.9410017,31.64
1789836105.286695,31.55
1789836105.6069102,31.87
1789836105.917855,32.55
1789836106.2497504,31.51
1789836106.5928907,30.62
1789836106.919958,31.14
1789836107.2378309,32.10
1789836107.5534081,32.64
1789836107.909759,30.30
1789836108.2818663,28.66
1789836108.6417105,28.89
1789836109.000687,28.96
1789836109.3353865,30.48
1789836109.6586835,31.70
1789836109.9848735,31.75
1789836110.315126,31.45
1789836110.6415188,31.68
1789836110.9640172,31.84
1789836111.2952073,31.39
1789836111.622066,31.42
1789836111.9754465,30.33
1789836112.3012235,31.18
1789836112.6579392,30.77
1789836113.0053728,30.79
1789836113.3456306,31.19
1789836113.6693776,31.70
1789836114.0009851,31.18
1789836114.324797,31.91
1789836114.671909,31.18
1789836115.042333,29.79
1789836115.3686728,30.78
1789836115.7045739,31.36
1789836116.0399542,30.77
1789836116.3676524,31.34
1789836116.6948233,31.49
1789836117.0158257,31.84
1789836117.3442445,31.75
1789836117.7032962,30.70
1789836118.0823421,29.77
1789836118.4557703,29.63
1789836118.823324,29.91
1789836119.1771498,30.43
1789836119.5084453,31.55
1789836119.8612857,30.78
1789836120.238685,29.44
1789836120.5634975,30.99
1789836120.8847609,32.10
1789836121.2143273,32.01
1789836121.547603,31.41
1789836121.8774872,31.35
1789836122.1953156,32.06
1789836122.5167491,31.88
1789836122.8431592,31.78
1789836123.1742818,31.45
1789836123.5018616,31.54
1789836123.8439887,30.86
1789836124.172763,31.20
1789836124.500714,31.39
1789836124.8270562,31.69
1789836125.1589913,31.74
1789836125.4879394,31.48
1789836125.8124971,31.69
1789836126.14766,30.97
1789836126.4812515,30.97
1789836126.8040943,31.77
1789836127.122239,32.24
1789836127.4484408,31.68
1789836127.771453,31.80
1789836128.1044345,31.56
1789836128.4388108,31.31
1789836128.7895267,30.65
1789836129.1175694,31.37
1789836129.449065,31.38
1789836129.7650895,32.35
1789836130.0826926,32.70
1789836130.4177556,31.57
1789836130.752004,31.38
1789836131.0805829,31.52
1789836134.354517,28.33
1789836134.7226188,28.20
1789836135.1138945,27.69
1789836135.4501348,29.53
1789836135.8136077,28.69
1789836136.1669116,29.39
1789836136.4963317,30.44
1789836136.8200998,31.88
1789836137.1401818,32.41
1789836137.4702277,32.34
1789836137.801017,32.12
1789836138.1227722,31.95
1789836138.4564629,31.88
1789836138.8225708,30.69
1789836139.1978133,29.94
1789836139.5240872,31.11
1789836139.8699496,31.44
1789836140.2130666,31.12
1789836140.5743449,30.05
1789836140.9479413,29.73
1789836141.2775965,30.68
1789836141.5946927,32.14
1789836141.9331656,31.82
1789836142.2724776,31.12
1789836142.5961976,31.71
1789836142.9182713,32.51
1789836143.2468424,32.04
1789836143.5692995,32.45
1789836143.8954988,32.26
1789836144.2192433,32.31
1789836144.5451899,31.90
1789836144.8852754,31.30
1789836145.232251,30.81
1789836145.555014,31.75
1789836145.875588,31.98
1789836146.1973066,32.24
1789836146.5180604,32.43
1789836146.8386219,32.53
1789836147.1628401,31.91
1789836147.492345,31.62
1789836147.8193114,32.21
1789836148.139289,31.97
1789836148.451651,32.62
1789836148.7727864,32.43
1789836149.0946288,32.11
1789836149.42792,31.68
1789836149.7520046,31.59
1789836150.079061,31.86
1789836150.4101715,31.62
1789836150.7234797,32.45
1789836151.043094,32.14
1789836151.363127,31.94
1789836151.6950676,31.61
1789836152.0126092,32.00
1789836152.342863,31.88
1789836152.6776023,31.03
1789836152.9898334,32.52
1789836153.312239,32.51
1789836153.6589134,31.33
1789836153.9980426,31.22
1789836154.369036,29.78
1789836154.7528226,29.07
1789836155.1322937,29.08
1789836155.5228167,28.51
1789836155.8892944,29.50
1789836156.2456243,29.86
1789836156.5785823,30.86
1789836156.9576924,29.49
1789836157.3378851,28.56
1789836157.6811836,30.31
1789836158.0076694,31.21
1789836158.3298523,32.05
1789836158.7030153,29.95
1789836159.055433,29.99
1789836159.4427218,28.66
1789836159.8308778,28.29
1789836160.2191255,28.56
1789836160.5974965,28.43
1789836160.936615,30.37
1789836161.2602754,31.46
1789836161.5947633,31.60
1789836161.9466324,30.80
1789836162.2804663,31.03
1789836162.617491,31.06
1789836162.9428499,31.39
1789836163.272325,31.34
1789836163.59032,32.40
1789836163.9110787,32.13
1789836164.2886083,29.80
1789836164.6219687,31.41
1789836164.9520686,32.20
1789836165.3340423,30.01
1789836165.6857514,30.60
1789836166.0388327,30.80
1789836166.4075553,29.95
1789836169.5437434,28.12
1789836169.8962595,28.84
1789836170.2569435,28.89
1789836170.6141267,29.05
1789836170.9695938,29.46
1789836171.2890255,31.34
1789836171.6103418,31.79
1789836171.939098,31.61
1789836172.2720392,31.39
1789836172.5860715,33.00
1789836172.9141583,32.12
1789836173.2339034,32.57
1789836173.5586894,32.56
1789836173.884704,32.01
1789836174.2200227,31.64
1789836174.55325,31.27
1789836174.8949263,31.01
1789836175.2275476,31.06
1789836175.5675843,31.06
1789836175.909451,31.04
1789836176.2457287,31.34
1789836176.5841227,31.20
1789836176.9359267,30.85
1789836177.260825,31.20
1789836177.5801334,31.87
1789836177.9115195,31.26
1789836178.2378812,31.67
1789836178.5768368,31.06
1789836178.9087489,31.37
1789836179.2489736,30.64
1789836179.5904074,30.80
1789836179.9088135,32.34
1789836180.229197,32.73
1789836180.5526357,32.45
1789836180.8783665,31.98
1789836181.2095764,31.50
1789836181.5285406,31.99
1789836181.8491218,32.56
1789836182.1745796,31.99
1789836182.5014489,31.68
1789836182.8274746,32.07
1789836183.1559408,32.05
1789836183.4886336,31.69
1789836183.8280344,31.51
1789836184.1419528,32.31
1789836184.4750206,32.06
1789836184.794737,32.19
1789836185.1165242,32.36
1789836185.4393559,32.39
1789836185.7614954,32.02
1789836186.0785115,32.57
1789836186.4069972,31.90
1789836186.7360752,31.40
1789836187.0711193,31.32
1789836187.3885827,31.98
1789836187.720416,32.12
1789836188.0544724,31.56
1789836188.3808784,31.67
1789836188.6996295,32.12
1789836189.0311863,31.60
1789836189.354944,31.81
1789836189.6800754,32.09
1789836190.0128856,31.44
1789836190.3395221,32.20
1789836190.6757321,31.34
1789836191.0021386,32.11
1789836191.3456979,31.13
1789836191.6724188,31.66
1789836192.0172553,31.96
1789836192.3507955,31.26
1789836192.7139266,30.14
1789836193.07519,30.19
1789836193.4310894,30.16
1789836193.811996,29.28
1789836194.2019453,28.78
1789836194.5538337,29.92
1789836194.8687673,32.13
1789836195.1959295,31.80
1789836195.518741,32.20
1789836195.848148,31.59
1789836196.1808248,31.67
1789836196.509305,31.63
1789836196.837497,31.70
1789836197.1663122,31.99
1789836197.4908164,32.06
1789836197.8140807,32.01
1789836198.1532025,31.19
1789836198.464974,32.23
1789836198.7876852,32.20
1789836199.1082027,32.52
1789836199.4379034,31.54
1789836199.7734432,30.92
1789836200.0991943,31.52
1789836200.4188352,32.49
1789836200.7462926,32.24
1789836201.091102,30.56
1789836201.4244654,31.00
1789836204.5489912,29.18
1789836204.9106672,28.69
1789836205.267998,29.14
1789836205.6369345,28.36
1789836205.9964263,29.42
1789836206.3765516,29.10
1789836206.7585719,28.99
1789836207.0939972,30.07
1789836207.4140348,31.40
1789836207.7402577,31.48
1789836208.0572882,32.27
1789836208.3872356,31.86
1789836208.7161322,31.50
1789836209.0539267,30.73
1789836209.3775635,31.93
1789836209.699768,31.84
1789836210.0170164,32.12
1789836210.37006,30.18
1789836210.7243183,29.82
1789836211.0897164,28.87
1789836211.4494867,29.11
1789836211.8260255,28.04
1789836212.1751273,29.16
1789836212.5012026,31.39
1789836212.8251488,31.79
1789836213.1673868,30.79
1789836213.4992542,30.64
1789836213.8512876,29.97
1789836214.1914864,30.08
1789836214.5366259,30.19
1789836214.8700993,30.91
1789836215.2014687,31.16
1789836215.527282,31.64
1789836215.8604302,31.79
1789836216.1865458,31.80
1789836216.5077326,31.75
1789836216.8344724,31.99
1789836217.1516838,32.44
1789836217.4734714,32.76
1789836217.797517,32.42
1789836218.1212947,31.94
1789836218.4370496,32.67
1789836218.7712476,31.70
1789836219.094966,32.35
1789836219.4212155,31.74
1789836219.7561214,31.07
1789836220.0852032,31.32
1789836220.4248574,30.88
1789836220.776028,30.28
1789836221.1131964,30.84
1789836221.4354413,31.53
1789836221.767182,31.76
1789836222.1036313,31.04
1789836222.4471045,30.84
1789836222.7647574,31.93
1789836223.0808246,32.08
1789836223.4161243,31.52
1789836223.7400014,31.85
1789836224.0532193,32.72
1789836224.370928,32.58
1789836224.7015767,31.83
1789836225.014885,32.65
1789836225.3454237,31.52
1789836225.6761274,31.39
1789836225.998805,31.97
1789836226.323964,31.87
1789836226.6832914,30.48
1789836227.024169,31.48
1789836227.3524048,31.42
1789836227.6710465,31.96
1789836227.9982932,31.68
1789836228.3650932,30.40
1789836228.747942,29.18
1789836229.12724,28.88
1789836229.4556613,30.66
1789836229.791656,31.23
1789836230.136786,31.99
1789836230.4791296,31.49
1789836230.8078463,31.19
1789836231.1353946,31.24
1789836231.464921,31.02
1789836231.7911215,31.47
1789836232.1342652,31.19
1789836232.4665132,31.18
1789836232.790466,31.49
1789836233.1133003,31.75
1789836233.4498718,31.39
1789836233.7759864,31.58
1789836234.0912147,32.46
1789836234.412857,32.21
1789836234.7406154,31.76
1789836235.062149,32.02
1789836235.4029052,30.91
1789836235.787338,29.35
1789836236.1202006,31.10
1789836236.444757,31.80
1789836239.5995085,30.58
1789836239.935742,31.67
1789836240.2735016,31.92
1789836240.6339629,30.31
1789836240.9736726,30.57
1789836241.3154776,30.65
1789836241.7014198,28.38
1789836242.1369815,26.67
1789836242.567257,26.49
1789836242.9834008,26.46
1789836243.389795,26.97
1789836243.8118992,26.38
1789836244.223584,26.78
1789836244.6247067,27.25
1789836245.0417824,26.72
1789836245.449721,26.76
1789836245.838322,27.99
1789836246.229565,28.02
1789836246.613958,28.68
1789836247.0007505,28.81
1789836247.3890169,28.88
1789836247.772251,28.79
1789836248.1923134,26.78
1789836248.6000235,27.15
1789836248.9940255,27.86
1789836249.3835227,28.69
1789836249.764189,29.11
1789836250.1484234,28.57
1789836250.5364494,28.15
1789836250.914336,28.74
1789836251.2972164,29.01
1789836251.6850276,28.82
1789836252.0679238,28.92
1789836252.4524086,28.69
1789836252.8337317,28.81
1789836253.219096,28.62
1789836253.6082609,28.17
1789836253.9940686,28.65
1789836254.3817112,28.47
1789836254.7708797,28.97
1789836255.1547246,28.75
1789836255.5296168,28.58
1789836255.9146364,28.60
1789836256.2856314,29.38
1789836256.7047138,27.18
1789836257.0646763,29.06
1789836257.4530787,28.61
1789836257.823727,28.83
1789836258.2028425,29.28
1789836258.5711584,29.52
1789836258.9456024,29.43
1789836259.325539,28.96
1789836259.7002347,29.09
1789836260.0818913,29.01
1789836260.4594624,29.32
1789836260.8353872,29.23
1789836261.2147882,28.91
1789836261.613943,28.52
1789836261.9916046,28.92
1789836262.3802986,28.54
1789836262.7755897,28.57
1789836263.1499496,28.84
1789836263.5352638,28.48
1789836263.928123,28.22
1789836264.307087,29.04
1789836264.6920326,28.83
1789836265.0874028,28.46
1789836265.456079,29.57
1789836265.8053935,30.42
1789836266.1378226,31.02
1789836266.461423,31.90
1789836266.801225,31.15
1789836267.1539483,30.40
1789836267.5154898,30.20
1789836267.903759,28.86
1789836268.2738473,29.51
1789836268.6536026,29.17
1789836269.0368392,28.56
1789836269.3748994,30.19
1789836269.710058,30.48
1789836270.0788217,29.55
1789836270.4304757,30.01
1789836270.769221,30.47
1789836271.0859618,31.91
1789836271.4092484,31.93
1789836274.557849,28.06
1789836274.9201825,28.25
1789836275.296642,28.08
1789836275.642043,29.25
1789836275.9681087,30.89
1789836276.29264,31.55
1789836276.622606,31.79
1789836276.945091,31.62
1789836277.2651064,32.04
1789836277.5919466,31.73
1789836277.918052,31.56
1789836278.237261,32.17
1789836278.5721185,31.65
1789836278.8913057,31.89
1789836279.2263029,31.12
1789836279.5654297,30.41
1789836279.904481,30.46
1789836280.2402828,30.63
1789836280.5890365,30.54
1789836280.897232,32.24
1789836281.210835,32.58
1789836281.5289776,32.30
1789836281.8380277,33.02
1789836282.161148,32.13
1789836282.4979925,31.38
1789836282.8225098,31.41
1789836283.1363635,32.33
1789836283.4587183,32.58
1789836283.784958,32.26
1789836284.1086025,32.46
1789836284.4376564,31.66
1789836284.751567,32.44
1789836285.0684218,32.43
1789836285.3888202,32.31
1789836285.7092228,32.32
1789836286.025397,32.21
1789836286.3577018,31.27
1789836286.690153,31.87
1789836286.9988184,33.11
1789836287.3327372,31.66
1789836287.648447,32.57
1789836287.965435,32.41
1789836288.2893882,32.01
1789836288.6211107,31.44
1789836288.9467008,31.40
1789836289.2595632,32.61
1789836289.588453,31.62
1789836289.9207435,31.58
1789836290.2661545,30.59
1789836290.662929,28.76
1789836291.001966,31.09
1789836291.3261447,31.74
1789836291.660961,31.56
1789836291.998552,30.98
1789836292.329332,31.03
1789836292.6412723,32.58
1789836292.9570286,32.69
1789836293.2905493,31.66
1789836293.6225245,31.33
1789836293.9438639,32.17
1789836294.2624402,32.51
1789836294.59381,32.01
1789836294.9142938,32.32
1789836295.2359009,31.97
1789836295.5697703,31.42
1789836295.893397,31.96
1789836296.2217429,31.41
1789836296.5429916,31.96
1789836296.869145,31.88
1789836297.1804264,32.65
1789836297.5162184,31.32
1789836297.8498847,31.23
1789836298.173757,31.71
1789836298.4957047,32.30
1789836298.8818069,29.82
1789836299.2158937,30.76
1789836299.5701225,30.45
1789836299.8853168,31.92
1789836300.2286506,31.29
1789836300.5690057,31.02
1789836300.9398863,29.70
1789836301.2584848,31.29
1789836301.5860884,31.29
1789836301.926921,30.70
1789836302.2515106,31.57
1789836302.586908,31.05
1789836302.9049163,31.87
1789836303.2346084,31.88
1789836303.5718596,31.14
1789836303.90151,31.49
1789836304.2339826,31.43
1789836304.572616,30.79
1789836304.9031029,31.02
1789836305.2316127,31.68
1789836305.5485265,32.34
1789836305.873216,32.16
1789836306.1923609,32.50
1789836306.5129771,32.14
1789836309.6332552,30.95
1789836309.9540718,31.73
1789836310.275482,32.26
1789836310.6094894,31.25
1789836310.9552493,30.26
1789836311.2921493,30.49
1789836311.6265655,30.83
1789836311.9684544,30.48
1789836312.2991126,31.06
1789836312.637334,30.74
1789836312.9870765,30.23
1789836313.3403425,29.88
1789836313.6839547,30.18
1789836314.029316,30.31
1789836314.3699627,30.25
1789836314.710288,30.61
1789836315.061396,29.57
1789836315.4022012,30.44
1789836315.7444377,30.19
1789836316.1030183,29.51
1789836316.4660974,28.93
1789836316.804313,29.80
1789836317.1485379,30.11
1789836317.4869893,30.47
1789836317.8250382,30.76
1789836318.1678877,30.26
1789836318.4974654,31.28
1789836318.8283415,31.27
1789836319.150629,31.78
1789836319.491412,31.12
1789836319.8202772,31.50
1789836320.1563864,31.16
1789836320.4774203,31.73
1789836320.7945814,32.23
1789836321.1268296,31.26
1789836321.4508884,31.83
1789836321.7711968,32.10
1789836322.105465,31.10
1789836322.4387448,30.96
1789836322.7680964,31.36
1789836323.0915565,32.04
1789836323.424531,31.23
1789836323.748756,31.89
1789836324.083506,31.23
1789836324.4071133,31.76
1789836324.7473392,31.00
1789836325.0696774,31.74
1789836325.3931105,31.80
1789836325.7197874,31.92
1789836326.0472088,31.56
1789836326.3680658,32.14
1789836326.696661,31.62
1789836327.0265918,31.35
1789836327.346959,31.70
1789836327.6714332,31.67
1789836327.9999518,31.61
1789836328.3127384,32.73
1789836328.6324568,32.18
1789836328.9587133,31.94
1789836329.293571,31.14
1789836329.630063,30.69
1789836329.9611611,31.05
1789836330.2790682,31.80
1789836330.6123745,31.46
1789836330.9411275,31.57
1789836331.2608006,32.08
1789836331.5942218,31.40
1789836331.921197,31.69
1789836332.2408,32.14
1789836332.5681658,31.87
1789836332.8968165,31.69
1789836333.2280421,31.57
1789836333.5543852,31.48
1789836333.881039,31.30
1789836334.2103317,31.43
1789836334.536984,31.71
1789836334.851866,32.56
1789836335.1781814,31.87
1789836335.4930997,32.41
1789836335.8205132,31.72
1789836336.130648,32.69
1789836336.5034928,30.87
1789836336.8892262,29.61
1789836337.2764778,29.10
1789836337.675872,27.92
1789836338.0646348,28.47
1789836338.4488227,28.44
1789836338.7936995,29.65
1789836339.1134968,31.45
1789836339.4441671,31.65
1789836339.770127,32.20
1789836340.0910606,32.45
1789836340.4267175,32.09
1789836340.78606,31.23
1789836341.1626594,30.09
1789836341.533125,29.74
1789836344.4277506,28.10
1789836344.8063502,28.50
1789836345.188978,28.68
1789836345.567143,28.84
1789836345.9562213,28.81
1789836346.3298275,29.08
1789836346.7116313,29.07
1789836347.099507,28.71
1789836347.48425,28.55
1789836347.8660731,28.63
1789836348.249724,28.96
1789836348.6327643,28.94
1789836349.018235,28.89
1789836349.3922877,29.25
1789836349.7577498,30.06
1789836350.1118717,31.19
1789836350.4558773,32.15
1789836350.8158545,31.23
1789836351.1289616,32.14
1789836351.4654245,31.89
1789836351.785139,32.38
1789836352.1110048,31.98
1789836352.456353,30.86
1789836352.7808037,31.45
1789836353.1784053,29.84
1789836353.5659623,29.01
1789836353.938878,29.74
1789836354.2648764,31.33
1789836354.632491,30.66
1789836355.0145862,29.16
1789836355.4055896,28.29
1789836355.8026526,28.12
1789836356.2066839,27.26
1789836356.583681,28.42
1789836356.9296963,30.11
1789836357.2904391,30.00
1789836357.6337838,30.52
1789836357.990158,30.30
1789836358.3384895,30.43
1789836358.7292075,29.20
1789836359.077853,30.51
1789836359.4173133,30.74
1789836359.790487,29.44
1789836360.1733086,29.06
1789836360.5737948,28.01
1789836360.963745,28.37
1789836361.3334465,29.31
1789836361.6854167,29.93
1789836362.0545156,29.51
1789836362.4377518,29.09
1789836362.8088562,29.35
1789836363.167183,30.15
1789836363.4882703,31.51
1789836363.8142197,31.78
1789836364.1936908,29.97
1789836364.5742893,29.29
1789836364.9552195,28.97
1789836365.311698,30.22
1789836365.691349,29.60
1789836366.0277343,30.99
1789836366.3572593,31.35
1789836366.6816258,31.63
1789836367.048712,30.25
1789836367.3873656,31.25
1789836367.7616835,30.02
1789836368.1337488,29.42
1789836368.5033355,29.66
1789836368.8473387,30.61
1789836369.196053,30.29
1789836369.5458064,30.54
1789836369.9370472,28.92
1789836370.2645025,31.07
1789836370.603588,31.15
1789836370.936264,30.97
1789836371.3331418,29.20
1789836371.7211149,28.84
1789836372.0984507,29.06
1789836372.4848816,28.88
1789836372.8614037,29.11
1789836373.2243216,29.66
1789836373.5982969,29.48
1789836373.9810936,28.99
1789836374.3691442,28.56
1789836374.7578382,28.62
1789836375.1329618,29.18
1789836375.5094342,28.80
1789836375.9013805,28.23
1789836376.286551,28.88
1789836379.596297,27.76
1789836380.0189676,26.60
1789836380.3755777,28.30
1789836380.732665,28.51
1789836381.082981,29.28
1789836381.4457016,29.67
1789836381.791328,29.90
1789836382.1804821,28.68
1789836382.5837028,27.94
1789836382.945763,28.37
1789836383.3347876,27.55
1789836383.6896458,28.78
1789836384.0430326,29.26
1789836384.4019606,29.05
1789836384.751814,29.49
1789836385.1067107,29.04
1789836385.4437938,29.91
1789836385.789308,30.40
1789836386.1327038,30.27
1789836386.4826212,29.84
1789836386.8812907,28.00
1789836387.2515256,28.90
1789836387.6047468,29.19
1789836387.9560678,29.64
1789836388.2766953,31.17
1789836388.5911412,32.47
1789836388.9149535,32.13
1789836389.2388155,32.40
1789836389.567999,31.70
1789836389.9429355,29.94
1789836390.3039916,30.35
1789836390.660365,30.55
1789836390.9773228,31.90
1789836391.320548,31.24
1789836391.6593773,31.30
1789836391.9880888,31.81
1789836392.340201,30.67
1789836392.6744387,31.14
1789836392.9989848,31.73
1789836393.3332503,31.13
1789836393.6757,31.58
1789836393.988496,32.35
1789836394.3046036,32.98
1789836394.6357744,32.39
1789836394.9683263,31.35
1789836395.297586,31.43
1789836395.617255,32.47
1789836395.9745166,30.47
1789836396.303053,31.53
1789836396.634136,31.68
1789836396.9816651,31.17
1789836397.3626804,29.58
1789836397.719749,29.77
1789836398.0740802,30.23
1789836398.4530985,29.79
1789836398.808497,30.23
1789836399.1767735,29.71
1789836399.5179079,30.51
1789836399.867403,30.18
1789836400.2411485,29.68
1789836400.6233277,29.00
1789836401.018052,28.40
1789836401.4038956,28.37
1789836401.7480538,30.48
1789836402.0760467,31.03
1789836402.3981943,31.82
1789836402.7323952,31.33
1789836403.0609016,32.02
1789836403.3988373,31.29
1789836403.7588596,30.61
1789836404.0860548,31.96
1789836404.4034429,32.33
1789836404.7248726,32.30
1789836405.0275102,33.68
1789836405.3447905,33.19
1789836405.6575284,32.92
1789836405.971324,32.66
1789836406.2970734,32.46
1789836406.614841,32.39
1789836406.9425485,31.76
1789836407.260313,32.43
1789836407.5749576,32.25
1789836407.8975837,32.01
1789836408.2262297,31.58
1789836408.539027,32.47
1789836408.8630595,31.85
1789836409.1730738,32.69
1789836409.489516,32.57
1789836409.7955425,33.18
1789836410.1189666,32.34
1789836410.4392498,32.00
1789836410.7619512,31.92
1789836411.0784955,32.36
1789836411.4050844,31.76
1789836413.9444554,29.47
1789836414.2910588,30.35
1789836414.6340706,30.64
1789836414.9807014,30.91
1789836415.301566,31.79
1789836415.6375499,31.98
1789836415.953025,32.83
1789836416.2875965,31.40
1789836416.601891,32.27
1789836416.9189281,32.48
1789836417.2346013,32.72
1789836417.552195,32.35
1789836417.871258,32.13
1789836418.1833363,32.59
1789836418.4977236,33.24
1789836418.8545005,31.05
1789836419.1809042,31.80
1789836419.5112767,31.88
1789836419.8881345,30.06
1789836420.2716637,28.99
1789836420.6542284,28.64
1789836421.0424612,28.36
1789836421.43217,28.52
1789836421.8055534,28.93
1789836422.1741107,29.61
1789836422.5429306,29.72
1789836422.8791249,31.05
1789836423.2466805,29.96
1789836423.6206565,29.31
1789836424.006828,28.69
1789836424.3504438,30.22
1789836424.7351227,29.02
1789836425.11083,29.32
1789836425.4925613,29.07
1789836425.8669124,29.17
1789836426.2466965,29.02
1789836426.6301494,28.64
1789836427.0237558,27.99
1789836427.4109297,28.25
1789836427.7934299,28.69
1789836428.185845,28.16
1789836428.5693355,28.36
1789836428.946841,28.24
1789836429.3442402,28.44
1789836429.7083726,29.45
1789836430.0649173,29.66
1789836430.3880107,31.41
1789836430.7080245,32.04
1789836431.0944486,30.11
1789836431.4955542,28.46
1789836431.8725889,28.34
1789836432.2519195,28.99
1789836432.6326752,29.17
1789836433.0208032,28.63
1789836433.4054484,28.58
1789836433.7884007,28.79
1789836434.165047,29.18
1789836434.5482006,28.97
1789836434.9332488,28.81
1789836435.3222723,28.43
1789836435.7045217,28.52
1789836436.0888062,28.71
1789836436.4779127,28.64
1789836436.823361,30.14
1789836437.1732314,30.15
1789836437.568869,28.80
1789836437.968543,27.88
1789836438.3637614,27.81
1789836438.7475252,28.66
1789836439.1313837,28.36
1789836439.4776769,29.64
1789836439.8629098,29.09
1789836440.1961136,31.30
1789836440.5401664,30.97
1789836440.9079509,30.31
1789836441.2943766,29.25
1789836441.679914,29.18
1789836442.0581224,29.50
1789836442.43174,29.43
1789836442.780781,30.36
1789836443.1171772,30.53
1789836443.45287,30.59
1789836443.829351,29.05
1789836444.2169163,28.80
1789836444.6010706,28.37
1789836444.9881704,28.40
1789836445.4175956,26.80
1789836445.822836,27.09
1789836449.1432621,25.98
1789836449.5668283,26.32
1789836449.986564,26.48
1789836450.4148324,25.69
1789836450.8390524,26.04
1789836451.271093,25.84
1789836451.7061293,25.29
1789836452.1363926,25.22
1789836452.5642738,25.18
1789836452.989205,25.85
1789836453.404501,26.43
1789836453.8248389,26.37
1789836454.2413483,26.36
1789836454.667146,26.42
1789836455.086531,26.49
1789836455.5045693,26.36
1789836455.904644,26.81
1789836456.3347697,26.30
1789836456.7243369,27.17
1789836457.1381016,26.54
1789836457.5548172,26.47
1789836457.9746366,26.24
1789836458.3873343,26.70
1789836458.8054633,26.56
1789836459.2217388,26.78
1789836459.6427238,26.42
1789836460.0612652,26.31
1789836460.4680693,27.05
1789836460.8750932,27.12
1789836461.2944567,26.56
1789836461.7070384,26.52
1789836462.119289,26.49
1789836462.5459447,25.57
1789836462.8861434,28.45
1789836463.2412918,28.66
1789836463.5869627,29.54
1789836463.9602084,28.68
1789836464.330193,28.44
1789836464.742423,27.03
1789836465.1453815,27.13
1789836465.5342584,27.79
1789836465.9075344,28.83
1789836466.2852101,29.09
1789836466.6597636,29.52
1789836467.0196366,29.99
1789836467.3602722,30.30
1789836467.6849391,31.31
1789836468.0165572,31.57
1789836468.3853967,30.33
1789836468.7165082,30.91
1789836469.0534873,30.86
1789836469.3818855,31.49
1789836469.7072587,31.56
1789836470.0863392,30.02
1789836470.4595191,29.65
1789836470.8537416,28.06
1789836471.2281895,29.29
1789836471.6128676,29.09
1789836471.9991739,28.56
1789836472.384406,28.38
1789836472.7400112,30.09
1789836473.0644567,30.87
1789836473.4189348,30.93
1789836473.7751606,29.79
1789836474.1153553,30.93
1789836474.4595175,30.76
1789836474.8301022,30.11
1789836475.2131584,28.81
1789836475.5873716,29.33
1789836475.9050999,31.10
1789836476.2331393,31.59
1789836476.5620503,31.19
1789836476.8813033,31.97
1789836477.2062905,31.94
1789836477.5507398,30.73
1789836477.9073884,30.52
1789836478.2711167,30.42
1789836478.617707,30.83
1789836478.9508226,31.27
1789836479.311334,30.64
1789836479.646916,31.21
1789836479.9987926,30.06
1789836480.3428137,30.50
1789836480.6730895,31.13
1789836481.001244,32.11
1789836482.7989979,28.34
1789836483.1264594,30.39
1789836483.4451742,31.87
1789836483.7673526,32.13
1789836484.0979075,31.79
1789836484.4360933,31.12
1789836484.781743,30.50
1789836485.0978105,31.64
1789836485.422887,31.75
1789836485.7494304,31.69
1789836486.0760078,32.04
1789836486.4047933,31.74
1789836486.7353961,31.52
1789836487.0525553,32.43
1789836487.3837273,31.52
1789836487.7019572,32.12
1789836488.022731,31.93
1789836488.3602617,31.12
1789836488.6879327,31.32
1789836489.0212865,31.29
1789836489.3398085,32.03
1789836489.669481,31.62
1789836489.9980178,31.33
1789836490.323999,31.60
1789836490.6583948,31.59
1789836490.9778802,31.90
1789836491.2898345,32.80
1789836491.61683,32.44
1789836491.9420695,32.09
1789836492.2719948,31.57
1789836492.6074326,31.40
1789836492.9272122,32.25
1789836493.253162,31.70
1789836493.5806992,31.44
1789836493.9113147,31.42
1789836494.2477212,30.59
1789836494.595977,30.92
1789836494.9562232,30.35
1789836495.3239179,29.79
1789836495.7016213,29.32
1789836496.0628471,29.84
1789836496.4016802,30.45
1789836496.7154388,32.29
1789836497.0454805,31.34
1789836497.3717546,31.86
1789836497.7123003,30.97
1789836498.0367558,31.71
1789836498.354541,32.01
1789836498.6821856,31.78
1789836498.9981139,32.46
1789836499.319103,32.06
1789836499.6515028,31.49
1789836499.9771478,31.72
1789836500.3017044,31.94
1789836500.6246324,32.62
1789836500.9485643,32.39
1789836501.286374,31.58
1789836501.619071,30.90
1789836501.942277,31.48
1789836502.2734563,31.36
1789836502.6017342,31.55
1789836502.9303942,31.50
1789836503.2573335,31.42
1789836503.5859456,31.39
1789836503.9056005,32.29
1789836504.2336457,31.92
1789836504.569193,31.66
1789836504.9115539,30.50
1789836505.2914083,29.70
1789836505.614345,31.23
1789836505.9334877,32.15
1789836506.3139749,30.27
1789836506.695462,29.53
1789836507.0735288,29.10
1789836507.453315,28.91
1789836507.8277395,29.35
1789836508.2085724,29.10
1789836508.590172,28.92
1789836508.950114,29.49
1789836509.2648177,31.64
1789836509.5856268,32.07
1789836509.9602678,30.18
1789836510.2886221,31.63
1789836510.6122005,31.90
1789836510.9318774,32.00
1789836511.2578595,31.69
1789836511.5722032,32.64
1789836511.9060826,31.35
1789836512.2659814,29.66
1789836512.6116045,29.73
1789836512.9527557,30.07
1789836513.2882817,30.48
1789836513.6105788,31.47
1789836513.960859,30.52
1789836514.3419561,29.71
1789836514.7389054,28.18
1789836518.069949,25.47
1789836518.4598324,26.85
1789836518.8199306,28.32
1789836519.2338076,27.28
1789836519.654522,26.78
1789836520.0679276,26.69
1789836520.4563258,27.30
1789836520.8796093,26.35
1789836521.2983153,26.44
1789836521.7143552,26.46
1789836522.1363,26.45
1789836522.511565,28.24
1789836522.8566754,29.39
1789836523.2457078,28.00
1789836523.6280239,28.22
1789836523.998184,28.25
1789836524.321331,31.64
1789836524.6272397,33.41
1789836524.9457955,32.66
1789836525.2939868,31.58
1789836525.609272,33.06
1789836525.90447,34.09
1789836526.2239554,33.50
1789836526.5214117,34.24
1789836526.8720908,32.05
1789836527.1974912,31.52
1789836527.5293174,31.52
1789836527.8412683,32.37
1789836528.1642768,32.19
1789836528.4807463,32.54
1789836528.7969475,32.83
1789836529.1198032,32.45
1789836529.4353666,32.89
1789836529.748551,33.02
1789836530.0684667,32.70
1789836530.400131,31.75
1789836530.7228398,32.01
1789836531.0472698,31.92
1789836531.3565037,33.05
1789836531.6835983,31.87
1789836532.0006146,32.44
1789836532.2874534,35.47
1789836532.570504,36.35
1789836532.852928,36.55
1789836533.148321,35.55
1789836533.4711893,34.33
1789836533.7627826,34.94
1789836534.0854352,33.34
1789836534.382831,33.85
1789836534.6911554,34.19
1789836534.9969466,35.33
1789836535.2932878,35.04
1789836535.6132665,33.78
1789836535.9483354,33.57
1789836536.291728,32.60
1789836536.606945,32.50
1789836536.94041,31.63
1789836537.267031,31.81
1789836537.6060812,31.78
1789836537.8933554,35.40
1789836538.234513,32.93
1789836538.565026,32.17
1789836538.9045415,31.72
1789836539.2302134,31.87
1789836539.5594506,31.49
1789836539.9317894,30.10
1789836540.2671943,31.27
1789836540.5910652,31.72
1789836540.9501712,30.49
1789836541.2801833,30.92
1789836541.6040304,31.44
1789836541.921554,32.10
1789836542.2381415,32.70
1789836542.5560758,32.85
1789836542.878768,32.40
1789836543.2010384,31.94
1789836543.5207932,32.09
1789836543.840395,32.53
1789836544.1779013,32.09
1789836544.5013845,32.31
1789836544.8207302,32.48
1789836545.1413314,32.30
1789836545.52722,28.21
1789836545.8113596,34.59
1789836546.0828154,37.67
1789836546.514421,28.89
1789836547.0013814,24.00
1789836547.4716787,22.72
1789836547.9757059,22.23
1789836548.4187987,23.07
1789836548.878905,22.77
1789836549.3932264,21.52
1789836549.879002,21.82
1789836552.5196164,21.15
1789836552.9665744,22.99
1789836553.4207351,23.20
1789836553.8471632,23.86
1789836554.2878075,24.17
1789836554.7299666,23.69
1789836555.2441754,22.02
1789836555.662326,23.97
1789836556.0837739,24.47
1789836556.5255766,23.90
1789836556.9588728,23.89
1789836557.4280057,23.11
1789836557.942268,22.40
1789836558.4549832,22.10
1789836558.9577518,22.17
1789836559.4515111,22.18
1789836559.922341,22.97
1789836560.3571038,23.67
1789836560.8863845,22.11
1789836561.4293284,20.87
1789836561.9425619,21.26
1789836562.4782104,20.93
1789836562.9850917,21.52
1789836563.4407363,22.42
1789836563.9178982,22.46
1789836564.4087892,21.87
1789836564.9662843,20.40
1789836565.4719517,21.07
1789836565.983867,21.54
1789836566.5096135,21.37
1789836567.0053096,22.36
1789836567.426609,24.32
1789836567.8594942,24.27
1789836568.3052974,23.87
1789836568.7161252,24.70
1789836569.1382182,24.66
1789836569.5502954,25.20
1789836569.981889,24.22
1789836570.418974,24.10
1789836570.840802,24.68
1789836571.263762,24.61
1789836571.6715198,25.30
1789836572.0918612,24.98
1789836572.4864035,25.62
1789836572.8996513,25.40
1789836573.329339,24.45
1789836573.7474678,24.62
1789836574.15958,24.88
1789836574.5865924,24.61
1789836575.0009165,24.94
1789836575.4290164,24.64
1789836575.8425038,25.18
1789836576.237119,25.79
1789836576.6681087,24.94
1789836577.0678387,25.69
1789836577.484839,25.35
1789836577.8936944,25.56
1789836578.309097,25.40
1789836578.71549,25.38
1789836579.113113,25.93
1789836579.5228345,25.56
1789836579.9299672,25.61
1789836580.3342662,25.62
1789836580.7416186,25.63
1789836581.1647038,24.85
1789836581.5766473,25.35
1789836581.9836252,25.59
1789836582.404286,24.96
1789836582.82233,24.85
1789836583.2337477,25.38
1789836583.638766,25.75
1789836584.0592947,24.87
1789836584.489729,24.56
1789836587.7787807,23.97
1789836588.2033165,24.41
1789836588.6310155,24.31
1789836589.06571,24.34
1789836589.5055413,23.84
1789836589.927797,24.32
1789836590.3771198,23.74
1789836590.7941954,24.72
1789836591.2250524,24.29
1789836591.6530678,24.38
1789836592.0905952,23.98
1789836592.5180688,24.35
1789836592.9606943,24.04
1789836593.4007306,23.85
1789836593.8616421,23.01
1789836594.3217976,22.86
1789836594.7605991,23.82
1789836595.1878998,24.08
1789836595.6373682,23.65
1789836596.1358275,22.66
1789836596.6586185,21.84
1789836597.0839446,23.46
1789836597.5139105,23.75
1789836597.9434862,24.04
1789836598.3631501,24.40
1789836598.7849026,24.60
1789836599.2090287,24.64
1789836599.6152382,25.36
1789836600.0400996,24.79
1789836600.4458015,25.26
1789836600.8615918,25.13
1789836601.2742724,25.03
1789836601.6917,24.93
1789836602.1037347,24.94
1789836602.5228708,24.86
1789836602.9417868,25.10
1789836603.4094355,23.88
1789836603.8470933,24.44
1789836604.277727,24.47
1789836604.7574947,23.45
1789836605.24956,23.01
1789836605.6590004,24.53
1789836606.1498802,23.01
1789836606.6330233,23.03
1789836607.1258545,22.91
1789836607.5925627,23.51
1789836608.0746462,23.31
1789836608.5452874,23.53
1789836608.9657183,24.75
1789836609.3725655,25.27
1789836609.8026412,24.93
1789836610.2733352,24.10
1789836610.698847,24.59
1789836611.1132832,25.08
1789836611.548567,24.80
1789836612.0054705,23.88
1789836612.47867,23.55
1789836612.9128997,24.40
1789836613.313011,25.30
1789836613.7067683,25.87
1789836614.1177166,25.88
1789836614.5548236,24.72
1789836614.983371,25.11
1789836615.388802,25.38
1789836615.819071,24.72
1789836616.3000212,23.92
1789836616.708424,25.10
1789836617.1160445,25.59
1789836617.5921679,24.15
1789836618.069419,23.51
1789836618.5529628,23.59
1789836619.034356,23.28
1789836619.4922628,23.77
1789836622.3650868,23.35
1789836622.8401856,23.40
1789836623.3272855,22.94
1789836623.8169053,22.69
1789836624.2662728,24.13
1789836624.6755118,24.90
1789836625.0758665,25.74
1789836625.4941912,25.64
1789836625.89219,25.91
1789836626.2906983,26.04
1789836626.6909301,26.22
1789836627.093845,25.91
1789836627.511392,25.17
1789836627.982086,23.37
1789836628.4418848,22.83
1789836628.89716,22.76
1789836629.3663394,22.67
1789836629.7929075,23.44
1789836630.2174258,24.17
1789836630.6275535,24.81
1789836631.0583854,24.01
1789836631.4682765,24.95
1789836631.875387,25.43
1789836632.2872105,25.35
1789836632.700217,25.40
1789836633.1227446,25.07
1789836633.5197883,25.73
1789836633.9281907,25.86
1789836634.3303795,25.81
1789836634.7407036,25.57
1789836635.1640346,24.91
1789836635.582133,24.94
1789836635.9908552,25.35
1789836636.3982794,25.53
1789836636.834973,24.20
1789836637.2568886,24.44
1789836637.6657567,24.98
1789836638.1037188,24.39
1789836638.4968624,25.72
1789836638.9323626,24.95
1789836639.3374643,25.39
1789836639.7496278,25.25
1789836640.1866088,24.61
1789836640.6317985,24.38
1789836641.0608351,24.64
1789836641.4707184,24.96
1789836641.8920038,24.86
1789836642.318717,24.51
1789836642.7399971,24.87
1789836643.1465104,25.28
1789836643.563753,24.96
1789836643.9801927,24.84
1789836644.3940613,25.04
1789836644.7942472,25.55
1789836645.2104042,25.46
1789836645.6297536,25.16
1789836646.0557466,24.76
1789836646.4770694,24.97
1789836646.8802943,25.59
1789836647.2923946,25.12
1789836647.687052,26.00
1789836648.0791488,26.35
1789836648.4737701,26.33
1789836648.8732579,26.19
1789836649.2717786,26.14
1789836649.6710818,26.31
1789836649.9708836,34.62
1789836650.266606,34.69
1789836650.5591528,34.33
1789836650.8818734,32.75
1789836651.1748664,33.66
1789836651.4682868,33.94
1789836651.7909083,33.21
1789836652.084139,33.84
1789836652.4069977,32.29
1789836652.7004218,33.46
1789836652.9940345,33.83
1789836653.322577,32.32
1789836653.6125958,33.64
1789836653.9075532,33.81
1789836654.2322412,33.11
1789836657.3044302,31.56
1789836657.6293318,31.66
1789836657.9244502,33.12
1789836658.2213655,33.45
1789836658.5733187,31.17
1789836658.8927407,31.28
1789836659.2447665,30.06
1789836659.5650983,30.81
1789836659.8848085,31.15
1789836660.2438745,30.00
1789836660.5568647,31.85
1789836660.876748,31.52
1789836661.230451,30.66
1789836661.5487764,31.12
1789836661.9022315,29.93
1789836662.2210207,30.83
1789836662.5409238,31.16
1789836662.8927553,30.51
1789836663.2129412,30.98
1789836663.5657403,29.71
1789836663.8847764,30.84
1789836664.185076,32.66
1789836664.5081844,32.58
1789836664.8010852,33.60
1789836665.1238217,32.19
1789836665.4171953,33.44
1789836665.710355,33.89
1789836666.0330825,32.91
1789836666.326865,33.64
1789836666.6197555,34.09
1789836666.9432323,33.28
1789836667.2376833,33.66
1789836667.558521,32.65
1789836667.852501,33.55
1789836668.1451788,33.95
1789836668.4677668,33.15
1789836668.7615428,33.73
1789836669.083788,32.30
1789836669.3770497,33.48
1789836669.6704588,33.88
1789836669.9931328,32.93
1789836670.2863529,33.77
1789836670.5796669,34.01
1789836670.9028254,33.40
1789836671.1958075,33.88
1789836671.518436,32.78
1789836671.8116884,33.67
1789836672.105996,33.85
1789836672.430002,33.07
1789836672.721058,33.90
1789836673.0437458,32.50
1789836673.3376825,33.47
1789836673.6329956,33.65
1789836673.953053,33.11
1789836674.2468145,33.75
1789836674.5398245,34.01
1789836674.8624694,33.43
1789836675.1558626,33.86
1789836675.4783688,32.74
1789836675.7719972,33.60
1789836676.065079,33.94
1789836676.388976,33.24
1789836676.6816387,33.80
1789836677.0038192,32.62
1789836677.2974892,33.55
1789836677.5907125,33.91
1789836677.919727,33.02
1789836678.2066257,34.14
1789836678.529486,32.41
1789836678.8246813,33.31
1789836679.1238186,33.20
1789836679.442911,33.78
1789836679.7316453,34.26
1789836680.0252166,34.16
1789836680.3549168,33.56
1789836680.6409993,34.59
1789836680.9684749,32.88
1789836681.2636185,34.61
1789836681.5537388,36.02
1789836681.8770566,34.39
1789836682.1663506,34.77
1789836682.489032,32.81
1789836682.7831666,33.59
1789836683.0762453,34.12
1789836683.4139233,33.17
1789836683.7122679,35.20
1789836683.9978545,35.64
1789836684.3187757,34.41
1789836684.6109838,36.03
1789836684.9247231,34.85
1789836685.2223914,34.61
1789836685.511592,34.49
1789836685.8331485,33.49
1789836686.1264281,33.91
1789836686.4491498,32.52
1789836686.742521,33.54
1789836687.0358028,33.93
1789836687.3584368,33.14
1789836687.651783,33.77
1789836687.9752822,32.80
1789836688.2752254,33.90
1789836688.5688643,34.83
1789836688.8910565,33.63
1789836689.1835692,34.84
1789836691.875731,32.34
1789836692.1987708,33.00
1789836692.4869168,34.72
1789836692.816976,32.74
1789836693.1099224,34.59
1789836693.3957808,34.70
1789836693.7225194,33.13
1789836694.0118704,34.47
1789836694.3345444,32.53
1789836694.627876,33.61
1789836694.921394,33.93
1789836695.2440798,32.97
1789836695.5371714,33.72
1789836695.8312097,33.88
1789836696.1543887,33.25
1789836696.4464977,33.89
1789836696.7691834,32.95
1789836697.0625288,33.72
1789836697.3559785,34.01
1789836697.6787436,33.27
1789836697.9718904,33.84
1789836698.3105817,31.47
1789836698.6159127,32.38
1789836698.9054062,34.61
1789836699.227151,33.34
1789836699.5206528,33.86
1789836699.8143508,35.31
1789836700.136676,34.12
1789836700.4302764,34.07
1789836700.7600725,33.34
1789836701.0503695,34.43
1789836701.3452456,35.37
1789836701.667851,34.59
1789836701.955429,34.75
1789836702.2866137,32.17
1789836702.5786972,34.69
1789836702.8698728,35.40
1789836703.1938944,33.94
1789836703.484941,34.68
1789836703.805088,33.57
1789836704.1027226,34.53
1789836704.3972812,34.97
1789836704.7192154,33.56
1789836705.005862,35.54
1789836705.3033466,34.94
1789836705.6303585,33.57
1789836705.9203088,35.12
1789836706.2384298,33.46
1789836706.5321352,33.90
1789836706.8248646,34.05
1789836707.1475446,33.27
1789836707.4405687,33.88
1789836707.7634583,32.47
1789836708.0565345,33.54
1789836708.349896,33.96
1789836708.6735017,32.93
1789836708.9660485,33.73
1789836709.2591877,34.00
1789836709.582583,33.34
1789836709.8755627,33.83
1789836710.1979132,32.80
1789836710.4912648,33.65
1789836710.784652,33.95
1789836711.1075063,33.28
1789836711.4020355,33.68
1789836711.7298083,32.93
1789836712.016587,34.08
1789836712.3098571,34.11
1789836712.6324875,33.21
1789836712.9260073,33.78
1789836713.2506347,32.30
1789836713.54205,33.57
1789836713.8351803,33.95
1789836714.1579902,32.93
1789836714.4511912,33.73
1789836714.7445517,33.97
1789836715.0673535,33.35
1789836715.3611572,33.79
1789836715.6832683,32.73
1789836715.9766283,33.66
1789836716.2701042,33.98
1789836716.592601,33.34
1789836716.8858752,33.85
1789836717.2086499,32.44
1789836717.5018542,33.53
1789836717.7952628,33.89
1789836718.1179268,33.03
1789836718.4113173,33.74
1789836718.7057958,33.94
1789836719.027652,33.40
1789836719.3205664,33.91
1789836719.643308,32.79
1789836719.939528,33.34
1789836720.2341876,33.60
1789836720.5538018,33.23
1789836720.8459158,33.90
1789836721.170457,32.48
1789836721.4969704,31.69
1789836721.7815301,35.09
1789836722.0873911,33.90
1789836722.3921487,33.64
1789836722.7340322,31.62
1789836723.035926,34.01
1789836723.345043,32.78
1789836723.690333,31.10
1789836724.0052674,31.53
1789836727.116143,30.50
1789836727.463886,30.54
1789836727.7784245,31.38
1789836728.1263142,30.19
1789836728.4452915,30.94
1789836728.7560549,31.61
1789836729.1037056,31.01
1789836729.4200447,31.26
1789836729.7631974,30.25
1789836730.0812936,30.97
1789836730.3931985,31.62
1789836730.7399566,30.77
1789836731.055721,31.35
1789836731.37019,31.64
1789836731.7183993,31.05
1789836732.0316029,31.59
1789836732.3782926,30.52
1789836732.6933675,31.33
1789836733.0084615,31.66
1789836733.3468137,31.68
1789836733.640216,33.25
1789836733.9642882,32.10
1789836734.257903,33.34
1789836734.5532749,33.63
1789836734.8734474,33.00
1789836735.1657097,33.78
1789836735.4591527,33.97
1789836735.7816136,33.41
1789836736.0752287,33.85
1789836736.3978631,32.89
1789836736.6913085,33.64
1789836736.9854646,33.85
1789836737.3071513,33.38
1789836737.6001723,33.95
1789836737.9229102,32.91
1789836738.2162213,33.82
1789836738.5095334,34.15
1789836738.8324988,33.15
1789836739.1278715,33.60
1789836739.4483254,32.36
1789836739.7415736,33.49
1789836740.0347638,33.91
1789836740.3604264,32.79
1789836740.657579,33.56
1789836740.945611,34.78
1789836741.2697496,33.57
1789836741.5656803,33.79
1789836741.8840952,33.05
1789836742.1763787,34.35
1789836742.473818,34.38
1789836742.7941825,33.93
1789836743.086858,34.31
1789836743.4139552,32.71
1789836743.7115448,33.26
1789836743.9996834,34.53
1789836744.3194473,33.44
1789836744.6151948,33.93
1789836744.908686,34.16
1789836745.2295406,33.79
1789836745.5219374,34.38
1789836745.8477216,32.33
1789836746.1402404,33.66
1789836746.4307692,34.38
1789836746.7570236,33.16
1789836747.045494,34.70
1789836747.369759,33.03
1789836747.6615508,33.85
1789836747.9549713,34.02
1789836748.2800515,33.07
1789836748.5716085,34.13
1789836748.8936193,32.48
1789836749.1893651,33.36
1789836749.4905136,34.01
1789836749.8028135,33.70
1789836750.096289,34.84
1789836750.389542,34.38
1789836750.713058,33.37
1789836751.0054991,33.89
1789836751.328157,32.95
1789836751.6214418,33.71
1789836751.914859,34.00
1789836752.244551,32.60
1789836752.530889,34.04
1789836752.8536618,33.17
1789836753.1469188,33.79
1789836753.4401965,34.03
1789836753.7628577,33.11
1789836754.0565772,33.74
1789836754.3497257,34.00
1789836754.6721876,33.43
1789836754.9659235,33.83
1789836755.2883072,32.74
1789836755.58209,33.58
1789836755.8803577,33.89
1789836756.1974847,33.54
1789836756.4931512,33.73
1789836756.8135757,32.51
1789836757.1069064,33.55
1789836757.4002657,33.94
1789836757.7230825,33.12
1789836758.0163002,33.78
1789836758.3397899,32.31
1789836758.6322422,33.55
1789836758.92558,33.90
1789836761.6831088,31.83
1789836761.976288,33.34
1789836762.2695289,33.85
1789836762.5922139,33.38
1789836762.8867846,33.73
1789836763.208201,32.69
1789836763.5025766,33.94
1789836763.7953756,34.10
1789836764.1192327,33.10
1789836764.4386744,31.92
1789836764.7909708,29.90
1789836765.1104522,30.88
1789836765.4320853,31.33
1789836765.7831936,30.38
1789836766.1027303,30.98
1789836766.4238508,31.11
1789836766.7766562,30.47
1789836767.103259,30.89
1789836767.4468865,30.42
1789836767.763642,31.28
1789836768.0575402,33.05
1789836768.3803024,32.80
1789836768.6836364,34.07
1789836768.996546,33.20
1789836769.287759,34.02
1789836769.5882506,34.66
1789836769.907779,34.36
1789836770.1980953,34.35
1789836770.4916427,34.16
1789836770.8131633,33.63
1789836771.1394982,31.83
1789836771.444057,32.87
1789836771.7232404,34.95
1789836772.015858,34.42
1789836772.338989,34.12
1789836772.6314995,34.30
1789836772.9555917,32.69
1789836773.2481465,33.62
1789836773.5430722,33.75
1789836773.8704715,32.50
1789836774.1625009,33.40
1789836774.4796333,33.90
1789836774.7733638,34.27
1789836775.071487,33.99
1789836775.39583,33.72
1789836775.694322,33.62
1789836775.9825387,34.58
1789836776.298294,33.94
1789836776.5923445,33.97
1789836776.914082,32.93
1789836777.2173202,33.66
1789836777.5021858,34.74
1789836777.8281295,33.90
1789836778.117114,34.71
1789836778.439627,32.91
1789836778.7329133,33.71
1789836779.0261545,34.28
1789836779.3489106,33.17
1789836779.6421628,33.78
1789836779.9355497,33.99
1789836780.2581632,33.46
1789836780.5574622,33.32
1789836780.8743393,33.00
1789836781.1677725,33.74
1789836781.4608445,33.98
1789836781.7838578,33.26
1789836782.077111,33.81
1789836782.3994653,32.66
1789836782.6985023,33.05
1789836782.9861457,34.56
1789836783.3089433,33.36
1789836783.6023984,33.83
1789836783.925429,32.30
1789836784.2231774,33.01
1789836784.516871,34.70
1789836784.834329,34.06
1789836785.1276126,34.11
1789836785.4210103,34.51
1789836785.7488952,33.86
1789836786.042741,34.48
1789836786.3648095,33.34
1789836786.6613393,35.19
1789836786.9562256,35.32
1789836787.2708514,35.79
1789836787.5623522,34.81
1789836787.8861775,32.60
1789836788.1797926,33.50
1789836788.4715674,33.99
1789836788.7943134,32.99
1789836789.087946,33.69
1789836789.381323,34.08
1789836789.7036722,33.45
1789836789.9985187,33.74
1789836790.3235967,32.45
1789836790.614055,33.66
1789836790.9063356,34.03
1789836791.228976,33.30
1789836791.523776,33.67
1789836791.8487875,32.15
1789836792.1496773,32.87
1789836792.4517398,33.00
1789836792.7832856,32.26
1789836793.0923023,33.28
1789836793.4164262,32.05
1789836793.7194774,32.65
1789836796.573526,31.49
1789836796.9049783,31.42
1789836797.2049835,32.68
1789836797.5072472,32.93
1789836797.8382494,32.42
1789836798.1402583,32.96
1789836798.471367,31.78
1789836798.7730172,32.70
1789836799.0843697,32.19
1789836799.4369462,30.71
1789836799.7566886,31.06
1789836800.1084309,29.50
1789836800.4299963,30.51
1789836800.7492278,31.03
1789836801.10026,30.33
1789836801.4207416,30.94
1789836801.7403378,31.16
1789836802.0922954,30.63
1789836802.4028213,31.98
1789836802.7254198,32.13
1789836803.0188138,33.44
1789836803.3125691,33.82
1789836803.6347926,33.21
1789836803.9281716,33.79
1789836804.2514012,32.42
1789836804.5441923,33.58
1789836804.8376374,33.91
1789836805.1600575,33.05
1789836805.4533875,33.75
1789836805.74685,33.96
1789836806.0697346,33.42
1789836806.362821,33.90
1789836806.685716,32.89
1789836806.9789011,33.68
1789836807.2721598,33.96
1789836807.5947664,33.52
1789836807.8885114,33.87
1789836808.2109632,32.52
1789836808.5041845,33.57
1789836808.797813,33.88
1789836809.1201947,33.14
1789836809.4138494,33.81
1789836809.7362201,32.31
1789836810.0296187,33.50
1789836810.3228116,33.94
1789836810.6453967,32.97
1789836810.939232,33.66
1789836811.2320704,33.97
1789836811.5565214,33.15
1789836811.8482358,33.87
1789836812.170691,32.78
1789836812.4640772,33.65
1789836812.7575316,33.93
1789836813.0805771,33.22
1789836813.3734255,33.81
1789836813.6961155,32.50
1789836813.9895122,33.57
1789836814.2830336,33.92
1789836814.6056628,33.05
1789836814.8991022,33.76
1789836815.1922758,33.99
1789836815.5148714,33.40
1789836815.8081224,33.89
1789836816.1307187,32.80
1789836816.4245777,33.60
1789836816.7187865,33.82
1789836817.0401456,33.25
1789836817.3386726,33.29
1789836817.6609251,32.92
1789836817.949568,33.94
1789836818.2437937,33.96
1789836818.5658507,33.14
1789836818.8664265,33.08
1789836819.1816814,32.77
1789836819.4752073,33.64
1789836819.7683039,33.94
1789836820.0957186,32.51
1789836820.3844821,34.35
1789836820.6777687,34.18
1789836821.0000837,33.42
1789836821.293788,33.83
1789836821.6161404,32.61
1789836821.9095285,33.58
1789836822.202894,33.91
1789836822.525503,33.15
1789836822.818728,33.79
1789836823.1415174,32.49
1789836823.4348128,33.54
1789836823.7282255,33.93
1789836824.0512528,32.99
1789836824.3451076,33.66
1789836824.6375773,34.01
1789836824.96014,33.46
1789836825.2534862,33.89
1789836825.5761268,32.73
1789836825.8694735,33.63
1789836826.1637855,33.90
1789836826.490262,32.81
1789836826.7860444,33.41
1789836827.1150155,31.92
1789836827.411641,33.12
1789836827.7100997,33.44
1789836828.04038,32.43
1789836828.3390608,32.95
1789836831.1670253,29.15
1789836831.4654849,31.99
1789836831.7631042,33.04
1789836832.0910974,32.30
1789836832.3938282,32.65
1789836832.7136304,31.76
1789836833.0728285,30.67
1789836833.3929956,31.34
1789836833.7426045,30.41
1789836834.057829,31.52
1789836834.3777716,31.35
1789836834.747177,30.69
1789836835.060947,31.96
1789836835.4021559,32.15
1789836835.721861,31.85
1789836836.0423145,31.42
1789836836.3941076,30.40
1789836836.713953,30.95
1789836837.0206723,32.79
1789836837.3506935,32.62
1789836837.6344411,34.51
1789836837.9571004,33.01
1789836838.2507877,33.74
1789836838.5438738,33.98
1789836838.8665032,33.25
1789836839.1598203,33.83
1789836839.4832327,32.40
1789836839.7767925,33.44
1789836840.0691764,33.99
1789836840.3918097,33.01
1789836840.6866221,33.59
1789836840.9787226,33.97
1789836841.3021538,33.33
1789836841.5945325,33.90
1789836841.9173326,32.90
1789836842.2104359,33.71
1789836842.504345,33.93
1789836842.826643,33.33
1789836843.1199937,33.82
1789836843.4424539,32.69
1789836843.7377455,33.60
1789836844.0330794,33.78
1789836844.3651414,33.94
1789836844.6456382,35.98
1789836844.9698584,33.49
1789836845.2641637,33.78
1789836845.5546975,34.18
1789836845.879896,32.86
1789836846.1781304,33.45
1789836846.4714596,34.01
1789836846.8015492,33.05
1789836847.1210973,32.39
1789836847.4212966,33.91
1789836847.751192,33.70
1789836848.089909,32.96
1789836848.405335,33.67
1789836848.681495,36.21
1789836848.9621787,36.14
1789836849.2507057,35.45
1789836849.5551465,33.80
1789836849.873076,33.23
1789836850.1634362,34.21
1789836850.4827495,32.77
1789836850.7788484,34.05
1789836851.0737348,34.13
1789836851.3952131,33.07
1789836851.688885,34.13
1789836851.9829545,34.09
1789836852.3057342,33.34
1789836852.6015465,33.49
1789836852.9193187,32.77
1789836853.2130477,33.73
1789836853.50953,34.04
1789836853.8292646,33.73
1789836854.128605,33.83
1789836854.4578614,32.00
1789836854.764535,34.17
1789836855.0403638,36.28
1789836855.354872,34.41
1789836855.6887212,33.22
1789836855.9859393,36.25
1789836856.2668455,36.65
1789836856.561689,35.54
1789836856.8844676,33.17
1789836857.1709025,34.20
1789836857.4638076,34.17
1789836857.7864904,33.31
1789836858.0797582,33.84
1789836858.4024734,32.64
1789836858.6962771,34.34
1789836858.9893045,34.39
1789836859.311929,33.23
1789836859.6055076,33.76
1789836859.9281216,32.30
1789836860.2211065,33.67
1789836860.5144725,33.96
1789836860.8379848,32.86
1789836861.1335752,33.47
1789836861.4307194,33.60
1789836861.7571435,32.95
1789836862.054463,33.42
1789836862.380812,32.27
1789836862.6836073,32.86
1789836862.9746494,34.37
1789836863.301464,33.04
1789836866.0685852,32.19
1789836866.3953168,31.64
1789836866.6924176,33.06
1789836866.9891567,33.50
1789836867.3278472,31.52
1789836867.6476092,31.96
1789836867.9678864,31.84
1789836868.3196929,30.89
1789836868.6396952,31.12
1789836868.9915197,30.09
1789836869.3115122,30.85
1789836869.632639,31.04
1789836869.9834442,30.48
1789836870.3035955,31.07
1789836870.655534,29.80
1789836870.9764924,30.67
1789836871.295677,31.08
1789836871.6257412,31.66
1789836871.9164948,33.38
1789836872.2392495,32.36
1789836872.5325766,33.50
1789836872.8258636,34.06
1789836873.1486554,32.97
1789836873.4422483,33.67
1789836873.7357845,33.91
1789836874.0581255,33.30
1789836874.3512404,33.83
1789836874.674558,32.60
1789836874.9673264,33.61
1789836875.2605379,33.94
1789836875.5838661,33.07
1789836875.87673,33.76
1789836876.1993268,32.27
1789836876.4927652,33.50
1789836876.7859502,33.91
1789836877.1090987,32.96
1789836877.4020162,33.72
1789836877.6955564,33.94
1789836878.0182004,33.43
1789836878.3151317,33.52
1789836878.6338856,32.84
1789836878.927233,33.69
1789836879.220562,33.97
1789836879.5438879,33.20
1789836879.8367178,33.81
1789836880.159776,32.42
1789836880.4530017,33.49
1789836880.745892,33.95
1789836881.0685437,33.04
1789836881.3618937,33.74
1789836881.6552439,33.98
1789836881.9781833,33.36
1789836882.271197,33.86
1789836882.5942752,32.87
1789836882.8872535,33.69
1789836883.180616,33.96
1789836883.5072775,33.46
1789836883.801095,34.86
1789836884.1251771,33.19
1789836884.4173706,34.35
1789836884.7108936,35.23
1789836885.034492,33.73
1789836885.321951,34.77
1789836885.6445706,32.87
1789836885.9378917,33.82
1789836886.2312033,34.08
1789836886.5541368,32.98
1789836886.8490038,33.54
1789836887.1411035,33.95
1789836887.463167,33.35
1789836887.7567687,33.81
1789836888.0796218,32.88
1789836888.3727934,33.92
1789836888.6660657,34.04
1789836888.9890554,33.37
1789836889.2820666,33.87
1789836889.6051917,32.47
1789836889.8981488,33.73
1789836890.1915696,33.99
1789836890.5139616,33.08
1789836890.807319,33.75
1789836891.1007104,34.00
1789836891.4237359,33.36
1789836891.716867,33.84
1789836892.0396795,32.73
1789836892.3336437,33.55
1789836892.6258852,33.98
1789836892.948712,33.28
1789836893.2419996,33.83
1789836893.5647242,32.63
1789836893.8583145,33.56
1789836894.1514864,33.93
1789836894.4746022,33.08
1789836894.7675018,33.77
1789836895.0900815,32.27
1789836895.3838675,33.45
1789836895.6896095,32.96
1789836896.025456,31.79
1789836896.331359,32.37
1789836896.6369987,32.60
1789836896.9734657,31.94
1789836897.2789617,32.45
1789836897.6161811,31.19
1789836897.9207819,32.26
1789836900.6451545,30.86
1789836900.9812844,31.21
1789836901.2870958,32.62
1789836901.6233165,31.22
1789836901.9296985,32.17
1789836902.2428327,31.91
1789836902.6029212,30.68
1789836902.924006,31.00
1789836903.2347121,32.03
1789836903.5868547,30.93
1789836903.907993,32.14
1789836904.2587016,30.36
1789836904.578547,31.79
1789836904.898619,31.49
1789836905.2505472,30.64
1789836905.5711703,31.02
1789836905.9131978,30.16
1789836906.2069988,32.77
1789836906.4997852,33.66
1789836906.8223166,32.95
1789836907.1156824,33.98
1789836907.4381654,32.68
1789836907.731733,33.79
1789836908.0247898,34.04
1789836908.3478134,32.99
1789836908.6427853,33.53
1789836908.9341366,34.01
1789836909.256756,33.33
1789836909.5511608,33.75
1789836909.8728855,32.59
1789836910.1661613,33.62
1789836910.4596055,33.92
1789836910.7824361,33.18
1789836911.0756724,33.78
1789836911.3983963,32.25
1789836911.6974676,33.21
1789836911.9852326,34.09
1789836912.3084922,32.92
1789836912.6013527,33.74
1789836912.894364,33.98
1789836913.2168484,33.39
1789836913.510431,33.82
1789836913.8328345,32.76
1789836914.1263647,33.62
1789836914.4195065,33.97
1789836914.764143,33.77
1789836915.0396905,35.94
1789836915.3640938,33.46
1789836915.6620522,33.87
1789836915.9694364,34.54
1789836916.284935,34.22
1789836916.5644245,36.26
1789836916.8779457,35.95
1789836917.2001445,35.08
1789836917.4812577,35.79
1789836917.797651,34.11
1789836918.088951,34.54
1789836918.3824644,34.25
1789836918.7029195,33.87
1789836918.9962823,34.40
1789836919.3236134,32.42
1789836919.61326,34.01
1789836919.9062395,34.10
1789836920.227673,33.46
1789836920.5234125,33.62
1789836920.8435473,32.44
1789836921.136745,33.56
1789836921.4305758,33.90
1789836921.7536235,32.83
1789836922.052765,34.07
1789836922.345608,34.79
1789836922.6686153,34.47
1789836922.9627984,34.90
1789836923.28549,33.59
1789836923.5756845,34.19
1789836923.8652062,34.35
1789836924.1874259,33.41
1789836924.4809089,33.87
1789836924.8036945,32.48
1789836925.0968838,33.54
1789836925.3902326,33.92
1789836925.7130647,33.01
1789836926.0062652,33.74
1789836926.29951,33.98
1789836926.6223154,33.39
1789836926.9155407,34.15
1789836927.2385557,32.87
1789836927.5314324,33.70
1789836927.8251793,33.91
1789836928.1476912,33.22
1789836928.4408128,33.82
1789836928.7647595,32.53
1789836929.0569103,34.01
1789836929.350322,34.07
1789836929.672786,33.31
1789836929.9716032,33.31
1789836930.3067107,31.37
1789836930.6110866,32.33
1789836930.9156551,33.15
1789836931.2508278,31.84
1789836931.555469,32.49
1789836931.8599823,33.14
1789836932.199807,32.11
1789836932.5061705,32.41
1789836935.2489054,28.61
1789836935.552513,31.72
1789836935.8574855,32.81
1789836936.1872053,32.82
1789836936.4921017,33.21
1789836936.8269777,31.58
1789836937.131443,32.76
1789836937.4501774,31.84
1789836937.8022678,30.71
1789836938.1254704,30.78
1789836938.4424052,31.21
1789836938.7941816,30.70
1789836939.1151612,30.96
1789836939.468254,29.91
1789836939.7860894,30.90
1789836940.1062872,31.15
1789836940.440451,31.90
1789836940.7341156,33.88
1789836941.0596418,32.06
1789836941.3500748,33.53
1789836941.6431713,33.92
1789836941.9682539,32.76
1789836942.2672195,34.39
1789836942.5822492,35.10
1789836942.8833947,35.62
1789836943.1756608,35.81
1789836943.4999769,34.04
1789836943.7845159,35.06
1789836944.077751,34.61
1789836944.4002998,33.55
1789836944.6946383,33.83
1789836945.0165386,32.66
1789836945.3097367,33.62
1789836945.60322,33.93
1789836945.926127,33.12
1789836946.219181,33.78
1789836946.5416217,32.30
1789836946.841038,32.89
1789836947.1312315,34.04
1789836947.4515135,33.04
1789836947.7444236,33.78
1789836948.037648,34.05
1789836948.3605096,33.71
1789836948.653956,33.95
1789836948.9770958,32.76
1789836949.2707264,33.56
1789836949.5632915,33.95
1789836949.8912005,33.25
1789836950.1830957,34.49
1789836950.5063956,32.65
1789836950.7950835,34.71
1789836951.088376,34.34
1789836951.4171824,32.59
1789836951.7106268,33.28
1789836951.9977276,34.18
1789836952.320285,33.51
1789836952.6139967,33.98
1789836952.9363673,32.82
1789836953.2297761,33.70
1789836953.5232816,33.94
1789836953.845695,33.30
1789836954.138942,33.84
1789836954.462126,32.58
1789836954.7554963,33.60
1789836955.0482702,33.97
1789836955.3709815,33.19
1789836955.6646776,33.76
1789836955.9869843,32.30
1789836956.284646,33.04
1789836956.5737598,34.27
1789836956.897442,32.95
1789836957.1910765,33.83
1789836957.485926,33.76
1789836957.807872,33.20
1789836958.1065476,33.63
1789836958.4241312,33.07
1789836958.7149959,34.67
1789836959.0085814,34.78
1789836959.3417013,33.57
1789836959.624737,36.27
1789836959.9472897,33.59
1789836960.250192,33.67
1789836960.5432076,35.76
1789836960.8565755,34.27
1789836961.1497154,34.29
1789836961.443892,34.33
1789836961.7662113,33.54
1789836962.0590744,34.42
1789836962.3911638,33.14
1789836962.679905,34.58
1789836962.9682574,34.57
1789836963.29114,34.14
1789836963.5843315,34.12
1789836963.9073658,32.72
1789836964.20071,33.59
1789836964.5055048,32.99
1789836964.8433697,31.87
1789836965.1508555,32.33
1789836965.48938,31.04
1789836965.8025348,31.67
1789836966.104704,32.49
1789836966.4431489,31.56
1789836966.7507765,32.31
1789836967.0590363,32.39
1789836969.8091366,28.93
1789836970.1168733,31.27
1789836970.4554114,30.74
1789836970.7640269,31.81
1789836971.0785396,31.71
1789836971.4308748,30.54
1789836971.7553773,30.74
1789836972.1023102,29.93
1789836972.4288998,30.26
1789836972.7421658,31.39
1789836973.10011,30.00
1789836973.4139524,31.11
1789836973.7345777,32.03
1789836974.0875392,31.08
1789836974.4064436,31.22
1789836974.7522137,30.73
1789836975.0462835,32.86
1789836975.3390756,33.70
1789836975.6617465,33.14
1789836975.9550443,33.78
1789836976.2781415,32.48
1789836976.5709927,33.58
1789836976.8642254,33.94
1789836977.1879148,32.97
1789836977.4802542,33.80
1789836977.8030255,32.33
1789836978.0963106,34.28
1789836978.389831,34.15
1789836978.712572,33.01
1789836979.0057597,33.73
1789836979.2989519,34.17
1789836979.6218264,33.37
1789836979.9149745,33.90
1789836980.2378328,33.06
1789836980.531085,34.76
1789836980.824384,35.18
1789836981.1544595,34.07
1789836981.4403763,35.98
1789836981.763,33.08
1789836982.0593088,33.49
1789836982.3497598,34.05
1789836982.674643,32.73
1789836982.966139,33.69
1789836983.2589328,34.00
1789836983.5869048,32.90
1789836983.8749366,34.20
1789836984.1975534,32.95
1789836984.4909956,33.72
1789836984.788894,33.50
1789836985.106887,33.19
1789836985.4005964,33.88
1789836985.7272913,32.01
1789836986.0162747,33.77
1789836986.3095834,34.00
1789836986.6322508,33.07
1789836986.9272826,33.59
1789836987.2195,34.15
1789836987.545861,33.45
1789836987.8350651,34.16
1789836988.1576438,32.93
1789836988.4552906,33.65
1789836988.7442877,34.64
1789836989.067038,33.56
1789836989.3603163,33.96
1789836989.6830108,32.65
1789836989.9783103,33.94
1789836990.2703347,34.07
1789836990.592301,33.23
1789836990.885987,33.77
1789836991.208268,32.52
1789836991.5070956,33.49
1789836991.7950816,34.92
1789836992.1179419,33.91
1789836992.410941,34.17
1789836992.710121,33.57
1789836993.0333166,33.39
1789836993.3260806,33.67
1789836993.6488512,32.80
1789836993.9396894,33.74
1789836994.2296877,34.14
1789836994.5525935,33.40
1789836994.8457277,33.91
1789836995.1682253,32.51
1789836995.461542,33.55
1789836995.7549245,34.79
1789836996.077746,33.85
1789836996.3741386,34.01
1789836996.6652546,34.14
1789836996.9872706,33.66
1789836997.2809792,33.92
1789836997.6029437,32.80
1789836997.8982267,33.78
1789836998.190076,34.10
1789836998.5124538,33.66
1789836998.8119392,33.38
1789836999.1385996,32.18
1789836999.4386353,32.97
1789836999.7392359,33.22
1789837000.0694442,32.42
1789837000.3706477,32.95
1789837000.7003376,32.06
1789837001.0036569,33.16
1789837001.3048122,33.09
1789837001.6312284,32.30
1789837001.9317396,32.94
1789837004.668117,31.36
1789837005.0218637,30.52
1789837005.3429704,30.93
1789837005.7002826,29.68
1789837006.0238543,30.32
1789837006.3453424,31.38
1789837006.6985836,30.77
1789837007.0207736,31.24
1789837007.36697,30.29
1789837007.6885133,30.82
1789837008.011495,30.86
1789837008.3633869,30.23
1789837008.6842458,30.93
1789837009.0055015,31.07
1789837009.3417752,31.99
1789837009.6354551,33.37
1789837009.957897,32.64
1789837010.2512653,33.60
1789837010.544471,33.93
1789837010.867256,33.22
1789837011.1604652,33.81
1789837011.4831429,32.44
1789837011.7769957,33.48
1789837012.0721426,33.67
1789837012.3925781,33.04
1789837012.686027,33.72
1789837013.0086756,32.27
1789837013.3017037,33.54
1789837013.5950997,33.91
1789837013.9178774,32.91
1789837014.2131765,33.49
1789837014.5045433,34.03
1789837014.8277514,33.49
1789837015.1231577,33.64
1789837015.4445925,32.62
1789837015.7385213,33.81
1789837016.0303106,34.07
1789837016.3525689,33.20
1789837016.6475537,33.70
1789837016.9693167,32.49
1789837017.262215,33.54
1789837017.555933,33.85
1789837017.8778672,32.95
1789837018.1741352,33.53
1789837018.4647727,34.27
1789837018.7893002,33.73
1789837019.0854933,33.85
1789837019.4208045,32.51
1789837019.7334971,34.08
1789837020.0532906,34.72
1789837020.3546567,35.65
1789837020.650162,36.24
1789837020.9309323,36.51
1789837021.227884,34.87
1789837021.5297065,33.74
1789837021.8388875,33.71
1789837022.145988,33.90
1789837022.4530988,34.89
1789837022.7534952,34.49
1789837023.0403967,34.91
1789837023.3633382,33.79
1789837023.6621914,34.07
1789837023.9515412,35.86
1789837024.2726257,34.05
1789837024.5718403,33.50
1789837024.8887138,32.85
1789837025.181788,34.08
1789837025.4801025,33.90
1789837025.7977457,33.41
1789837026.0962622,33.57
1789837026.4140582,32.96
1789837026.7071342,34.06
1789837027.0006797,35.10
1789837027.3234327,33.47
1789837027.6251855,33.12
1789837027.9155922,33.77
1789837028.2372797,33.32
1789837028.526189,34.89
1789837028.8542943,32.97
1789837029.1419797,35.05
1789837029.4412837,34.47
1789837029.7628007,34.25
1789837030.057976,34.42
1789837030.3739924,34.50
1789837030.6672294,34.24
1789837030.9605865,34.20
1789837031.283736,33.07
1789837031.5766153,34.18
1789837031.8698084,34.15
1789837032.1983032,33.77
1789837032.4857423,34.93
1789837032.8084338,33.14
1789837033.1018858,33.81
1789837033.4030123,33.59
1789837033.7276711,32.96
1789837034.0264397,33.49
1789837034.3551683,32.26
1789837034.6543434,33.31
1789837034.9529147,33.45
1789837035.2815785,32.59
1789837035.580406,33.15
1789837035.9094317,31.68
1789837036.2089899,32.75
1789837036.5078952,33.22
1789837039.2806544,30.44
1789837039.584624,32.09
1789837039.9051359,31.81
1789837040.2563186,31.05
1789837040.5778766,31.06
1789837040.9291487,30.26
1789837041.2522895,30.76
1789837041.5752504,30.84
1789837041.924648,30.34
1789837042.243607,31.05
1789837042.5991726,30.51
1789837042.9221957,30.97
1789837043.240605,31.41
1789837043.5899894,30.47
1789837043.890483,33.06
1789837044.1804001,34.48
1789837044.5022576,33.97
1789837044.800536,34.14
1789837045.117527,33.28
1789837045.4107018,33.91
1789837045.7047546,33.98
1789837046.0327358,33.86
1789837046.324648,35.11
1789837046.6427202,33.57
1789837046.9430373,34.61
1789837047.2343278,35.02
1789837047.5583022,34.17
1789837047.852021,35.82
1789837048.1680202,33.97
1789837048.4691253,34.99
1789837048.7706115,36.12
1789837049.0882502,35.51
1789837049.370903,36.65
1789837049.6650677,34.98
1789837049.9919574,33.18
1789837050.2799573,34.09
1789837050.602583,32.70
1789837050.8980541,33.38
1789837051.1892643,33.97
1789837051.5119696,33.14
1789837051.805406,33.79
1789837052.1297417,32.22
1789837052.4215212,33.65
1789837052.7154257,33.89
1789837053.0382464,32.93
1789837053.3337457,33.78
1789837053.6253912,34.11
1789837053.9496324,33.23
1789837054.2404811,33.96
1789837054.5648818,32.54
1789837054.8570588,33.67
1789837055.1494246,34.04
1789837055.4720428,33.21
1789837055.7655587,33.79
1789837056.0912998,31.89
1789837056.3824148,33.41
1789837056.6746814,33.93
1789837056.9977143,32.91
1789837057.2910824,33.72
1789837057.5852835,33.88
1789837057.9066136,33.47
1789837058.201001,33.81
1789837058.5238214,32.70
1789837058.8177605,33.52
1789837059.1093743,34.05
1789837059.4322724,33.33
1789837059.725885,33.88
1789837060.047929,32.67
1789837060.341486,33.58
1789837060.6346982,33.92
1789837060.9572546,33.09
1789837061.251011,33.73
1789837061.5747044,32.24
1789837061.8678098,33.44
1789837062.160581,33.91
1789837062.4830787,32.92
1789837062.7760212,33.74
1789837063.0694427,33.98
1789837063.3922713,33.30
1789837063.6852872,33.84
1789837064.0087705,32.45
1789837064.3013353,33.57
1789837064.594652,33.94
1789837064.9173155,33.25
1789837065.2107599,33.80
1789837065.5342634,32.40
1789837065.8270936,33.51
1789837066.1211014,33.79
1789837066.4426787,33.14
1789837066.7360277,33.76
1789837067.029823,34.03
1789837067.3522434,33.40
1789837067.64532,33.91
1789837067.9679744,32.81
1789837068.2616637,33.61
1789837068.5549102,33.97
1789837068.877513,33.22
1789837069.170745,33.79
1789837069.4936278,32.39
1789837069.786601,33.54
1789837070.0841477,33.50
1789837070.4026291,33.21
1789837070.6959605,33.79
1789837071.0187824,32.33
1789837071.3208659,34.45
1789837074.156615,31.57
1789837074.507854,30.41
1789837074.8314319,30.69
1789837075.1568544,31.23
1789837075.5107975,31.02
1789837075.829564,31.70
1789837076.1729896,31.82
1789837076.4924817,31.79
1789837076.813018,31.44
1789837077.1753185,30.99
1789837077.493716,32.59
1789837077.8362489,31.15
1789837078.1687396,31.93
1789837078.4613245,34.09
1789837078.7843392,32.82
1789837079.0806832,35.57
1789837079.3708205,36.47
1789837079.69234,35.20
1789837079.988387,36.02
1789837080.3103623,34.39
1789837080.6017675,35.02
1789837080.8994966,35.54
1789837081.2102966,35.57
1789837081.5051355,34.51
1789837081.8303046,33.36
1789837082.1287591,33.28
1789837082.4244196,35.38
1789837082.7456057,34.75
1789837083.0288603,36.41
1789837083.3515663,33.20
1789837083.6452909,33.74
1789837083.938166,34.01
1789837084.2657151,32.51
1789837084.5543158,33.84
1789837084.8477814,34.04
1789837085.175597,33.49
1789837085.4693873,34.72
1789837085.7932649,33.39
1789837086.0888686,33.95
1789837086.3816292,34.79
1789837086.7018766,34.33
1789837086.994458,35.25
1789837087.3116066,34.31
1789837087.6124275,34.12
1789837087.9070945,35.67
1789837088.2255642,33.63
1789837088.5141914,34.21
1789837088.8077064,34.16
1789837089.136165,32.92
1789837089.4258614,34.19
1789837089.7462835,33.00
1789837090.0404785,33.66
1789837090.3328757,33.99
1789837090.6557107,33.25
1789837090.948903,33.80
1789837091.2719111,32.45
1789837091.5651772,33.51
1789837091.8585827,33.94
1789837092.1866293,32.74
1789837092.4796069,34.52
1789837092.7747402,34.76
1789837093.0976624,34.24
1789837093.3913875,35.87
1789837093.7162187,34.57
1789837094.0231583,35.44
1789837094.3171375,36.63
1789837094.6235673,36.30
1789837094.9239333,36.49
1789837095.239473,34.95
1789837095.5371547,35.90
1789837095.8360589,36.63
1789837096.1492145,35.65
1789837096.4424846,36.18
1789837096.7570014,35.62
1789837097.0625048,35.57
1789837097.3568387,35.91
1789837097.6739342,35.53
1789837097.9681013,36.40
1789837098.2620313,36.61
1789837098.583325,35.64
1789837098.8778007,35.66
1789837099.1992974,34.23
1789837099.4989347,35.84
1789837099.7877746,37.05
1789837100.1098447,35.06
1789837100.405746,35.99
1789837100.7231483,34.38
1789837101.01753,35.27
1789837101.3111055,35.91
1789837101.6338944,34.44
1789837101.9360597,35.31
1789837102.2233217,37.25
1789837102.5445273,35.67
1789837102.836823,36.51
1789837103.155657,34.89
1789837103.4515448,35.04
1789837103.743578,34.90
1789837104.0652304,33.87
1789837104.3588014,34.52
1789837104.6829255,32.44
1789837104.9759138,34.60
1789837105.2685935,35.10
1789837105.5862832,34.46
1789837105.8872285,34.36
1789837108.747708,31.73
1789837109.0460823,33.47
1789837109.3411543,34.88
1789837109.657251,33.75
1789837109.9502802,34.01
1789837110.2436628,34.12
1789837110.5674303,33.26
1789837110.869655,32.97
1789837111.2217739,30.58
1789837111.541943,31.00
1789837111.8616986,31.19
1789837112.213877,30.36
1789837112.5341742,30.94
1789837112.8763611,30.11
1789837113.1694114,32.75
1789837113.462825,33.63
1789837113.785343,32.97
1789837114.0791686,33.68
1789837114.3723915,33.95
1789837114.6950436,33.41
1789837114.988442,33.85
1789837115.310721,32.86
1789837115.6040683,33.68
1789837115.8977566,33.93
1789837116.2207866,33.16
1789837116.5133512,33.86
1789837116.8359904,32.55
1789837117.129359,33.57
1789837117.4233832,33.84
1789837117.7454112,33.06
1789837118.0387259,33.75
1789837118.3344257,33.74
1789837118.655076,33.38
1789837118.948073,34.03
1789837119.2722638,32.81
1789837119.5644343,33.73
1789837119.8593538,33.91
1789837120.1803286,33.42
1789837120.4743242,33.79
1789837120.7962537,32.63
1789837121.0908105,33.51
1789837121.38381,33.89
1789837121.7053952,33.25
1789837121.9989724,33.84
1789837122.3214579,32.41
1789837122.6156962,33.44
1789837122.9081388,33.91
1789837123.2309399,33.28
1789837123.5248947,33.76
1789837123.8186724,33.89
1789837124.1407945,33.35
1789837124.4333918,33.90
1789837124.7561479,32.81
1789837125.051727,33.52
1789837125.3428347,34.07
1789837125.6654313,33.29
1789837125.9587183,33.84
1789837126.2813857,32.52
1789837126.5761461,33.40
1789837126.8679035,33.98
1789837127.1906505,33.06
1789837127.484419,33.69
1789837127.7777967,34.00
1789837128.099982,33.41
1789837128.3934293,33.86
1789837128.7224264,32.46
1789837129.009556,33.98
1789837129.3027503,34.07
1789837129.629781,32.93
1789837129.9263618,33.45
1789837130.249399,32.30
1789837130.5347462,33.95
1789837130.8281016,34.05
1789837131.1509426,33.16
1789837131.4440706,33.78
1789837131.767065,32.26
1789837132.0601344,33.48
1789837132.3536656,33.90
1789837132.6762383,32.92
1789837132.9694443,33.71
1789837133.2675812,33.95
1789837133.6006346,32.75
1789837133.8842819,34.64
1789837134.208574,32.89
1789837134.5007987,34.43
1789837134.7940629,35.04
1789837135.1160145,33.98
1789837135.4112802,34.62
1789837135.7319055,33.04
1789837136.0311627,34.06
1789837136.3135571,34.99
1789837136.6365292,33.39
1789837136.942762,33.26
1789837137.247001,33.23
1789837137.584219,32.41
1789837137.88877,34.32
1789837138.2173858,32.67
1789837138.52203,32.76
1789837138.8277867,32.72
1789837139.1647093,31.82
1789837139.468269,32.55
1789837139.8043642,31.27
1789837140.1092927,32.26
1789837140.4147203,32.57
1789837140.7505865,31.79
1789837143.6237164,29.85
1789837143.9595006,30.45
1789837144.2785974,31.00
1789837144.598432,31.17
1789837144.9502776,30.23
1789837145.2706518,30.93
1789837145.590298,31.20
1789837145.9422133,30.58
1789837146.262484,31.01
1789837146.6149666,29.85
1789837146.9347446,30.77
1789837147.2542934,31.11
1789837147.5865712,31.77
1789837147.8799307,33.29
1789837148.2026005,32.14
1789837148.4959302,33.41
1789837148.7897139,33.82
1789837149.1120465,33.02
1789837149.406914,33.54
1789837149.7033963,33.80
1789837150.021179,33.40
1789837150.3147235,33.90
1789837150.637229,32.81
1789837150.9312255,33.61
1789837151.2239442,33.96
1789837151.5525208,32.83
1789837151.8400064,34.02
1789837152.1625404,32.55
1789837152.4560597,33.54
1789837152.749222,33.94
1789837153.0718791,33.06
1789837153.3656175,33.70
1789837153.660073,33.82
1789837153.9811864,33.38
1789837154.274635,33.84
1789837154.5972211,32.92
1789837154.8905115,33.70
1789837155.1842234,33.96
1789837155.5099874,33.00
1789837155.800009,33.90
1789837156.122647,32.66
1789837156.4160738,33.59
1789837156.70931,33.95
1789837157.031889,33.12
1789837157.3252618,33.76
1789837157.6492066,32.24
1789837157.9414074,33.49
1789837158.2346027,33.89
1789837158.5677764,33.64
1789837158.8507233,34.67
1789837159.1438017,34.36
1789837159.4668436,33.44
1789837159.7599304,33.90
1789837160.083068,32.77
1789837160.375918,33.68
1789837160.6692636,33.98
1789837160.9917803,33.28
1789837161.285202,33.82
1789837161.6092038,32.32
1789837161.9037476,33.27
1789837162.194892,33.91
1789837162.5183573,32.93
1789837162.8112152,33.82
1789837163.1051133,33.98
1789837163.4278738,33.29
1789837163.7217188,33.78
1789837164.042979,32.79
1789837164.3375368,33.49
1789837164.6295207,34.00
1789837164.9520383,33.23
1789837165.2455375,33.85
1789837165.567906,32.66
1789837165.861278,33.60
1789837166.154631,33.95
1789837166.4773054,33.14
1789837166.770646,33.76
1789837167.0933049,32.31
1789837167.3877075,33.37
1789837167.6798189,33.91
1789837168.0025642,32.94
1789837168.2962599,33.65
1789837168.5891614,33.96
1789837168.9118657,33.35
1789837169.2052765,33.85
1789837169.527752,32.68
1789837169.8212519,33.59
1789837170.1168041,33.68
1789837170.4372416,33.26
1789837170.7306352,33.80
1789837171.053196,32.50
1789837171.3464963,33.56
1789837172.5395653,23.68
1789837172.9185894,26.49
1789837173.2824264,28.14
1789837173.6614122,27.65
1789837174.0280247,28.13
1789837174.415228,27.77
1789837174.7357397,30.60
1789837175.0700495,30.87
1789837175.3777256,32.54
1789837175.6970167,32.52
1789837178.561732,30.30
1789837178.9039264,30.41
1789837179.256965,29.93
1789837179.5920038,30.53
1789837179.9455616,29.93
1789837180.275077,30.71
1789837180.6201658,30.47
1789837180.9571822,30.66
1789837181.3050752,30.34
1789837181.646367,30.63
1789837182.0180972,28.54
1789837182.407368,27.79
1789837182.7170763,31.93
1789837182.9881184,36.50
1789837183.3226652,34.14
1789837183.6347394,33.18
1789837183.9477909,32.89
1789837184.2747343,32.19
1789837184.607596,31.48
1789837184.9359245,31.78
1789837185.264041,32.31
1789837185.5818262,32.34
1789837185.9069371,32.18
1789837186.223841,32.53
1789837186.5343328,32.98
1789837186.8455255,33.01
1789837187.159702,33.79
1789837187.4834106,32.73
1789837187.7998838,32.87
1789837188.1191099,32.48
1789837188.4483764,31.77
1789837188.76502,32.40
1789837189.0787976,32.73
1789837189.3849032,33.58
1789837189.704514,32.48
1789837190.0170448,33.00
1789837190.3336957,33.09
1789837190.6496935,32.89
1789837190.9592264,33.46
1789837191.2687585,33.61
1789837191.5926294,32.32
1789837191.9113593,32.36
1789837192.231117,32.52
1789837192.54892,32.79
1789837192.8594859,32.94
1789837193.175076,33.27
1789837193.4875321,33.44
1789837193.7986302,34.01
1789837194.1039963,34.03
1789837194.4318388,32.11
1789837194.7515113,31.91
1789837195.0761187,32.18
1789837195.389038,32.55
1789837195.6975918,33.09
1789837196.0121748,33.36
1789837196.3308053,33.14
1789837196.6447434,33.21
1789837196.960631,32.73
1789837197.2735171,33.02
1789837197.601421,32.19
1789837197.9133584,33.19
1789837198.238854,32.27
1789837198.5495327,33.17
1789837198.8560693,33.76
1789837199.1678994,33.55
1789837199.477916,33.51
1789837199.788744,32.95
1789837200.115569,32.17
1789837200.4324038,32.67
1789837200.7508316,32.44
1789837201.0617502,33.09
1789837201.3864262,32.21
1789837201.7029285,32.48
1789837202.0163429,32.90
1789837202.339128,32.34
1789837202.659287,32.76
1789837202.9692345,33.11
1789837203.29878,32.21
1789837203.6169066,32.72
1789837203.9367049,32.66
1789837204.2524135,33.23
1789837204.5770326,32.23
1789837204.8988502,32.33
1789837205.213636,33.10
1789837205.5390174,32.64
1789837205.8425224,33.71
1789837206.1586287,32.92
1789837206.4814925,32.07
1789837206.8031733,32.56
1789837207.123041,32.15
1789837207.4459505,32.27
1789837207.757872,32.90
1789837208.0825331,32.36
1789837208.400389,32.36
1789837208.7038789,33.68
1789837209.030215,32.34
1789837209.3527138,32.20
1789837209.6679332,32.24
1789837209.9830115,32.43
1789837210.3007188,32.89
1789837213.1714156,29.29
1789837213.5206912,29.27
1789837213.8749614,29.61
1789837214.2172954,29.96
1789837214.5670812,29.67
1789837214.922095,29.58
1789837215.269555,29.61
1789837215.618082,29.83
1789837215.9715397,29.31
1789837216.3251233,29.49
1789837216.6512148,31.11
1789837216.9626563,32.55
1789837217.2825408,32.36
1789837217.5934865,32.92
1789837217.9071786,33.09
1789837218.213996,33.74
1789837218.5339804,33.04
1789837218.8427157,33.33
1789837219.1493604,33.86
1789837219.4978342,31.41
1789837219.822134,32.46
1789837220.1372974,33.37
1789837220.4561603,33.05
1789837220.7579267,33.97
1789837221.0720282,33.56
1789837221.3819363,33.34
1789837221.6935518,32.98
1789837222.0141006,32.52
1789837222.3256888,33.05
1789837222.6438806,32.87
1789837222.9549446,33.20
1789837223.2738333,32.95
1789837223.5829422,33.32
1789837223.9031746,32.53
1789837224.2243066,32.24
1789837224.548538,32.03
1789837224.857413,33.24
1789837225.1728287,33.25
1789837225.4969227,32.63
1789837225.8327127,31.37
1789837226.1591349,31.85
1789837226.477934,32.20
1789837226.792012,32.70
1789837227.1018178,33.22
1789837227.431277,32.11
1789837227.7475777,32.48
1789837228.0666478,32.61
1789837228.380453,33.21
1789837228.6991751,32.77
1789837229.0151033,32.57
1789837229.3237538,32.95
1789837229.6469545,32.50
1789837229.9649305,32.82
1789837230.281348,32.85
1789837230.5892751,33.58
1789837230.9056985,33.19
1789837231.2217932,33.48
1789837231.540038,32.81
1789837231.8564885,32.69
1789837232.1778355,32.73
1789837232.5034218,32.26
1789837232.8358934,32.55
1789837233.1349642,33.65
1789837233.434531,33.75
1789837233.7440145,33.74
1789837234.066206,32.43
1789837234.3788009,32.77
1789837234.6981072,32.46
1789837234.9964728,34.02
1789837235.3001635,33.71
1789837235.6102684,33.33
1789837235.92743,32.71
1789837236.2276394,33.57
1789837236.5308394,33.79
1789837236.8371012,33.69
1789837237.1505504,32.90
1789837237.4703119,32.54
1789837237.7895074,32.33
1789837238.1020079,32.47
1789837238.4138372,33.29
1789837238.7274137,32.88
1789837239.035022,33.08
1789837239.3413136,33.75
1789837239.6588967,32.76
1789837239.97153,32.50
1789837240.2777994,33.13
1789837240.590444,32.96
1789837240.923347,31.54
1789837241.2309353,33.02
1789837241.5394428,33.02
1789837241.8427467,33.56
1789837242.1502528,33.37
1789837242.4676008,32.52
1789837242.7635674,34.13
1789837243.0747652,33.14
1789837243.3771589,33.81
1789837243.6755807,34.05
1789837243.9906898,32.95
1789837244.3014004,33.17
1789837244.6085808,33.80
1789837244.9133835,33.59
1789837245.2148583,33.97
1789837248.1000528,30.79
1789837248.445408,30.02
1789837248.7901168,30.14
1789837249.1327069,30.03
1789837249.4729862,30.07
1789837249.8097053,30.38
1789837250.1530728,30.43
1789837250.488831,30.65
1789837250.8311615,29.96
1789837251.1531277,31.63
1789837251.4650276,32.74
1789837251.7792559,32.40
1789837252.0948617,32.45
1789837252.400564,33.31
1789837252.7103488,33.44
1789837253.0202377,33.37
1789837253.3383293,32.91
1789837253.6453714,33.10
1789837253.954335,33.14
1789837254.259137,33.72
1789837254.5643494,33.83
1789837254.878972,33.55
1789837255.193901,32.69
1789837255.506175,33.18
1789837255.8154466,33.24
1789837256.12899,33.01
1789837256.4293787,33.95
1789837256.737738,33.41
1789837257.0484717,33.70
1789837257.3543928,34.06
1789837257.6562886,34.22
1789837257.965471,33.54
1789837258.2794325,33.34
1789837258.5799365,34.37
1789837258.8805654,34.61
1789837259.182267,34.54
1789837259.4819791,34.13
1789837259.785804,34.12
1789837260.093329,33.83
1789837260.406551,32.79
1789837260.7180066,33.22
1789837261.0280836,33.45
1789837261.3334312,33.59
1789837261.6384118,33.71
1789837261.952623,32.77
1789837262.2623127,33.22
1789837262.5636396,33.80
1789837262.8713686,33.77
1789837263.1825478,33.39
1789837263.4960592,32.61
1789837263.8075542,32.85
1789837264.115558,33.15
1789837264.4228556,33.24
1789837264.722257,33.70
1789837265.0243351,33.76
1789837265.3305168,33.67
1789837265.6387427,33.27
1789837265.9486737,33.24
1789837266.2665036,32.91
1789837266.5725515,33.24
1789837266.8730328,34.24
1789837267.1719773,34.52
1789837267.4849339,33.19
1789837267.7842412,33.82
1789837268.0887399,34.11
1789837268.4012916,33.57
1789837268.7077367,33.65
1789837269.0203054,33.33
1789837269.3304727,33.30
1789837269.7166004,29.67
1789837270.1825402,25.28
1789837270.550545,28.36
1789837270.875703,30.63
1789837271.1983182,31.53
1789837271.5279095,31.95
1789837271.8519535,31.63
1789837272.167911,32.49
1789837272.4964201,31.77
1789837272.8267667,31.61
1789837273.152441,31.84
1789837273.4797683,31.86
1789837273.788419,32.85
1789837274.0971627,33.21
1789837274.4185486,32.76
1789837274.7355056,32.71
1789837275.053184,32.89
1789837275.368045,32.54
1789837275.6884716,32.19
1789837275.9977393,33.07
1789837276.3136497,32.48
1789837276.640082,32.32
1789837276.9659226,32.38
1789837277.2833471,32.41
1789837277.608991,32.08
1789837277.916064,33.05
1789837278.2363355,33.00
1789837278.5594811,32.31
1789837278.8752067,32.97
1789837279.1918256,32.74
1789837279.526304,31.66
1789837312.4422052,0.50
1789837312.8605714,17.48
1789837313.2311313,24.30
1789837313.5924432,26.96
1789837313.949049,28.17
1789837314.323386,28.29
1789837314.6984112,28.46
1789837314.9960139,33.29
1789837315.2932897,34.67
1789837315.6268804,32.44
1789837316.0003803,29.84
1789837316.360827,28.94
1789837316.7248235,28.66
1789837317.089448,28.37
1789837317.4494374,28.48
1789837317.7897847,29.47
1789837318.1223578,30.39
1789837318.4553492,30.59
1789837318.7912893,30.61
1789837319.1466231,30.31
1789837319.4773772,30.84
1789837319.816703,30.52
1789837320.1423523,31.15
1789837320.4710894,31.25
1789837320.794826,31.52
1789837321.1243093,31.52
1789837321.4424179,33.42
1789837321.7121897,36.94
1789837322.0126247,35.37
1789837322.3038776,36.14
1789837322.6363356,32.74
1789837322.9621801,32.25
1789837323.3128235,31.21
1789837323.6439571,31.26
1789837324.0185113,29.26
1789837324.3784287,29.73
1789837324.7480507,29.14
1789837325.0933645,30.15
1789837325.433154,30.50
1789837325.7923007,30.06
1789837326.1513593,29.59
1789837326.4915001,30.48
1789837326.8425333,30.30
1789837327.1702945,30.92
1789837327.5030997,31.06
1789837327.8350248,31.04
1789837328.1677809,30.87
1789837328.4835796,32.09
1789837328.827859,30.99
1789837329.1631582,30.88
1789837329.5229602,30.22
1789837329.8736649,30.09
1789837330.2013426,31.15
1789837330.552928,30.29
1789837330.8796833,31.15
1789837331.2151792,30.84
1789837331.55831,30.40
1789837331.909311,29.82
1789837332.2349951,31.22
1789837332.5628266,31.56
1789837332.8930094,31.65
1789837333.2185457,31.75
1789837333.5522563,31.24
1789837333.8895843,30.63
1789837334.3152814,27.41
1789837334.743379,26.21
1789837335.102959,28.28
1789837335.4337487,30.27
1789837335.770304,30.60
1789837336.1013036,31.00
1789837336.4370522,30.64
1789837336.7631617,31.47
1789837337.0928352,31.24
1789837337.4122157,32.10
1789837337.7352448,32.01
1789837338.0688324,31.30
1789837338.3980665,31.41
1789837338.7298942,31.45
1789837339.0597339,31.34
1789837339.3898668,31.37
1789837339.748155,30.07
1789837340.087687,30.61
1789837340.4240932,31.11
1789837340.755411,31.18
1789837341.088691,30.94
1789837341.4269924,30.95
1789837341.7884955,30.14
1789837342.1139874,31.26
1789837342.4582195,30.63
1789837342.8018117,30.50
1789837343.131784,30.93
1789837343.457038,31.43
1789837343.7879422,31.08
1789837344.115489,31.19
1789837344.4439013,31.57
1789837344.7704012,31.55
1789837345.1084118,30.87
1789837345.4920213,28.96
1789837345.8692863,28.12
1789837346.2419071,28.29
1789837346.6209977,28.00
1789837346.9875157,28.21
1789837347.3487287,28.54
1789837347.6842854,31.27
1789837347.9873555,32.81
1789837348.3043046,32.44
1789837348.6260035,32.13
1789837348.9782944,30.87
1789837349.297459,31.53
1789837349.6766531,28.63
1789837350.054199,28.33
1789837350.4194164,28.37
1789837350.7797177,28.47
1789837351.1360276,28.76
1789837351.4913225,28.93
1789837351.846001,28.97
1789837352.19732,29.20
1789837352.5599504,28.73
1789837352.9772286,26.99
1789837353.3740795,26.93
1789837353.7476454,27.82
1789837354.1047635,28.52
1789837354.4684236,28.51
1789837354.8245249,28.75
1789837355.1836069,28.58
1789837355.5397782,28.76
1789837355.9293115,27.83
1789837356.3016446,27.90
1789837356.6642735,28.24
1789837357.0210106,28.83
1789837357.3767502,28.96
1789837357.7423775,28.62
1789837358.1110451,28.40
1789837358.4626842,29.06
1789837358.8460066,27.92
1789837359.272591,26.46
1789837359.6912735,26.03
1789837360.058268,27.19
1789837360.4457664,27.16
1789837360.8072813,27.87
1789837361.1597,28.82
1789837361.5144699,28.84
1789837361.8756506,28.29
1789837362.2353232,28.54
1789837362.5878239,28.77
1789837362.9526,28.41
1789837363.309311,28.64
1789837363.6592908,29.11
1789837364.0131645,29.03
1789837364.3666575,28.94
1789837364.7210493,28.90
1789837365.0800226,28.76
1789837365.4419332,28.55
1789837365.8074176,28.32
1789837366.1649208,28.49
1789837366.525079,28.43
1789837366.8747847,28.88
1789837367.2319381,28.67
1789837367.5814638,29.19
1789837367.9367893,28.84
1789837368.3384073,26.87
1789837368.689823,29.90
1789837368.9919107,32.65
1789837369.312644,32.63
1789837369.7019055,31.29
1789837370.1013823,28.80
1789837370.4645011,28.43
1789837370.8226337,28.38
1789837371.175774,28.70
1789837371.5641983,27.73
1789837371.9748335,26.89
1789837372.3362987,27.75
1789837372.7071009,27.94
1789837373.0712008,28.09
1789837373.4354029,28.20
1789837373.8047664,28.34
1789837374.181652,27.83
1789837374.5549822,27.78
1789837374.9701605,26.27
1789837375.3269527,27.93
1789837375.6840653,28.36
1789837376.0385032,28.56
1789837376.3831956,29.30
1789837376.7277985,29.66
1789837377.1233792,27.90
1789837377.551289,26.12
1789837377.9333978,26.91
1789837378.2957695,27.87
1789837378.684394,26.72
1789837379.083301,26.29
1789837381.9030602,26.53
1789837382.2606444,28.07
1789837382.6272109,28.14
1789837382.98331,28.65
1789837383.3474927,28.65
1789837383.7169623,28.07
1789837384.0818594,28.27
1789837384.4532506,28.03
1789837384.8125088,28.65
1789837385.1833956,27.90
1789837385.5476668,28.16
1789837385.9050488,28.64
1789837386.2686448,28.47
1789837386.6291313,28.42
1789837386.9999092,28.20
1789837387.3737383,27.81
1789837387.7463017,27.49
1789837388.1236355,27.77
1789837388.483864,28.10
1789837388.8506732,27.90
1789837389.2074287,28.41
1789837389.5576763,28.81
1789837389.9255993,28.08
1789837390.2863607,28.26
1789837390.6447184,28.26
1789837391.0305407,28.04
1789837391.440982,26.38
1789837391.7475338,31.61
1789837392.052234,33.89
1789837392.3577743,33.49
1789837392.701011,31.91
1789837393.0150099,32.30
1789837393.359624,30.55
1789837393.674656,32.19
1789837393.9873006,32.38
1789837394.3287232,31.73
1789837394.64311,32.29
1789837394.9535372,32.67
1789837395.3588572,29.08
1789837395.6913323,31.95
1789837396.0185306,32.09
1789837396.3805044,29.85
1789837396.7508905,28.50
1789837397.1190476,28.10
1789837397.4835203,28.16
1789837397.840152,28.73
1789837398.2058372,28.44
1789837398.5612419,28.80
1789837426.319513,0.56
1789837426.6788845,19.77
1789837427.003408,27.57
1789837427.357861,29.71
1789837427.6924174,30.25
1789837428.0275357,30.48
1789837428.3880641,29.94
1789837428.7858238,28.22
1789837429.1486769,28.92
1789837429.4804955,30.40
1789837429.836173,30.11
1789837430.155148,31.37
1789837430.470526,32.19
1789837430.789032,32.59
1789837431.1041028,32.64
1789837431.4203837,32.43
1789837431.728942,33.04
1789837432.051007,32.23
1789837432.3887177,31.88
1789837432.7097416,31.97
1789837433.0269103,32.32
1789837433.338062,32.92
1789837433.678756,30.75
1789837433.9650683,34.75
1789837434.2383204,37.06
1789837434.539033,35.56
1789837434.8290331,35.54
1789837435.1476293,33.68
1789837435.442552,34.44
1789837435.73908,34.29
1789837436.0613577,33.38
1789837436.35615,34.21
1789837436.6503522,34.32
1789837436.970946,33.98
1789837437.262195,34.59
1789837437.5860083,33.05
1789837437.878768,34.38
1789837438.1716144,34.88
1789837438.4977562,33.33
1789837438.788924,34.57
1789837439.1112573,32.57
1789837439.4027143,34.18
1789837439.6978462,35.21
1789837440.018611,33.41
1789837440.3173308,33.68
1789837440.607209,34.56
1789837440.9683905,31.72
1789837441.2926166,32.02
1789837441.6242533,31.51
1789837441.958288,31.20
1789837442.2935464,30.72
1789837442.6250265,30.81
1789837442.9572978,30.94
1789837443.287982,31.02
1789837443.6152792,31.70
1789837443.933701,32.31
1789837444.2712142,31.10
1789837444.5973125,31.32
1789837444.918291,31.93
1789837445.2497022,31.28
1789837445.5839152,30.94
1789837445.9139254,31.01
1789837446.2454064,31.01
1789837446.6031713,29.66
1789837446.9611537,29.11
1789837447.317067,29.33
1789837450.4607453,27.46
1789837450.8133578,28.46
1789837451.165304,29.03
1789837451.5244348,28.96
1789837451.8860693,28.54
1789837452.2375956,29.02
1789837452.586466,29.67
1789837452.9154418,30.80
1789837453.2487779,30.88
1789837453.5763524,31.62
1789837453.9031637,31.55
1789837454.2310572,31.64
1789837454.5867922,29.65
1789837454.9327195,29.93
1789837455.264756,30.82
1789837455.5995147,30.88
1789837455.938496,30.69
1789837456.2869794,30.06
1789837456.6816092,27.80
1789837457.0960426,26.08
1789837457.4377918,28.72
1789837457.7621236,30.79
1789837458.121429,30.12
1789837458.4493809,30.92
1789837458.774717,31.60
1789837459.0995097,31.65
1789837459.4585645,29.79
1789837459.8177586,29.09
1789837460.1848643,28.46
1789837460.540083,29.40
1789837460.8658485,30.94
1789837461.202099,30.77
1789837461.5265403,31.64
1789837461.8620262,31.23
1789837462.17878,32.08
1789837462.5072927,31.67
1789837462.824916,32.36
1789837463.157718,31.64
1789837463.4840665,31.54
1789837463.8097472,31.77
1789837464.1427963,31.42
1789837464.4701388,31.35
1789837464.7948484,31.91
1789837465.1279502,31.63
1789837465.4655821,31.68
1789837465.8107135,31.18
1789837466.137081,31.27
1789837466.4692657,30.85
1789837466.7909389,31.66
1789837467.118277,31.40
1789837467.4439623,31.74
1789837467.7773855,31.09
1789837468.130657,29.88
1789837468.4800014,29.50
1789837468.817396,30.26
1789837469.146567,31.22
1789837469.4831378,30.85
1789837469.8268995,30.17
1789837470.1733353,30.21
1789837470.5200908,29.91
1789837470.8567789,30.25
1789837471.1942217,30.62
1789837471.5299108,30.85
1789837471.8699183,30.68
1789837472.2062333,30.75
1789837472.5478761,30.45
1789837472.888185,30.40
1789837491.8600516,0.54
1789837492.2347512,18.83
1789837492.5801609,25.89
1789837492.9241168,28.56
1789837493.2803595,28.70
1789837493.6264334,29.46
1789837493.9675722,29.68
1789837494.3097563,29.91
1789837494.6523023,30.12
1789837494.9920862,30.45
1789837495.337587,30.32
1789837495.666449,30.79
1789837495.991437,31.28
1789837496.3238986,31.04
1789837496.6567492,30.89
1789837496.9926598,30.73
1789837497.3286974,30.56
1789837497.6579123,31.06
1789837498.028139,30.11
1789837498.3650048,30.29
1789837498.711871,30.39
1789837499.0346396,31.16
1789837499.3619792,31.22
1789837499.6918104,31.21
1789837500.0175037,31.51
1789837500.3557923,30.62
1789837500.680137,31.37
1789837501.007107,31.31
1789837501.341922,30.84
1789837501.6727767,30.98
1789837502.0061202,30.74
1789837502.3323805,31.00
1789837502.663696,31.00
1789837502.988607,31.28
1789837503.3133945,31.36
1789837503.6431673,31.07
1789837503.9636042,31.71
1789837504.29506,31.17
1789837504.6282256,30.89
1789837504.9545567,31.31
1789837505.279275,31.29
1789837505.600855,31.66
1789837505.9256132,31.58
1789837506.258971,31.10
1789837506.5912364,30.84
1789837506.9167902,31.30
1789837507.246224,31.09
1789837507.573129,31.20
1789837507.908589,30.79
1789837508.2440588,30.62
1789837508.5672963,31.13
1789837508.894518,31.13
1789837509.2275121,30.92
1789837509.5586586,31.02
1789837509.8922005,30.99
1789837510.220564,31.04
1789837510.5604186,30.86
1789837510.9042325,30.51
1789837511.230438,31.13
1789837511.5627537,30.81
1789837511.8981428,30.65
1789837512.2438917,30.21
1789837512.5669487,31.11
1789837512.8925939,31.41
1789837513.2210393,31.25
1789837513.5485873,31.25
1789837513.8767252,31.25
1789837514.2084813,31.01
1789837514.5415,31.00
1789837514.877874,30.48
1789837515.2061355,30.79
1789837515.5312326,31.34
1789837515.858042,31.31
1789837516.183866,31.54
1789837516.5138004,31.31
1789837516.8401604,31.25
1789837520.0256588,28.44
1789837520.3816986,28.89
1789837520.7472546,28.40
1789837521.1055408,28.55
1789837521.4844236,27.69
1789837521.8320534,28.92
1789837522.1586816,30.54
1789837522.488399,30.87
1789837522.8162303,31.27
1789837523.1525364,30.85
1789837523.4892209,30.52
1789837523.817118,31.02
1789837524.1455033,31.36
1789837524.4768252,30.89
1789837524.805438,31.12
1789837525.1408772,30.75
1789837525.4735913,30.73
1789837525.8082972,30.56
1789837526.1343262,31.10
1789837526.464401,30.96
1789837526.7889113,31.23
1789837527.1217246,30.81
1789837527.453195,30.77
1789837527.806153,30.00
1789837528.137917,30.60
1789837528.4614139,31.23
1789837528.7991807,30.53
1789837529.1242688,31.10
1789837529.4556465,30.88
1789837529.7834778,31.28
1789837530.107885,31.31
1789837530.4346704,31.32
1789837530.7617917,31.57
1789837531.0971012,30.96
1789837531.4268987,30.93
1789837531.7531648,31.16
1789837532.085978,30.87
1789837532.4153552,31.04
1789837532.7423859,31.23
1789837533.0778537,30.81
1789837533.4157312,30.47
1789837533.7510498,30.69
1789837534.0786092,31.01
1789837534.4094644,31.14
1789837534.7845888,28.55
1789837535.1122072,30.34
1789837535.4604163,29.62
1789837535.8082001,29.81
1789837536.1300445,30.96
1789837536.4615753,31.10
1789837536.7900577,31.09
1789837537.1217036,30.81
1789837537.4597921,30.58
1789837537.7832127,31.10
1789837538.1244726,30.27
1789837538.4547596,30.73
1789837538.7884521,30.71
1789837539.1171994,31.16
1789837539.4612823,30.49
1789837539.7883465,30.95
1789837540.1215532,30.87
1789837540.453051,31.10
1789837540.7852688,30.94
1789837541.119599,30.83
1789837541.456705,30.55
1789837541.7844255,31.12
1789837542.1189845,30.75
1789837542.4586742,30.39
1789837542.7882638,30.82
1789837543.1155806,31.24
1789837543.4551437,30.78
1789837543.7914765,30.68
1789837544.1150434,31.15
1789837544.446277,30.89
1789837544.7844186,30.49
1789837545.11898,30.58
1789837545.4826515,29.42
1789837545.808441,30.64
1789837546.1494925,30.13
1789837546.4744947,30.87
1789837546.8045213,30.88
1789837547.141984,30.76
1789837547.4717221,30.93
1789837547.8082736,30.54
1789837548.1495123,30.36
1789837548.5005355,29.68
1789837548.8335674,30.31
1789837549.1595511,31.19
1789837549.4956784,30.96
1789837549.8196409,31.61
1789837550.1576028,30.80
1789837550.491006,30.55
1789837550.8339417,29.88
1789837551.1760125,29.92
1789837551.5192304,29.57
1789837551.8683066,29.11
1789837554.9889255,27.02
1789837555.333199,28.64
1789837555.6659906,30.23
1789837556.0290723,28.98
1789837556.4103835,28.13
1789837556.797177,27.08
1789837557.1648848,27.79
1789837557.5270128,28.28
1789837557.8884132,28.24
1789837558.2488754,28.33
1789837558.6287098,27.42
1789837558.9933035,27.84
1789837559.3537273,28.05
1789837559.7213755,28.04
1789837560.0868602,28.05
1789837560.4400587,28.42
1789837560.811539,27.73
1789837561.1747055,27.86
1789837561.5390663,27.89
1789837561.89732,28.21
1789837562.2616823,28.15
1789837562.626994,28.13
1789837562.9906073,28.12
1789837563.346852,28.51
1789837563.7088268,28.74
1789837564.0725942,28.58
1789837564.428636,29.16
1789837564.7688982,30.07
1789837565.0906322,31.36
1789837565.4284167,31.11
1789837565.7694914,30.81
1789837566.1240468,30.03
1789837566.4638653,30.06
1789837566.7882438,32.00
1789837567.0554183,36.81
1789837567.3440511,35.81
1789837567.6368341,35.22
1789837567.9599159,33.53
1789837568.2534745,34.28
1789837568.5461583,35.20
1789837568.870075,34.06
1789837569.1621773,34.35
1789837569.4848402,32.88
1789837569.776638,34.07
1789837570.0713582,34.52
1789837570.395369,33.95
1789837570.6866581,34.59
1789837571.0093226,33.08
1789837571.3034027,33.92
1789837571.596341,34.33
1789837571.9186275,33.34
1789837572.2252836,33.56
1789837572.5072484,36.53
1789837572.8323245,34.12
1789837573.1880956,31.36
1789837573.5432675,29.85
1789837573.8786776,30.19
1789837574.2137978,30.77
1789837574.5409458,31.52
1789837574.8783562,31.27
1789837575.2085123,31.05
1789837575.5355508,31.38
1789837575.8059285,36.70
1789837576.0833926,36.46
1789837576.38706,35.24
1789837576.7164614,33.63
1789837577.0375345,33.49
1789837577.3756428,31.38
1789837577.7170508,30.50
1789837578.0773408,30.19
1789837578.4368918,29.76
1789837578.7731342,30.34
1789837579.0995007,31.33
1789837579.4326732,30.93
1789837579.7929997,30.26
1789837580.1575813,29.26
1789837580.4910944,29.97
1789837580.8367105,29.59
1789837581.1686547,30.45
1789837581.5110576,30.20
1789837581.8566399,29.76
1789837582.19824,29.90
1789837582.587663,28.65
1789837582.9483724,29.38
1789837583.2888813,29.81
1789837583.6364043,29.98
1789837583.9704866,30.36
1789837584.3099132,30.07
1789837584.6490588,30.17
1789837584.9909408,30.29
1789837585.3268452,30.34
1789837585.656067,30.91
1789837585.991634,30.77
1789837586.3211071,31.07
1789837586.651787,30.90
1789837586.9830072,30.85
1789837589.485844,28.85
1789837589.812178,30.75
1789837590.1466935,30.66
1789837590.5022736,29.63
1789837590.8363385,30.51
1789837591.2028377,29.28
1789837591.5650837,29.89
1789837591.9215856,30.01
1789837592.268285,30.52
1789837592.6138134,30.07
1789837592.9548717,30.12
1789837593.2842906,30.84
1789837593.6107347,31.04
1789837593.937865,31.24
1789837594.2720118,30.91
1789837594.5984704,31.21
1789837594.9271815,31.38
1789837595.2488363,31.79
1789837595.582608,31.25
1789837595.911397,31.24
1789837596.2421088,31.35
1789837596.5795844,30.84
1789837596.9229906,30.72
1789837597.30523,29.06
1789837597.6890779,28.36
1789837598.0542607,29.12
1789837598.4036615,29.44
1789837598.7479064,29.82
1789837599.0795746,30.69
1789837599.4165852,30.73
1789837599.7564116,30.30
1789837600.0992565,29.67
1789837600.4535253,29.32
1789837600.8433716,27.32
1789837601.2268622,27.30
1789837601.595163,27.81
1789837601.9650505,28.06
1789837602.3211064,29.04
1789837602.7105556,28.23
1789837603.0753736,28.29
1789837603.431293,29.29
1789837603.7762923,29.20
1789837604.1131623,29.95
1789837604.4490123,30.27
1789837604.7719252,31.10
1789837605.1065676,30.83
1789837605.4280336,31.35
1789837605.7683146,30.44
1789837606.0946753,31.18
1789837606.4396105,30.66
1789837606.7731457,30.79
1789837607.0695605,34.00
1789837607.371405,34.91
1789837607.7031436,35.02
1789837608.024721,35.70
1789837608.3247037,36.51
1789837608.6806386,31.96
1789837609.0203192,30.38
1789837609.3742638,29.40
1789837609.7176852,29.56
1789837610.0682755,29.06
1789837610.4361477,28.77
1789837610.7762072,29.77
1789837611.1240134,29.33
1789837611.4706693,29.67
1789837611.8223748,29.58
1789837612.1863823,29.04
1789837612.5723767,27.61
1789837612.9203541,28.73
1789837613.260985,29.31
1789837613.606331,29.92
1789837613.9545465,29.47
1789837614.2891827,30.24
1789837614.629743,29.97
1789837614.9546974,30.97
1789837615.288595,30.81
1789837615.6294825,30.42
1789837615.9732563,29.99
1789837616.303593,30.73
1789837616.6374774,30.99
1789837616.9762747,30.67
1789837617.3204527,30.37
1789837617.6784203,29.59
1789837618.0194473,30.17
1789837618.3622067,30.50
1789837618.7167668,29.72
1789837619.0667255,29.80
1789837619.4141579,29.47
1789837619.7746072,29.01
1789837620.121375,29.26
1789837620.4726777,29.49
1789837620.8196962,29.72
1789837621.165574,30.07
1789837621.4960287,30.69
1789837624.769466,28.89
1789837625.141411,28.20
1789837625.521922,27.60
1789837625.8929105,27.86
1789837626.260586,28.30
1789837626.6280303,27.80
1789837626.9446688,32.06
1789837627.3087795,29.99
1789837627.672818,29.04
1789837628.0435858,28.21
1789837628.383283,30.25
1789837628.6878953,32.54
1789837628.985115,33.73
1789837629.336356,31.13
1789837629.6588566,31.96
1789837629.970126,32.22
1789837630.319009,31.10
1789837630.6351871,31.48
1789837630.9829228,30.31
1789837631.3033988,31.74
1789837631.6169755,32.11
1789837631.965054,31.27
1789837632.2842553,31.90
1789837632.6278815,30.72
1789837632.9489424,31.50
1789837633.2694774,31.55
1789837633.6103513,31.46
1789837633.9050982,33.28
1789837634.1976085,34.38
1789837634.520709,33.51
1789837634.8115304,34.39
1789837635.1344008,32.97
1789837635.580408,26.56
1789837635.8532414,34.72
1789837636.131397,35.72
1789837636.426109,34.80
1789837636.78086,31.37
1789837637.113931,31.17
1789837637.451578,30.95
1789837637.7839336,31.02
1789837638.1156926,31.41
1789837638.3794358,37.02
1789837638.6587043,37.03
1789837638.9473515,36.07
1789837639.2715209,34.20
1789837639.5651336,34.60
1789837639.8890631,32.88
1789837640.1840272,34.11
1789837640.4776158,34.90
1789837640.7990222,33.64
1789837641.0888107,34.77
1789837641.4137077,32.50
1789837641.706024,33.94
1789837642.000177,34.39
1789837642.3204148,33.96
1789837642.617626,34.36
1789837642.9342098,33.41
1789837643.2324483,33.87
1789837643.5247166,34.58
1789837643.848502,33.08
1789837644.142452,33.99
1789837644.4355848,34.16
1789837644.7579298,33.52
1789837645.0638607,33.10
1789837645.3709085,33.79
1789837645.678851,32.83
1789837646.01655,31.76
1789837646.337339,31.87
1789837646.6609666,31.85
1789837646.9810324,32.03
1789837647.2887182,33.67
1789837647.5569675,37.15
1789837647.8385072,36.37
1789837648.1270308,35.55
1789837648.4488773,33.26
1789837648.8033807,31.19
1789837649.0852695,35.97
1789837649.3630862,36.36
1789837649.656811,35.60
1789837649.9511042,34.67
1789837650.2734663,33.61
1789837650.5643294,34.41
1789837650.886014,33.16
1789837651.1796463,34.13
1789837651.4727468,34.28
1789837651.796381,33.54
1789837652.0896,34.14
1789837652.4137683,32.45
1789837652.705721,33.78
1789837652.9993136,34.40
1789837653.3226094,33.35
1789837653.6156886,34.11
1789837653.9094255,34.62
1789837654.231766,33.81
1789837654.5232182,34.44
1789837654.8492362,32.56
1789837655.1413074,34.28
1789837655.4347324,34.75
1789837655.7577572,33.35
1789837656.0477638,34.48
1789837656.3727715,32.35
1789837656.6727045,33.89
1789837659.1630056,32.21
1789837659.485115,32.56
1789837659.7812245,33.86
1789837660.0973015,33.20
1789837660.3940873,33.89
1789837660.68767,34.37
1789837661.0116632,33.04
1789837661.3052542,33.87
1789837661.5976055,34.42
1789837661.9193819,33.57
1789837662.2127886,34.22
1789837662.5355816,32.94
1789837662.827603,33.88
1789837663.1236153,33.91
1789837663.4445252,33.53
1789837663.7398965,34.41
1789837664.0580926,33.57
1789837664.3525655,34.02
1789837664.6474044,34.21
1789837664.970214,33.50
1789837665.26658,33.99
1789837665.5569744,34.43
1789837665.879806,34.00
1789837666.1729512,34.24
1789837666.4986532,32.47
1789837666.7895775,33.80
1789837667.0822666,34.37
1789837667.40549,33.12
1789837667.6961954,34.15
1789837668.0214508,32.47
1789837668.3145676,33.69
1789837668.6070385,34.10
1789837668.932262,32.89
1789837669.2243888,34.50
1789837669.5166733,34.44
1789837669.8624527,31.84
1789837670.3032742,26.48
1789837670.5688834,35.00
1789837670.838264,37.14
1789837671.1630561,33.32
1789837671.4539185,35.54
1789837671.7544222,34.82
1789837672.0691385,34.09
1789837672.362077,34.27
1789837672.6565647,34.29
1789837672.9805844,33.53
1789837673.2717767,34.56
1789837673.597191,32.75
1789837673.8909252,33.80
1789837674.1817343,34.51
1789837674.5056865,33.22
1789837674.797216,34.36
1789837675.1214764,32.25
1789837675.41259,34.02
1789837675.7046137,34.45
1789837676.0294585,33.12
1789837676.3245938,34.06
1789837676.6413102,33.10
1789837676.9415684,33.46
1789837677.2305222,34.37
1789837677.55466,33.17
1789837677.8499546,33.65
1789837678.143168,34.22
1789837678.4648657,33.66
1789837678.7565918,34.64
1789837679.0814397,32.69
1789837679.373301,33.97
1789837679.6671104,34.17
1789837679.9903083,33.50
1789837680.2847579,34.00
1789837680.6018908,33.30
1789837680.8995862,33.68
1789837681.1927826,34.27
1789837681.514925,33.30
1789837681.8093648,34.04
1789837682.1014266,34.39
1789837682.4229271,33.56
1789837682.717438,34.28
1789837683.0419767,32.83
1789837683.3339763,34.20
1789837683.6261802,34.52
1789837683.950456,33.54
1789837684.2440088,33.87
1789837684.5622518,32.80
1789837684.9015012,31.68
1789837685.3017886,28.04
1789837685.6289823,30.43
1789837685.9581444,31.13
1789837686.2926092,31.14
1789837686.6451888,30.58
1789837686.9764285,31.01
1789837687.3118854,30.81
1789837687.6493192,30.60
1789837687.9827678,30.84
1789837688.3170161,30.79
1789837688.654944,30.72
1789837688.9853654,31.06
1789837689.3270311,30.39
1789837689.7198818,27.99
1789837690.0694518,29.34
1789837690.3956108,30.64
1789837690.7222528,31.14
1789837691.0746,30.74
1789837694.350581,28.54
1789837694.7036984,28.90
1789837695.0550234,29.01
1789837695.407024,28.95
1789837695.7605596,28.98
1789837696.1120937,29.12
1789837696.4654279,28.96
1789837696.8333757,28.40
1789837697.1947954,28.44
1789837697.5825899,27.92
1789837697.9683595,27.61
1789837698.3558745,27.05
1789837698.7194266,27.94
1789837699.103802,27.62
1789837699.4637241,28.37
1789837699.830711,28.25
1789837700.20116,28.48
1789837700.6138606,27.01
1789837701.0358138,26.29
1789837701.4569225,26.34
1789837701.8513155,26.99
1789837702.2141683,27.96
1789837702.5734448,28.36
1789837702.939532,28.24
1789837703.3598711,26.95
1789837703.725454,27.87
1789837704.090187,28.13
1789837704.4528503,28.42
1789837704.8624196,27.53
1789837705.2345073,28.35
1789837705.5932722,28.66
1789837705.9537318,28.59
1789837706.3116195,29.00
1789837706.6829972,28.23
1789837707.0525877,28.20
1789837707.419978,28.23
1789837707.7806532,28.53
1789837708.1430387,28.55
1789837708.503075,28.58
1789837708.8632088,28.85
1789837709.226999,28.66
1789837709.5924134,28.50
1789837709.9776077,27.91
1789837710.3733773,27.54
1789837710.7318282,28.30
1789837711.0620008,30.24
1789837711.3988032,30.45
1789837711.7332458,30.71
1789837712.0686738,30.76
1789837712.4012163,30.90
1789837712.735362,31.17
1789837713.1015162,29.47
1789837713.4930255,28.42
1789837713.8249714,30.16
1789837714.1856036,29.84
1789837714.5433352,29.46
1789837714.894038,29.77
1789837715.230345,30.16
1789837715.5689092,30.38
1789837715.9258847,29.40
1789837716.2939641,28.77
1789837716.6407864,29.50
1789837716.965776,30.57
1789837717.2885096,31.26
1789837717.618515,31.16
1789837717.9484737,31.08
1789837718.2731926,31.47
1789837718.60454,31.24
1789837718.9389362,30.63
1789837719.2748575,30.58
1789837719.608531,30.71
1789837719.941254,30.71
1789837720.2697413,31.00
1789837720.6146939,30.04
1789837720.9553096,30.24
1789837721.2893312,30.63
1789837721.6161137,31.02
1789837721.9443932,31.31
1789837722.2703907,31.55
1789837722.5906775,31.94
1789837722.919619,31.36
1789837723.253127,31.09
1789837723.5787675,31.59
1789837723.9079485,31.38
1789837724.2344444,31.55
1789837724.5646245,31.08
1789837724.884721,31.69
1789837725.2080545,31.72
1789837725.5372705,31.41
1789837725.8896222,29.81
1789837726.2178106,30.69
1789837727.9791045,28.32
1789837728.3071575,30.07
1789837728.6280198,31.31
1789837728.9532728,31.50
1789837729.2761421,31.79
1789837729.6042569,31.59
1789837729.9310405,31.30
1789837730.254161,31.54
1789837730.5799744,31.52
1789837730.9149363,30.97
1789837731.2483134,30.80
1789837731.5737946,31.25
1789837731.9101684,30.81
1789837732.269188,30.33
1789837732.6453362,28.53
1789837732.9725192,30.51
1789837733.3036838,30.70
1789837733.648878,30.23
1789837733.9771285,30.76
1789837734.3009186,31.42
1789837734.6256118,31.38
1789837734.9529338,31.22
1789837735.289862,30.72
1789837735.616465,30.98
1789837736.0149405,28.33
1789837736.3780298,28.83
1789837736.7129557,30.37
1789837737.0473032,30.82
1789837737.4200926,29.33
1789837737.7947695,29.31
1789837738.1290708,30.71
1789837738.4623718,30.81
1789837738.7865214,31.38
1789837739.1153018,31.38
1789837739.4500988,31.32
1789837739.8021271,30.84
1789837740.1412275,30.74
1789837740.5211608,29.10
1789837740.8609529,30.48
1789837741.1934543,30.83
1789837741.580448,29.16
1789837741.948129,29.34
1789837742.3308675,28.70
1789837742.712676,28.82
1789837743.0318627,31.04
1789837743.3885756,30.13
1789837743.7567065,29.14
1789837744.1433206,28.71
1789837744.5266657,28.37
1789837744.9060144,28.48
1789837745.286822,28.56
1789837745.619037,30.53
1789837745.9414752,31.38
1789837746.2665658,31.47
1789837746.5963137,31.32
1789837746.9330344,30.69
1789837747.2652,30.76
1789837747.6355882,28.79
1789837747.9659917,30.71
1789837748.292376,31.16
1789837748.618171,31.38
1789837748.9500911,31.54
1789837749.2808864,31.38
1789837749.6055076,31.53
1789837749.9395628,30.94
1789837750.307693,28.97
1789837750.6811464,29.15
1789837751.0215466,30.07
1789837751.3529541,31.00
1789837751.6610394,33.58
1789837751.9633062,35.60
1789837752.238747,37.98
1789837752.5552707,35.14
1789837752.8788707,33.66
1789837753.1852467,34.91
1789837753.4765065,36.67
1789837753.8192923,34.24
1789837754.0899181,37.25
1789837754.377959,35.76
1789837754.715143,32.34
1789837755.0839078,30.35
1789837755.4328716,29.83
1789837755.7685184,30.42
1789837756.0964332,31.22
1789837756.4281983,31.03
1789837756.7985773,29.82
1789837757.1896749,28.48
1789837757.5707133,28.51
1789837757.959353,28.13
1789837758.318826,29.40
1789837758.6724591,29.79
1789837759.028556,29.39
1789837759.3911247,29.50
1789837759.75195,29.96
1789837763.0474901,27.24
1789837763.400997,28.33
1789837763.8303208,25.64
1789837764.3159237,23.49
1789837764.7733166,23.78
1789837765.3180068,20.84
1789837765.7852793,21.90
1789837766.25959,22.69
1789837766.694207,23.30
1789847790.3445904,0.54
1789847790.7053087,19.59
1789847791.041475,26.56
1789847791.3631861,30.29
1789847791.6813493,31.89
1789847791.9975412,32.56
1789847792.333143,31.50
1789847792.6803207,31.17
1789847792.9903734,32.47
1789847793.310597,32.18
1789847793.62981,32.86
1789847793.942276,33.08
1789847794.2515497,33.22
1789847794.581508,32.29
1789847794.894422,32.86
1789847795.2057333,33.10
1789847795.5249279,32.72
1789847795.860965,31.60
1789847796.2193062,30.20
1789847796.5380144,31.71
1789847796.851386,32.80
1789847797.180114,32.73
1789847797.5043638,32.87
1789847797.8163657,32.77
1789847798.1293695,32.86
1789847798.4555802,32.42
1789847798.7832317,31.79
1789847799.0997186,32.18
1789847799.409296,33.14
1789847799.732276,32.53
1789847800.0345309,33.74
1789847800.3424094,33.69
1789847800.656001,33.41
1789847800.9649994,33.69
1789847801.2760303,33.43
1789847801.5949433,32.70
1789847801.9109433,32.78
1789847802.2321405,32.64
1789847802.5531058,32.44
1789847802.8854866,31.69
1789847803.1934114,32.72
1789847803.5022256,33.22
1789847803.8199744,32.99
1789847804.125393,33.87
1789847804.4339097,33.74
1789847804.7415633,33.60
1789847805.0582812,32.98
1789847805.3725266,33.10
1789847805.6910987,32.61
1789847805.9971666,33.57
1789847806.3176036,32.66
1789847806.6278813,33.14
1789847806.9429522,32.92
1789847807.2506773,33.40
1789847810.1682587,31.28
1789847810.494109,32.00
1789847810.8143222,32.08
1789847811.1227195,33.37
1789847811.4456253,32.40
1789847811.7707558,32.09
1789847812.096909,32.05
1789847812.4178689,32.39
1789847812.7253501,33.16
1789847813.040004,32.96
1789847813.3527768,32.94
1789847813.6786785,31.96
1789847814.0010693,32.41
1789847814.3110127,32.84
1789847814.6252415,33.15
1789847814.936785,33.22
1789847815.2614949,32.31
1789847815.5981026,31.24
1789847815.920231,31.77
1789847816.247326,31.71
1789847816.5677955,32.42
1789847816.8870788,32.60
1789847817.2098284,32.33
1789847817.5286603,32.51
1789847817.8502355,32.02
1789847818.172739,31.97
1789847818.5136952,31.00
1789847818.861303,30.38
1789847819.180584,31.79
1789847819.557271,30.37
1789847819.989161,27.88
1789847820.377623,28.09
1789847820.7482605,29.07
1789847821.1109896,29.74
1789847821.4873977,29.24
1789847821.8503952,29.63
1789847822.1971347,29.96
1789847822.53667,30.65
1789847822.868281,31.14
1789847823.2255697,30.68
1789847823.6254506,29.25
1789847824.026936,29.14
1789847824.4127033,29.47
1789847824.827913,27.93
1789847825.229353,27.75
1789847825.6037073,29.25
1789847825.9506698,29.85
1789847826.482709,24.31
1789847826.9685245,24.24
1789847827.4417548,26.06
1789847827.8612995,27.05
1789847828.2283266,28.09
1789847828.5827792,28.70
1789847828.9451754,29.30
1789847829.3207731,27.99
1789847829.6779952,28.92
1789847830.0473719,27.83
1789847830.421495,27.81
1789847830.787291,28.14
1789847831.1602063,28.07
1789847831.5253482,28.67
1789847831.8960452,28.68
1789847832.271044,27.72
1789847832.6409304,28.45
1789847833.0147228,27.72
1789847833.3866243,27.70
1789847833.7580192,27.73
1789847834.1444108,27.26
1789847834.5232654,27.38
1789847834.902303,27.13
1789847835.2752125,27.64
1789847835.655575,27.34
1789847836.0283353,27.72
1789847836.3922708,28.29
1789847836.762665,27.86
1789847837.1228688,28.47
1789847837.4989727,27.96
1789847837.8679507,28.17
1789847838.2378414,28.36
1789847838.6072457,28.54
1789847838.9757698,28.55
1789847839.347141,28.28
1789847839.7413952,26.65
1789847840.1320016,26.58
1789847840.5387795,26.42
1789847840.9198024,26.75
1789847841.2958748,27.28
1789847841.6725829,27.05
1789847842.0398333,27.95
1789847845.024465,25.20
1789847845.3882775,27.35
1789847845.7643204,27.51
1789847846.1406772,27.57
1789847846.5074732,27.83
1789847846.8884351,27.30
1789847847.2679415,27.48
1789847847.6684437,27.06
1789847848.0409727,27.64
1789847848.4295762,27.56
1789847848.8002853,27.56
1789847849.1689925,27.98
1789847849.5654974,26.99
1789847849.9465659,27.15
1789847850.3279092,27.28
1789847850.7012732,27.43
1789847851.079426,27.17
1789847851.465119,27.33
1789847851.842881,27.09
1789847852.2148273,27.39
1789847852.5743585,28.31
1789847852.9517214,28.16
1789847853.3200588,28.11
1789847853.6959152,28.19
1789847854.0886095,27.23
1789847854.4736683,27.08
1789847854.8719018,26.79
1789847855.6030095,24.46
1789847855.9401593,29.07
1789847856.2573166,32.09
1789847856.5479953,34.34
1789847856.8573334,33.08
1789847857.1973705,32.60
1789847857.5138953,33.33
1789847857.8224225,34.21
1789847858.1055133,35.74
1789847858.4018433,34.36
1789847858.7256982,34.05
1789847859.01549,35.17
1789847859.3359585,32.81
1789847859.6379282,32.91
1789847859.9331205,33.89
1789847860.2450955,33.83
1789847860.541055,33.79
1789847860.8415673,33.25
1789847861.1605697,33.32
1789847861.4518723,33.79
1789847861.773969,32.57
1789847862.0682032,33.99
1789847862.3587134,34.23
1789847862.6920948,33.57
1789847862.9762554,34.78
1789847863.3024716,33.29
1789847863.608837,34.08
1789847863.8878899,36.89
1789847864.2162533,34.81
1789847864.5109332,35.46
1789847864.7934008,35.46
1789847865.1369884,33.41
1789847865.4319184,35.21
1789847865.7331014,34.57
1789847866.031553,35.94
1789847866.3178823,35.20
1789847866.6399276,33.80
1789847866.9331098,34.18
1789847867.2557688,32.75
1789847867.551464,33.68
1789847867.842659,34.19
1789847868.1651502,33.25
1789847868.4583251,33.82
1789847868.782875,32.58
1789847869.0743577,33.79
1789847869.3682299,35.33
1789847869.690593,33.57
1789847869.9837356,33.94
1789847870.27706,34.04
1789847870.6065583,32.89
1789847870.897214,34.43
1789847871.2157998,33.02
1789847871.5103374,34.09
1789847871.8026235,34.19
1789847872.1255188,33.16
1789847872.4204226,33.78
1789847872.7414882,32.54
1789847873.0347679,33.80
1789847873.3293018,34.61
1789847873.6542282,33.14
1789847873.9512014,35.00
1789847874.2415097,34.97
1789847874.5641122,34.44
1789847874.8556542,34.59
1789847875.177102,33.10
1789847875.478569,34.63
1789847875.7632744,36.34
1789847876.0899303,34.20
1789847876.379919,34.29
1789847876.701561,32.72
1789847876.99739,33.37
1789847879.9171648,32.22
1789847880.239987,32.52
1789847880.539712,33.13
1789847880.8576438,32.87
1789847881.150344,33.70
1789847881.4414773,34.23
1789847881.7696342,32.81
1789847882.0611582,33.93
1789847882.3506658,34.53
1789847882.681082,33.09
1789847882.9695556,33.97
1789847883.2901955,33.09
1789847883.589588,33.30
1789847883.8813756,34.52
1789847884.206358,32.94
1789847884.493781,34.19
1789847884.8148358,32.92
1789847885.1105025,33.53
1789847885.4021015,34.05
1789847885.7280595,32.81
1789847886.017293,34.00
1789847886.3156629,34.17
1789847886.6344523,33.51
1789847886.9310086,34.08
1789847887.2493892,33.17
1789847887.5425255,34.07
1789847887.8410492,33.80
1789847888.1628256,33.38
1789847888.4520311,34.19
1789847888.7785928,32.03
1789847889.0708652,33.40
1789847889.3613443,34.11
1789847889.686007,33.53
1789847889.9813929,33.69
1789847890.2764106,34.40
1789847890.598398,33.26
1789847890.8920434,33.91
1789847891.214266,32.81
1789847891.5066807,33.96
1789847891.7987614,34.40
1789847892.120472,33.44
1789847892.4180834,34.20
1789847892.73886,32.84
1789847893.0299866,33.75
1789847893.327068,33.65
1789847893.6490839,33.43
1789847893.9401124,34.93
1789847894.2647643,33.04
1789847894.5570517,34.19
1789847894.8508027,33.97
1789847895.1756485,32.67
1789847895.469266,33.41
1789847895.7597642,33.95
1789847896.0797498,33.37
1789847896.3765912,33.94
1789847896.6986396,32.87
1789847896.9964874,33.49
1789847897.2904735,33.99
1789847897.609968,33.55
1789847897.9020987,34.56
1789847898.2238128,33.25
1789847898.5219753,33.76
1789847898.8100922,34.44
1789847899.1349745,32.98
1789847899.4265618,34.12
1789847899.7192414,34.25
1789847900.0419464,33.47
1789847900.3334296,33.94
1789847900.65885,32.57
1789847900.9492693,33.87
1789847901.2431946,33.95
1789847901.5752928,32.67
1789847901.8574953,34.96
1789847902.1819232,32.85
1789847902.4760494,33.70
1789847902.768019,34.36
1789847903.093277,33.37
1789847903.3848596,33.94
1789847903.7088323,32.53
1789847904.0067184,33.25
1789847904.2970898,34.75
1789847904.625254,33.26
1789847904.9145494,34.59
1789847905.2029228,36.24
1789847905.5306025,34.76
1789847905.8273613,34.10
1789847906.1472828,32.66
1789847906.4432778,33.98
1789847906.7336688,35.04
1789847907.0532446,33.58
1789847907.3488922,34.19
1789847907.6715233,32.42
1789847907.9612975,33.85
1789847908.2679296,33.54
1789847908.5792613,34.04
1789847908.8710823,34.11
1789847909.163475,34.11
1789847909.4861994,34.16
1789847909.7811904,34.02
1789847910.100131,33.12
1789847910.3951058,33.98
1789847910.6911948,34.12
1789847911.015248,33.08
1789847911.3080068,34.47
1789847911.6275234,33.07
1789847911.921458,34.04
1789847915.1465976,32.72
1789847915.4739923,33.18
1789847915.7636564,34.23
1789847916.085186,32.53
1789847916.3798172,33.52
1789847916.6733751,34.00
1789847916.9952354,33.12
1789847917.2905781,34.28
1789847917.590288,34.46
1789847917.9111524,33.57
1789847918.2019472,34.05
1789847918.5198603,33.39
1789847918.8148947,33.87
1789847919.1096232,33.91
1789847919.4312885,33.08
1789847919.7251606,33.62
1789847920.0451822,32.38
1789847920.3399928,33.43
1789847920.633707,33.86
1789847920.955466,33.71
1789847921.2499065,33.86
1789847921.5440607,33.88
1789847921.8664477,33.30
1789847922.158737,34.21
1789847922.4837034,32.84
1789847922.7769165,33.89
1789847923.067091,34.91
1789847923.3920398,33.57
1789847923.6862438,34.23
1789847924.0077972,32.18
1789847924.304412,33.10
1789847924.5969582,34.10
1789847924.9182334,33.64
1789847925.212922,33.93
1789847925.503053,34.71
1789847925.8263795,33.48
1789847926.1184812,34.28
1789847926.4583416,32.17
1789847926.7574494,34.40
1789847927.035347,37.30
1789847927.3500838,34.92
1789847927.6555185,33.80
1789847927.9698596,33.91
1789847928.2640655,34.19
1789847928.5643437,34.95
1789847928.8782334,34.52
1789847929.1724255,34.63
1789847929.4905324,33.06
1789847929.796402,32.75
1789847930.1168156,33.21
1789847930.4170327,34.42
1789847930.704671,36.62
1789847931.0017233,34.73
1789847931.3115366,34.97
1789847931.6094337,34.42
1789847931.9401693,32.29
1789847932.2272303,35.42
1789847932.5177639,35.86
1789847932.8350213,34.38
1789847933.1303484,33.97
1789847933.4574134,32.07
1789847933.7454202,33.80
1789847934.039366,34.62
1789847934.3750894,32.88
1789847934.6650562,35.68
1789847934.948031,35.54
1789847935.2772245,33.62
1789847935.5644,35.84
1789847935.8850915,33.57
1789847936.185916,33.51
1789847936.473279,34.26
1789847936.799322,33.44
1789847937.0896485,34.03
1789847937.4147112,32.43
1789847937.7135015,33.97
1789847937.9988542,35.28
1789847938.3260043,33.22
1789847938.6171446,34.02
1789847938.9376264,32.59
1789847939.229725,33.73
1789847939.5228474,34.32
1789847939.8454928,33.15
1789847940.139607,33.96
1789847940.4359634,33.75
1789847940.7549806,33.54
1789847941.0515447,34.16
1789847941.3716555,32.82
1789847941.6670299,33.85
1789847941.9583044,34.28
1789847942.2833848,33.92
1789847942.575519,34.23
1789847942.8978493,32.50
1789847943.1947587,33.36
1789847943.4851773,34.08
1789847943.8097656,33.56
1789847944.0997016,34.28
1789847944.3986466,34.17
1789847944.7167325,33.54
1789847945.0108957,33.73
1789847945.3333771,33.19
1789847945.6296043,33.51
1789847945.9177332,34.97
1789847946.2484763,32.86
1789847946.5352192,34.44
1789847946.8577406,32.48
1789847947.1502783,33.88
1789847950.3765535,31.95
1789847950.6986706,32.10
1789847950.9915767,33.63
1789847951.3147326,32.62
1789847951.608423,33.56
1789847951.9031181,34.21
1789847952.2309332,33.66
1789847952.5164487,35.61
1789847952.8105385,34.55
1789847953.1354475,33.77
1789847953.4264107,34.19
1789847953.7484808,33.31
1789847954.0472684,33.77
1789847954.338921,34.02
1789847954.6593769,33.37
1789847954.9635189,34.14
1789847955.2733328,33.24
1789847955.5749867,33.70
1789847955.863676,34.45
1789847956.1875439,33.32
1789847956.479431,34.12
1789847956.7696807,34.46
1789847957.0937257,33.97
1789847957.3852966,34.47
1789847957.710634,33.16
1789847958.0023012,34.07
1789847958.298646,34.34
1789847958.6193917,33.53
1789847958.9148867,34.48
1789847959.2344825,32.69
1789847959.5285196,33.60
1789847959.82581,33.81
1789847960.1441805,33.08
1789847960.4421308,34.06
1789847960.7330673,34.17
1789847961.0589163,32.90
1789847961.3479733,34.44
1789847961.6757376,32.62
1789847961.9612906,34.31
1789847962.2631648,33.43
1789847962.580904,33.78
1789847962.8792474,33.52
1789847963.2032044,32.75
1789847963.4898877,34.98
1789847963.787915,34.14
1789847964.1034207,33.78
1789847964.4088743,34.53
1789847964.7191763,33.38
1789847965.0175798,34.83
1789847965.3110588,34.25
1789847965.6321683,33.55
1789847965.926017,34.82
1789847966.215703,34.70
1789847966.5443387,35.32
1789847966.8460646,36.09
1789847967.1583514,34.51
1789847967.4498339,34.64
1789847967.7478518,34.02
1789847968.0644634,33.63
1789847968.3639517,33.48
1789847968.6797292,33.01
1789847968.9736457,33.63
1789847969.2716436,34.12
1789847969.5889914,33.22
1789847969.8849027,34.33
1789847970.17695,34.51
1789847970.5024502,33.18
1789847970.7919965,34.15
1789847971.124129,31.80
1789847971.445546,33.26
1789847971.7469215,34.49
1789847972.0519245,35.55
1789847972.3383188,37.45
1789847972.6409385,36.39
1789847972.9450276,34.44
1789847973.246869,35.38
1789847973.5558457,34.38
1789847973.8431368,35.16
1789847974.1643393,34.34
1789847974.470805,33.66
1789847974.7663941,34.30
1789847975.0892105,32.55
1789847975.393047,33.15
1789847975.701094,34.36
1789847975.987933,35.64
1789847976.303194,34.49
1789847976.6199274,34.33
1789847976.9537008,33.99
1789847977.2706625,33.79
1789847977.577326,34.71
1789847977.8919337,35.64
1789847978.1904995,35.41
1789847978.5015867,35.52
1789847978.8122983,35.25
1789847979.1154876,35.31
1789847979.4421868,34.23
1789847979.725032,36.71
1789847980.0438926,35.04
1789847980.3446484,35.78
1789847980.6273139,37.44
1789847980.915557,37.05
1789847981.2224529,35.57
1789847981.5635822,31.80
1789847981.8556852,34.74
1789847982.169847,35.46
1789847985.4140437,32.70
1789847985.7103717,35.34
1789847985.9912786,35.90
1789847986.2916086,33.94
1789847986.605641,33.39
1789847986.906215,33.12
1789847987.197121,33.87
1789847987.5186586,33.38
1789847987.8088522,34.15
1789847988.1290407,33.27
1789847988.4349291,33.67
1789847988.7197473,34.73
1789847989.0401444,33.97
1789847989.3373137,34.22
1789847989.6296456,34.64
1789847989.9798505,31.84
1789847990.2788358,33.40
1789847990.6010952,32.56
1789847990.8939748,33.58
1789847991.1900148,34.17
1789847991.5219915,33.02
1789847991.8392406,33.77
1789847992.1551807,34.56
1789847992.4757307,34.48
1789847992.7885945,35.28
1789847993.1019204,35.07
1789847993.386989,37.11
1789847993.652509,39.56
1789847993.943183,36.54
1789847994.2530527,35.07
1789847994.5694385,34.12
1789847994.877715,35.27
1789847995.1826916,36.53
1789847995.5013363,35.58
1789847995.8214242,34.30
1789847996.125035,36.03
1789847996.436762,35.42
1789847996.7461588,35.23
1789847997.066135,34.57
1789847997.3754332,34.58
1789847997.6986609,34.42
1789847998.0105162,35.16
1789847998.3275483,34.62
1789847998.648542,33.76
1789847998.9661717,33.87
1789847999.2461524,36.64
1789847999.547473,36.23
1789847999.8286471,37.87
1789848000.1323516,35.09
1789848000.4404743,33.44
1789848000.7246475,34.63
1789848001.0454423,33.52
1789848001.3380318,34.41
1789848001.6597385,32.92
1789848001.9557137,33.87
1789848002.2546308,33.96
1789848002.5902085,33.64
1789848002.9044292,34.21
1789848003.2140515,34.82
1789848003.547085,34.10
1789848003.8481662,35.23
1789848004.1655684,34.67
1789848004.4440577,36.95
1789848004.712806,38.54
1789848005.0027049,36.08
1789848005.3017375,34.45
1789848005.6176054,33.62
1789848005.9188895,33.43
1789848006.2078757,34.46
1789848006.528416,33.92
1789848006.8209264,34.13
1789848007.1442726,32.93
1789848007.4537332,34.09
1789848007.778029,34.21
1789848008.0814538,35.75
1789848008.3576596,36.94
1789848008.6770227,33.76
1789848008.970431,33.73
1789848009.2573164,34.70
1789848009.5778418,33.42
1789848009.8818576,33.03
1789848010.1712525,33.96
1789848010.494536,32.79
1789848010.7871282,33.83
1789848011.104327,33.04
1789848011.4049313,33.79
1789848011.691276,34.61
1789848012.018385,33.09
1789848012.3092093,34.03
1789848012.6304266,32.27
1789848012.923188,33.66
1789848013.2225416,33.63
1789848013.5394554,33.33
1789848013.8360894,34.07
1789848014.1537619,32.80
1789848014.4502487,33.72
1789848014.741982,34.30
1789848015.0633998,33.43
1789848015.36168,33.52
1789848015.6508017,34.21
1789848015.9787595,33.22
1789848016.274633,33.44
1789848016.5913825,32.81
1789848016.8819935,33.96
1789848017.184166,33.92
1789848017.498548,33.85
1789848020.685721,32.06
1789848021.0041845,32.09
1789848021.3036757,32.92
1789848021.5941684,34.94
1789848021.918676,33.27
1789848022.2170393,33.48
1789848022.519723,33.69
1789848022.8679798,31.78
1789848023.2109947,31.35
1789848023.480621,35.99
1789848023.7690566,35.29
1789848024.0740232,35.45
1789848024.424524,32.74
1789848024.7456143,34.17
1789848025.0298576,36.54
1789848025.364271,32.49
1789848025.7204387,31.33
1789848026.0738165,31.11
1789848026.3468022,36.27
1789848026.6362994,35.69
1789848026.9347086,34.38
1789848027.2236178,34.70
1789848027.55126,34.13
1789848027.839969,34.41
1789848028.181019,32.33
1789848028.4548562,35.48
1789848028.7596705,34.54
1789848029.073086,34.27
1789848029.3653576,34.66
1789848029.6885989,33.21
1789848029.9988275,32.73
1789848030.2785301,35.04
1789848030.608374,33.21
1789848030.889786,35.71
1789848031.1868942,34.75
1789848031.5085287,33.47
1789848031.8056235,34.39
1789848032.121754,33.44
1789848032.418306,33.98
1789848032.7086017,34.42
1789848033.0342429,33.34
1789848033.3245957,34.19
1789848033.652196,32.69
1789848033.9457421,33.79
1789848034.235174,34.16
1789848034.5593245,33.92
1789848034.8523371,34.50
1789848035.1722405,32.85
1789848035.4677558,34.01
1789848035.7627695,34.26
1789848036.085494,33.12
1789848036.3776553,33.95
1789848036.6707284,34.21
1789848036.991593,33.56
1789848037.2846553,34.44
1789848037.6081614,33.08
1789848037.9040802,33.85
1789848038.200481,33.82
1789848038.5189521,33.20
1789848038.8154309,33.74
1789848039.1342447,32.65
1789848039.4357579,33.83
1789848039.7187188,36.08
1789848040.0428612,33.75
1789848040.3407476,33.63
1789848040.6323109,34.11
1789848040.9609692,32.71
1789848041.247461,34.21
1789848041.5739977,32.47
1789848041.865512,33.93
1789848042.1564572,34.37
1789848042.4801862,33.62
1789848042.769662,34.58
1789848043.101714,32.26
1789848043.3872237,34.68
1789848043.681981,34.26
1789848044.0030382,33.90
1789848044.2983046,34.06
1789848044.6183999,32.63
1789848044.9128416,33.89
1789848045.2059286,34.14
1789848045.5307121,33.37
1789848045.8214974,34.32
1789848046.1201544,34.03
1789848046.438612,33.55
1789848046.7299078,34.25
1789848047.0542812,33.10
1789848047.3471973,33.96
1789848047.6443708,33.86
1789848047.9622216,33.40
1789848048.2583,34.27
1789848048.5774815,32.78
1789848048.8736117,34.00
1789848049.1652706,34.75
1789848049.4870405,33.92
1789848049.7812748,34.11
1789848050.0773778,34.15
1789848050.3963215,33.72
1789848050.6944065,34.43
1789848051.0285609,32.18
1789848051.3591459,31.76
1789848051.6972115,32.51
1789848052.004603,34.18
1789848052.2831903,35.79
1789848052.5819194,35.54
1789848055.827021,33.28
1789848056.112086,36.11
1789848056.4135015,35.05
1789848056.7293496,34.10
1789848057.0460737,35.15
1789848057.346611,36.15
1789848057.6433809,35.88
1789848057.9389641,35.51
1789848058.2349203,35.28
1789848058.523009,34.78
1789848058.849379,33.34
1789848059.1373682,34.57
1789848059.4616704,32.77
1789848059.774577,33.28
1789848060.0756989,35.16
1789848060.3850744,34.26
1789848060.6816173,33.96
1789848061.0030475,32.32
1789848061.3100007,34.09
1789848061.610782,35.16
1789848061.9304059,33.08
1789848062.204271,35.33
1789848062.5258415,33.43
1789848062.8206425,34.23
1789848063.1162343,33.95
1789848063.4406807,32.99
1789848063.7355263,34.25
1789848064.0234585,34.83
1789848064.3492951,33.46
1789848064.6393769,34.60
1789848064.960615,33.25
1789848065.2625506,33.81
1789848065.5494483,34.76
1789848065.8788745,33.57
1789848066.1653244,34.39
1789848066.485842,32.68
1789848066.7833247,33.82
1789848067.0742214,34.31
1789848067.402572,32.86
1789848067.689538,34.18
1789848067.9837506,34.11
1789848068.3053353,33.82
1789848068.599859,34.04
1789848068.9217517,32.98
1789848069.2162485,33.70
1789848069.5085914,34.83
1789848069.8329575,33.26
1789848070.1256998,34.19
1789848070.4475899,32.46
1789848070.7422304,33.67
1789848071.0355878,33.97
1789848071.355743,33.18
1789848071.6533298,34.26
1789848071.9582074,33.53
1789848072.34908,28.68
1789848072.658897,33.18
1789848072.9323177,36.17
1789848073.2221758,35.90
1789848073.52918,35.01
1789848073.8475418,33.76
1789848074.1608572,33.16
1789848074.4383202,35.48
1789848074.7357554,34.14
1789848075.0235283,35.12
1789848075.3464994,33.42
1789848075.6413748,34.15
1789848075.960568,32.72
1789848076.2636864,32.80
1789848076.5483499,34.51
1789848076.8720195,33.18
1789848077.1689157,33.68
1789848077.4586608,34.21
1789848077.7876532,33.51
1789848078.0764697,34.25
1789848078.3963404,33.16
1789848078.691092,33.94
1789848078.9832382,34.25
1789848079.3167071,34.20
1789848079.6022089,35.14
1789848079.924809,34.93
1789848080.2167544,34.34
1789848080.5079894,34.30
1789848080.833751,33.33
1789848081.123266,34.58
1789848081.4465075,33.27
1789848081.7426183,33.92
1789848082.0339508,34.09
1789848082.3579376,33.20
1789848082.6559992,33.30
1789848082.942677,34.46
1789848083.2726023,33.15
1789848083.5583596,34.28
1789848083.883844,32.72
1789848084.179597,33.29
1789848084.4703968,34.27
1789848084.7898998,33.53
1789848085.0866354,34.20
1789848085.416301,32.48
1789848085.7014298,34.01
1789848086.0036945,33.21
1789848086.3192563,33.03
1789848086.6181374,33.10
1789848086.9058976,34.32
1789848087.229458,33.24
1789848087.5245245,33.92
1789848087.8425589,32.92
1789848091.052667,32.64
1789848091.3471243,33.86
1789848091.6736395,32.74
1789848091.9642906,33.95
1789848092.2850125,32.71
1789848092.5780797,34.38
1789848092.872981,34.42
1789848093.195494,34.03
1789848093.4904456,34.14
1789848093.8149962,32.67
1789848094.102817,34.11
1789848094.397083,34.11
1789848094.7418184,31.81
1789848095.0568862,32.13
1789848095.349587,33.87
1789848095.673835,33.35
1789848095.9667575,34.07
1789848096.2925193,32.60
1789848096.5811443,33.99
1789848096.8743052,34.49
1789848097.202364,32.83
1789848097.4910583,34.38
1789848097.817722,32.18
1789848098.1061778,33.77
1789848098.4006464,34.67
1789848098.7282946,32.76
1789848099.016831,34.17
1789848099.3163805,33.74
1789848099.635332,33.20
1789848099.9299543,34.15
1789848100.248951,33.05
1789848100.5456939,33.72
1789848100.8380432,34.06
1789848101.1564267,33.43
1789848101.4572487,33.56
1789848101.7772295,31.92
1789848102.0791657,33.75
1789848102.3619385,35.10
1789848102.681365,33.50
1789848102.9912517,33.03
1789848103.3009307,33.99
1789848103.5922537,34.20
1789848103.8868449,34.83
1789848104.2080333,33.39
1789848104.5062404,34.13
1789848104.7946377,34.73
1789848105.1240494,32.92
1789848105.4190054,33.81
1789848105.7373433,32.94
1789848106.0359888,34.21
1789848106.3577943,33.72
1789848106.652594,34.92
1789848106.9413152,36.53
1789848107.2582028,33.78
1789848107.5513117,34.06
1789848107.849372,34.28
1789848108.16937,33.80
1789848108.4614406,34.06
1789848108.7550032,34.90
1789848109.089486,32.70
1789848109.372237,34.83
1789848109.6919785,33.32
1789848109.9919584,33.77
1789848110.2828605,34.37
1789848110.608664,33.22
1789848110.8955638,34.11
1789848111.2175028,32.90
1789848111.5110664,35.72
1789848111.8296235,34.04
1789848112.126683,34.57
1789848112.4229472,34.61
1789848112.7147245,34.60
1789848113.037045,33.84
1789848113.3316212,33.95
1789848113.6529567,32.79
1789848113.9463181,33.73
1789848114.2410643,34.24
1789848114.5643764,33.42
1789848114.8566308,33.91
1789848115.17913,33.06
1789848115.472983,33.88
1789848115.7678733,33.98
1789848116.0951877,33.75
1789848116.3870392,34.12
1789848116.7028232,32.97
1789848117.0001965,33.51
1789848117.2929554,34.14
1789848117.6125035,33.56
1789848117.9057224,34.07
1789848118.2045019,33.82
1789848118.522325,33.61
1789848118.821435,33.86
1789848119.1433973,33.06
1789848119.4307225,35.02
1789848119.7294183,34.06
1789848120.0468168,33.44
1789848120.3419056,33.98
1789848120.6647873,32.43
1789848120.9580147,33.65
1789848121.2544148,33.78
1789848121.5746574,33.00
1789848121.8663557,33.85
1789848122.1631012,34.08
1789848122.4815588,33.66
1789848122.7762756,34.49
1789848123.097575,32.99
1789848126.2770495,32.39
1789848126.5677729,33.91
1789848126.8974996,32.95
1789848127.1831474,34.43
1789848127.507238,32.45
1789848127.806745,32.97
1789848128.0940907,34.25
1789848128.419046,33.14
1789848128.7105842,33.80
1789848129.0326838,32.43
1789848129.3227615,34.10
1789848129.6206298,34.07
1789848129.9398956,33.25
1789848130.23511,33.88
1789848130.5281174,34.12
1789848130.850664,33.74
1789848131.1465933,33.78
1789848131.463966,32.98
1789848131.7633832,33.37
1789848132.0508192,34.27
1789848132.378805,32.97
1789848132.672935,33.46
1789848132.9893937,32.63
1789848133.290353,32.88
1789848133.5770352,34.16
1789848133.906124,32.66
1789848134.1924329,34.12
1789848134.4868696,34.10
1789848134.8109107,33.83
1789848135.1019192,34.50
1789848135.4339962,32.11
1789848135.723447,33.63
1789848136.0108883,34.41
1789848136.3341923,33.55
1789848136.6266375,34.08
1789848136.953863,32.18
1789848137.248698,33.45
1789848137.5359788,34.27
1789848137.8608522,32.89
1789848138.1572661,33.39
1789848138.4751096,32.57
1789848138.7714365,33.64
1789848139.061286,34.31
1789848139.385146,33.03
1789848139.6814883,33.41
1789848139.9732673,34.11
1789848140.2943356,33.66
1789848140.5871613,34.09
1789848140.9112706,33.06
1789848141.2103453,33.17
1789848141.49652,34.98
1789848141.8250146,33.40
1789848142.1208656,33.48
1789848142.4346848,33.15
1789848142.734826,33.27
1789848143.024196,34.85
1789848143.3480964,33.28
1789848143.6435537,34.51
1789848143.9312162,34.88
1789848144.2638292,33.45
1789848144.5481093,34.61
1789848144.8749957,32.74
1789848145.1651986,33.84
1789848145.45611,34.37
1789848145.788186,32.57
1789848146.0768926,34.19
1789848146.403554,32.55
1789848146.6907248,34.00
1789848146.9828882,37.17
1789848147.3088474,33.67
1789848147.5976026,34.30
1789848147.8927732,34.61
1789848148.2153997,33.65
1789848148.5069158,34.13
1789848148.8341904,32.36
1789848149.1226616,33.89
1789848149.4171884,34.80
1789848149.7391038,33.63
1789848150.0375779,33.87
1789848150.3555417,33.02
1789848150.6596992,32.79
1789848150.9481292,34.01
1789848151.2641623,33.70
1789848151.5612586,33.85
1789848151.8801699,32.56
1789848152.1803784,32.91
1789848152.4703434,33.74
1789848152.7951696,32.57
1789848153.0854864,33.88
1789848153.3767405,34.37
1789848153.7094114,33.02
1789848153.9942844,35.22
1789848154.3162093,33.24
1789848154.6171703,33.07
1789848154.9026911,34.64
1789848155.2300353,32.96
1789848155.5180511,34.44
1789848155.8403544,33.11
1789848156.1415393,34.57
1789848156.4267714,34.80
1789848156.7493465,33.21
1789848157.0467093,33.40
1789848157.3359654,34.13
1789848157.659797,33.51
1789848157.9566455,33.49
1789848161.2275836,29.23
1789848161.5061212,33.83
1789848161.7994735,34.24
1789848162.1274168,33.31
1789848162.413943,35.23
1789848162.749674,31.93
1789848163.041139,34.34
1789848163.330146,35.39
1789848163.6505368,34.32
1789848163.939396,34.76
1789848164.2663124,33.07
1789848164.5635774,33.81
1789848164.8525314,34.36
1789848165.172756,33.22
1789848165.4649193,34.24
1789848165.759582,34.82
1789848166.0877616,33.01
1789848166.3765464,34.13
1789848166.6999245,32.56
1789848166.998716,34.38
1789848167.2856805,34.62
1789848167.6077185,33.27
1789848167.9072187,33.36
1789848168.2219942,32.81
1789848168.52247,32.98
1789848168.8118076,34.79
1789848169.13854,33.07
1789848169.4274862,34.51
1789848169.7181277,34.65
1789848170.0449028,33.96
1789848170.3360376,34.22
1789848170.6585758,33.05
1789848170.9522145,33.67
1789848171.245603,33.89
1789848171.5661235,33.47
1789848171.8607492,34.26
1789848172.1832666,32.74
1789848172.4777536,33.83
1789848172.7789805,33.36
1789848173.0940654,33.21
1789848173.3856993,33.95
1789848173.7079256,33.19
1789848174.0068219,33.32
1789848174.2972362,33.86
1789848174.625909,32.31
1789848174.9122667,34.09
1789848175.2102232,33.69
1789848175.5265706,33.71
1789848175.8294222,33.09
1789848176.142496,33.08
1789848176.4511895,33.71
1789848176.7355924,34.81
1789848177.078523,31.73
1789848177.4068096,31.40
1789848177.6750374,35.81
1789848177.9673998,34.67
1789848178.2568934,34.52
1789848178.5794086,33.20
1789848178.8715954,34.08
1789848179.1690283,34.95
1789848179.4871316,34.04
1789848179.7826903,34.07
1789848180.103276,32.76
1789848180.3999798,33.46
1789848180.6942956,34.54
1789848181.0118287,33.80
1789848181.307997,34.47
1789848181.62755,32.93
1789848181.9259331,33.80
1789848182.2151098,34.24
1789848182.5410206,32.59
1789848182.8404317,32.98
1789848183.125278,34.57
1789848183.448104,33.55
1789848183.741568,35.18
1789848184.0678768,32.86
1789848184.357295,34.10
1789848184.6510174,34.06
1789848184.975365,33.85
1789848185.2646372,34.53
1789848185.5906754,32.68
1789848185.8978453,34.16
1789848186.1792347,36.91
1789848186.5075061,33.57
1789848186.8007638,33.68
1789848187.1130402,33.51
1789848187.4060464,34.60
1789848187.6997068,34.82
1789848188.0226898,33.48
1789848188.317362,34.35
1789848188.6212068,34.53
1789848188.938897,34.08
1789848189.2304986,35.69
1789848189.5496097,33.40
1789848189.8433883,33.88
1789848190.1341035,34.18
1789848190.4604857,33.02
1789848190.7501316,33.98
1789848191.0895913,32.08
1789848191.3702214,34.52
1789848191.6667335,33.82
1789848191.9875765,32.85
1789848192.2781785,33.92
1789848192.5707605,34.36
1789848192.8934877,33.93
1789848193.1910474,33.64
1789848196.4431198,30.10
1789848196.741076,33.02
1789848197.0292337,34.25
1789848197.35114,33.95
1789848197.6448212,34.23
1789848197.9672663,32.68
1789848198.2620609,33.86
1789848198.5571258,34.15
1789848198.8849118,34.20
1789848199.1912477,34.84
1789848199.4938114,34.15
1789848199.7864726,34.19
1789848200.0781822,34.27
1789848200.4023805,32.94
1789848200.696946,33.63
1789848200.9950123,33.79
1789848201.3125756,33.63
1789848201.6155198,33.10
1789848201.9312437,32.67
1789848202.2276347,33.38
1789848202.5167778,34.49
1789848202.837753,33.34
1789848203.1328914,34.07
1789848203.4519017,33.50
1789848203.7456665,34.11
1789848204.039877,35.43
1789848204.3648646,33.64
1789848204.6543,34.23
1789848204.9544904,33.83
1789848205.2751093,33.16
1789848205.5636988,34.27
1789848205.8878016,32.96
1789848206.1868002,33.14
1789848206.4753394,34.50
1789848206.7986445,33.25
1789848207.1009526,34.10
1789848207.4218962,34.12
1789848207.7147508,35.85
1789848207.9985464,35.43
1789848208.327627,33.52
1789848208.6175892,34.27
1789848208.9107342,34.11
1789848209.236453,33.44
1789848209.5265644,34.08
1789848209.8479524,33.09
1789848210.1437852,33.70
1789848210.4350917,34.15
1789848210.7572696,34.37
1789848211.0511682,34.72
1789848211.3779836,33.09
1789848211.6695743,33.90
1789848211.9621692,34.38
1789848212.2824085,33.63
1789848212.5791233,33.86
1789848212.897394,33.12
1789848213.1939719,33.96
1789848213.484981,34.36
1789848213.8086565,33.74
1789848214.0994463,34.17
1789848214.3941994,34.35
1789848214.7235308,33.01
1789848215.0098963,34.11
1789848215.3390162,32.28
1789848215.6268702,33.93
1789848215.919104,34.13
1789848216.244079,33.33
1789848216.5391436,33.63
1789848216.8647928,32.00
1789848217.1523538,33.68
1789848217.4507277,33.90
1789848217.7686172,33.37
1789848218.0639942,34.18
1789848218.356829,34.35
1789848218.6865277,32.87
1789848218.9711945,34.22
1789848219.291977,32.84
1789848219.5886898,34.05
1789848219.8830726,34.14
1789848220.2133763,32.58
1789848220.4958959,34.69
1789848220.8241196,33.12
1789848221.1173904,33.76
1789848221.4249938,33.23
1789848221.7298827,33.86
1789848222.0247962,33.85
1789848222.3426852,33.45
1789848222.643103,34.24
1789848222.9476414,33.34
1789848223.2545605,33.51
1789848223.5473948,33.97
1789848223.842119,35.36
1789848224.1621153,33.90
1789848224.4669225,33.87
1789848224.7799644,33.60
1789848225.0811515,33.66
1789848225.365056,35.06
1789848225.6877103,33.54
1789848225.986197,33.70
1789848226.3062692,32.88
1789848226.6007068,33.77
1789848226.8905773,34.82
1789848227.2118466,33.39
1789848227.510553,33.73
1789848227.8012104,34.90
1789848228.124804,33.61
1789848228.4173121,34.55
1789848231.6666763,31.38
1789848231.9643185,33.50
1789848232.256029,33.95
1789848232.5834599,32.68
1789848232.874114,33.65
1789848233.1938143,32.52
1789848233.4892545,33.83
1789848233.7850964,33.82
1789848234.101195,33.43
1789848234.3984668,33.95
1789848234.7161763,33.55
1789848235.0196445,33.31
1789848235.31817,33.81
1789848235.6365995,33.06
1789848235.9278395,34.04
1789848236.221959,34.77
1789848236.544385,33.73
1789848236.8390274,34.05
1789848237.1628964,32.69
1789848237.461542,33.08
1789848237.7514937,34.24
1789848238.0749629,33.10
1789848238.3681288,34.29
1789848238.684143,33.18
1789848238.9803438,33.62
1789848239.2751234,34.47
1789848239.5971534,33.32
1789848239.891752,34.01
1789848240.1842256,34.38
1789848240.5113163,33.27
1789848240.7989078,34.71
1789848241.1274583,32.30
1789848241.4159784,34.05
1789848241.7064102,35.48
1789848242.036541,34.14
1789848242.3254504,34.41
1789848242.6638937,32.06
1789848242.9483643,34.75
1789848243.230733,35.91
1789848243.5565777,33.49
1789848243.8510697,35.33
1789848244.140936,34.87
1789848244.4645216,34.50
1789848244.7574768,34.40
1789848245.0805867,32.98
1789848245.3745537,33.89
1789848245.6667323,34.25
1789848245.993693,33.44
1789848246.2856736,34.37
1789848246.6117496,32.44
1789848246.9006236,34.02
1789848247.1908567,34.49
1789848247.5209844,33.45
1789848247.807357,34.63
1789848248.1303327,32.65
1789848248.4242213,34.08
1789848248.719601,34.13
1789848249.047621,32.39
1789848249.3340647,34.05
1789848249.6335757,33.66
1789848249.9511406,33.44
1789848250.2435718,33.82
1789848250.5703526,32.08
1789848250.8604362,33.63
1789848251.1572058,33.73
1789848251.4743204,33.51
1789848251.772018,33.88
1789848252.0908425,32.74
1789848252.3837206,34.22
1789848252.6784043,34.42
1789848252.9991136,33.46
1789848253.3002932,33.30
1789848253.5879512,34.13
1789848253.9123182,33.12
1789848254.2029896,34.10
1789848254.5264425,32.78
1789848254.8202655,34.39
1789848255.1129959,34.34
1789848255.4355612,34.01
1789848255.7280617,34.35
1789848256.0511298,32.70
1789848256.3448105,33.86
1789848256.6456337,33.53
1789848256.958672,33.95
1789848257.2627244,33.25
1789848257.5749936,32.92
1789848257.8710515,33.47
1789848258.1638968,34.41
1789848258.4848306,33.23
1789848258.78405,33.67
1789848259.0750358,34.35
1789848259.3951454,33.69
1789848259.694439,33.70
1789848260.0141685,32.73
1789848260.3052213,33.73
1789848260.597788,35.03
1789848260.922472,33.24
1789848261.212491,34.34
1789848261.5367234,32.25
1789848261.8283756,33.97
1789848262.1323292,33.12
1789848262.4456618,33.15
1789848262.7376082,33.97
1789848263.0356107,33.99
1789848263.3573468,33.47
1789848263.6478925,34.36
1789848266.901268,30.84
1789848267.192224,33.33
1789848267.4831598,33.97
1789848267.8070261,34.59
1789848268.0962687,34.82
1789848268.4242315,32.39
1789848268.7119768,34.96
1789848269.0113823,34.10
1789848269.3293164,33.54
1789848269.6273372,33.50
1789848269.9440627,32.88
1789848270.2408495,33.52
1789848270.5322785,34.15
1789848270.8569298,33.00
1789848271.1467881,34.08
1789848271.4400132,34.50
1789848271.7627614,33.73
1789848272.0569453,33.91
1789848272.3817284,32.86
1789848272.6774085,33.32
1789848272.9655313,34.12
1789848273.291117,33.25
1789848273.5818803,33.98
1789848273.9044886,31.99
1789848274.197715,33.40
1789848274.4966526,33.33
1789848274.813702,33.20
1789848275.115352,33.01
1789848275.400412,34.20
1789848275.7228422,33.95
1789848276.0160563,34.07
1789848276.338876,32.80
1789848276.6335175,33.90
1789848276.9263942,34.02
1789848277.2481155,33.65
1789848277.545133,33.70
1789848277.864111,32.65
1789848278.157461,33.75
1789848278.4614756,33.01
1789848278.77339,33.38
1789848279.0679708,34.15
1789848279.3639765,33.78
1789848279.682679,33.52
1789848279.9764457,34.30
1789848280.3040988,32.53
1789848280.593072,33.85
1789848280.8913774,33.48
1789848281.2089746,33.23
1789848281.501305,34.05
1789848281.8240917,32.75
1789848282.1221423,33.44
1789848282.4107327,34.12
1789848282.7352066,33.28
1789848283.0269904,33.92
1789848283.352888,32.17
1789848283.6431825,33.60
1789848283.9361281,33.97
1789848284.2609947,32.79
1789848284.5519352,34.03
1789848284.8454878,34.06
1789848285.1683962,33.31
1789848285.4625406,33.95
1789848285.7842278,32.77
1789848286.078049,33.87
1789848286.3786414,33.36
1789848286.6935132,33.33
1789848286.9884787,34.00
1789848287.3093843,32.63
1789848287.6027737,33.78
1789848287.8962343,34.14
1789848288.2256675,32.51
1789848288.5121737,33.95
1789848288.805582,34.17
1789848289.1376166,32.67
1789848289.4215817,34.17
1789848289.7452812,33.02
1789848290.0376103,33.77
1789848290.3313103,34.67
1789848290.6534836,33.51
1789848290.9496608,33.72
1789848291.2692971,32.85
1789848291.5633116,33.96
1789848291.857177,33.98
1789848292.179314,33.24
1789848292.4748821,33.55
1789848292.797811,31.86
1789848293.0894358,33.37
1789848293.3854432,33.63
1789848293.7041018,33.04
1789848293.9985702,34.09
1789848294.2907333,34.15
1789848294.6140687,33.93
1789848294.909051,34.00
1789848295.2297797,32.94
1789848295.523626,33.84
1789848295.8159537,34.08
1789848296.13862,33.17
1789848296.439612,33.13
1789848296.754801,32.68
1789848297.048957,33.94
1789848297.3473217,33.54
1789848297.6641097,33.15
1789848297.957254,33.79
1789848298.252725,33.89
1789848298.5747943,33.23
1789848298.8666754,33.99
1789848302.1298032,30.56
1789848302.417244,33.23
1789848302.7129197,34.11
1789848303.0335498,33.40
1789848303.3265936,34.21
1789848303.6497734,32.49
1789848303.9423952,33.58
1789848304.239491,33.73
1789848304.5583851,33.35
1789848304.855913,33.60
1789848305.1750495,32.46
1789848305.475663,32.85
1789848305.762138,34.02
1789848306.0888643,32.49
1789848306.378084,33.83
1789848306.6705265,34.05
1789848306.9933968,33.35
1789848307.2919939,33.33
1789848307.609255,32.74
1789848307.9032388,33.55
1789848308.1960502,33.97
1789848308.519736,33.41
1789848308.819676,33.20
1789848309.1347017,32.50
1789848309.4318597,33.31
1789848309.7213898,34.01
1789848310.0441976,32.98
1789848310.343569,33.13
1789848310.630523,34.21
1789848310.9539232,33.66
1789848311.2465115,33.97
1789848311.569146,33.00
1789848311.8628638,33.67
1789848312.1558323,34.48
1789848312.4788516,33.68
1789848312.7717872,34.10
1789848313.101161,31.94
1789848313.3892784,33.82
1789848313.681276,34.10
1789848314.0038545,33.81
1789848314.2971644,34.01
1789848314.59193,34.18
1789848314.9133837,33.49
1789848315.2066975,33.89
1789848315.5299084,32.98
1789848315.823067,33.68
1789848316.1159456,34.21
1789848316.4400308,33.41
1789848316.7318592,33.99
1789848317.0545156,32.75
1789848317.347774,33.64
1789848317.6414642,34.10
1789848317.9638505,33.37
1789848318.2572157,33.85
1789848318.5799267,32.50
1789848318.8749948,33.52
1789848319.1665964,34.01
1789848319.4890692,32.86
1789848319.78658,33.74
1789848320.0757396,34.40
1789848320.3992183,33.62
1789848320.6919897,33.95
1789848321.0148356,32.94
1789848321.3148355,33.06
1789848321.601542,34.24
1789848321.930279,32.84
1789848322.2170832,34.03
1789848322.5426955,32.38
1789848322.833483,33.64
1789848323.1305954,33.93
1789848323.4498708,33.16
1789848323.743518,34.23
1789848324.0357332,34.23
1789848324.358767,33.75
1789848324.6553135,33.91
1789848324.9745798,32.98
1789848325.2699041,33.92
1789848325.5668728,33.62
1789848325.8839276,33.34
1789848326.1775403,34.07
1789848326.4997547,32.77
1789848326.7931442,34.18
1789848327.086521,34.16
1789848327.4098332,33.22
1789848327.7069757,33.37
1789848328.0256891,32.48
1789848328.3195121,33.87
1789848328.6119733,34.12
1789848328.9344323,33.10
1789848329.2346344,33.11
1789848329.5213256,34.25
1789848329.8469918,33.46
1789848330.1379821,33.96
1789848330.4602737,33.09
1789848330.7530777,33.80
1789848331.0478063,33.96
1789848331.3690832,33.25
1789848331.6649156,33.95
1789848331.9856675,32.58
1789848332.279804,33.75
1789848332.5724359,34.06
1789848332.8949382,33.29
1789848333.1879303,33.83
1789848333.4832327,34.05
1789848333.804127,33.45
1789848334.101445,33.85
1789848337.3537915,31.40
1789848337.6476414,33.39
1789848337.9445949,33.49
1789848338.2640517,33.16
1789848338.557629,33.97
1789848338.8875105,32.25
1789848339.1723816,33.97
1789848339.466953,34.12
1789848339.790172,33.49
1789848340.0817246,33.98
1789848340.404433,32.41
1789848340.704738,33.06
1789848340.9911442,34.14
1789848341.3153486,33.14
1789848341.607703,33.78
1789848341.9027438,34.16
1789848342.2233424,33.37
1789848342.519282,33.77
1789848342.8390524,32.75
1789848343.1329181,33.74
1789848343.4256678,34.02
1789848343.7486,33.58
1789848344.0419893,33.91
1789848344.364366,32.45
1789848344.6578107,33.56
1789848344.9510503,34.36
1789848345.2737603,33.19
1789848345.5679934,34.40
1789848345.8635492,33.92
1789848346.185396,33.72
1789848346.4770484,34.05
1789848346.80607,32.20
1789848347.0925426,33.97
1789848347.3923995,33.43
1789848347.708671,33.34
1789848348.0049145,33.73
1789848348.325011,32.65
1789848348.6256003,32.90
1789848348.9128053,34.21
1789848349.2408493,32.50
1789848349.527259,33.99
1789848349.8206866,34.05
1789848350.143467,33.53
1789848350.4382298,33.98
1789848350.7592187,32.99
1789848351.053944,33.81
1789848351.3504772,33.61
1789848351.671581,33.01
1789848351.9638379,33.78
1789848352.2880602,32.46
1789848352.5778258,33.73
1789848352.871946,34.16
1789848353.193886,33.22
1789848353.4876437,34.16
1789848353.8100684,32.06
1789848354.1033294,33.39
1789848354.4013717,33.46
1789848354.728844,32.90
1789848355.013016,35.44
1789848355.305754,34.60
1789848355.6334078,33.46
1789848355.935035,35.86
1789848356.2442825,34.55
1789848356.5377088,34.28
1789848356.831664,34.23
1789848357.1589825,32.89
1789848357.4472363,34.43
1789848357.775181,32.70
1789848358.0636568,34.01
1789848358.3563497,34.13
1789848358.6833608,32.76
1789848358.9749453,33.61
1789848359.2730298,33.37
1789848359.588442,33.38
1789848359.8836339,34.00
1789848360.2043166,32.94
1789848360.497822,33.90
1789848360.79396,33.92
1789848361.1194034,32.80
1789848361.407016,33.96
1789848361.7310176,32.65
1789848362.0279245,33.18
1789848362.3163986,34.23
1789848362.6400056,33.56
1789848362.9359121,33.98
1789848363.2553308,32.55
1789848363.5484514,33.69
1789848363.841675,34.20
1789848364.1643877,33.02
1789848364.4581122,33.89
1789848364.7518475,33.98
1789848365.073835,33.54
1789848365.3670146,34.08
1789848365.6896842,32.68
1789848365.983107,33.67
1789848366.2791557,33.81
1789848366.5991735,33.24
1789848366.8933122,34.18
1789848367.2150319,32.63
1789848367.5088987,33.94
1789848367.801725,34.07
1789848368.1252048,33.21
1789848368.4177399,33.86
1789848368.711339,34.11
1789848369.0336382,33.48
1789848369.3271701,34.08
1789848372.5883412,30.96
1789848372.8756058,33.55
1789848373.1689947,33.90
1789848373.4916797,33.30
1789848373.7868345,33.74
1789848374.1075568,32.51
1789848374.401379,33.77
1789848374.6947277,33.97
1789848375.0169063,33.10
1789848375.318031,33.01
1789848375.6328895,32.58
1789848375.9275892,33.69
1789848376.2198408,34.01
1789848376.5427852,32.94
1789848376.8355858,33.76
1789848377.134573,33.65
1789848377.451425,33.59
1789848377.7483063,33.81
1789848378.0674844,32.84
1789848378.365112,33.64
1789848378.6560562,33.97
1789848378.9770296,33.51
1789848379.2710505,33.83
1789848379.5932324,32.49
1789848379.886712,33.51
1789848380.1804788,34.19
1789848380.5088284,32.50
1789848380.795537,34.05
1789848381.0923884,33.87
1789848381.411591,33.51
1789848381.7062447,33.87
1789848382.027917,32.99
1789848382.3242922,33.39
1789848382.6147003,34.19
1789848382.937551,33.61
1789848383.2302418,33.98
1789848383.5529838,32.43
1789848383.84643,33.51
1789848384.1405625,34.26
1789848384.4645107,33.02
1789848384.7555642,33.89
1789848385.0494943,34.58
1789848385.3748448,33.52
1789848385.6650796,34.07
1789848385.9927955,32.43
1789848386.2838159,33.70
1789848386.5743465,34.10
1789848386.897042,33.67
1789848387.19046,33.94
1789848387.513383,32.69
1789848387.8065197,33.62
1789848388.099666,33.96
1789848388.422271,33.35
1789848388.715443,33.91
1789848389.0385041,32.55
1789848389.3369586,33.04
1789848389.6252737,34.07
1789848389.9570358,32.08
1789848390.240796,33.99
1789848390.5343432,34.25
1789848390.8576663,33.53
1789848391.1505356,33.92
1789848391.4728792,33.11
1789848391.7665985,34.00
1789848392.0655334,33.55
1789848392.3822927,33.51
1789848392.675998,34.32
1789848392.9981148,32.69
1789848393.2916262,33.71
1789848393.5847793,34.11
1789848393.9080038,33.24
1789848394.2053547,33.45
1789848394.494222,34.15
1789848394.8243828,33.03
1789848395.1103961,34.17
1789848395.4391463,32.39
1789848395.7261577,33.86
1789848396.0204859,34.29
1789848396.342622,33.31
1789848396.6356761,34.05
1789848396.9594223,32.99
1789848397.2515452,33.81
1789848397.544888,34.18
1789848397.8681781,33.42
1789848398.163255,33.76
1789848398.483526,32.60
1789848398.7792544,33.58
1789848399.0701857,34.09
1789848399.393099,33.51
1789848399.6862419,33.91
1789848399.9799824,34.35
1789848400.3025703,33.42
1789848400.5959203,34.19
1789848400.919094,32.73
1789848401.2157774,33.33
1789848401.506927,33.86
1789848401.827519,33.21
1789848402.1209273,33.91
1789848402.4437637,32.42
1789848402.7415414,33.28
1789848403.030133,34.11
1789848403.3552861,33.27
1789848403.6469007,33.86
1789848403.940199,34.36
1789848404.265079,33.27
1789848407.4871356,30.62
1789848407.8199015,30.76
1789848408.1030734,33.64
1789848408.397474,33.85
1789848408.7195253,33.30
1789848409.0125115,33.88
1789848409.3363502,32.45
1789848409.629189,33.53
1789848409.9264536,33.72
1789848410.2443643,33.20
1789848410.5377996,34.19
1789848410.8664267,32.27
1789848411.1538017,33.86
1789848411.4473875,33.98
1789848411.7696557,33.16
1789848412.071526,33.10
1789848412.3564365,34.35
1789848412.68238,33.35
1789848412.9722805,34.09
1789848413.296718,32.86
1789848413.5884676,33.79
1789848413.8818297,34.31
1789848414.2060142,33.51
1789848414.5030975,33.45
1789848414.8203857,32.47
1789848415.1146042,33.64
1789848415.413883,33.51
1789848415.7298207,33.16
1789848416.024019,34.03
1789848416.3203108,33.71
1789848416.638988,33.38
1789848416.932396,34.20
1789848417.2553651,32.93
1789848417.5483685,33.72
1789848417.844702,33.98
1789848418.168431,32.99
1789848418.458377,33.95
1789848418.7806468,32.55
1789848419.0745137,33.60
1789848419.369218,33.78
1789848419.6931155,33.09
1789848419.9834816,33.89
1789848420.2767587,34.74
1789848420.6068373,32.97
1789848420.8931637,34.27
1789848421.2198472,32.46
1789848421.5084703,33.79
1789848421.8055794,34.06
1789848422.1242993,33.56
1789848422.4177756,34.19
1789848422.7404215,32.74
1789848423.0336983,33.84
1789848423.3321712,33.83
1789848423.6496243,33.39
1789848423.9432673,34.37
1789848424.2660437,32.47
1789848424.5590098,33.83
1789848424.8524384,34.07
1789848425.1759934,32.91
1789848425.4683473,33.75
1789848425.7621017,34.22
1789848426.0942302,32.54
1789848426.3780606,34.25
1789848426.7059588,32.53
1789848426.9952893,33.75
1789848427.2949214,33.53
1789848427.6102188,33.41
1789848427.905495,33.90
1789848428.2261221,32.55
1789848428.5198307,33.67
1789848428.812715,34.05
1789848429.1401427,32.73
1789848429.4300828,33.74
1789848429.7227397,34.12
1789848430.0442977,33.50
1789848430.3376968,34.28
1789848430.6630147,32.90
1789848430.9537039,33.83
1789848431.2476172,34.14
1789848431.5723732,33.33
1789848431.8660865,34.00
1789848432.1922176,32.22
1789848432.4791503,33.86
1789848432.7763176,33.63
1789848433.0952888,33.25
1789848433.389524,33.68
1789848433.7110243,32.52
1789848434.004388,33.55
1789848434.2984095,34.09
1789848434.6203165,33.02
1789848434.9137106,33.84
1789848435.2119493,33.53
1789848435.5300312,33.38
1789848435.8258424,33.90
1789848436.1458592,32.83
1789848436.4404418,33.82
1789848436.7322206,34.11
1789848437.0549574,33.64
1789848437.3518293,34.06
1789848437.6795437,32.31
1789848437.9642997,34.01
1789848438.2577026,34.27
1789848438.58052,33.24
1789848438.874026,33.77
1789848439.1673086,34.07
1789848439.4907644,33.75
1789848442.7160819,31.41
1789848443.0394115,31.97
1789848443.3399744,32.67
1789848443.6265976,34.31
1789848443.953413,33.03
1789848444.2415082,34.11
1789848444.5685198,32.15
1789848444.8590536,33.50
1789848445.1593807,33.61
1789848445.4814975,32.85
1789848445.7669642,34.15
1789848446.08947,32.56
1789848446.3899403,32.89
1789848446.6762211,34.28
1789848447.0067708,32.34
1789848447.2939112,33.95
1789848447.585729,34.13
1789848447.9083543,33.92
1789848448.2077966,33.43
1789848448.5242336,32.83
1789848448.8175588,34.26
1789848449.1186604,35.12
1789848449.4392529,34.32
1789848449.735467,33.75
1789848450.0504131,33.18
1789848450.3436158,34.38
1789848450.6363125,34.23
1789848450.9591374,33.90
1789848451.25207,34.07
1789848451.5457008,34.41
1789848451.8705912,33.40
1789848452.1626313,34.69
1789848452.4842765,33.38
1789848452.7833717,34.42
1789848453.0723572,34.41
1789848453.393524,33.80
1789848453.6868064,34.02
1789848454.009387,32.28
1789848454.302778,33.64
1789848454.596467,34.12
1789848454.9232569,32.90
1789848455.2123327,34.02
1789848455.5059571,34.34
1789848455.8282425,33.55
1789848456.1216788,34.03
1789848456.4465277,32.82
1789848456.7381005,33.74
1789848457.0315816,34.25
1789848457.358555,33.41
1789848457.64694,34.18
1789848457.9697027,32.75
1789848458.2628875,33.63
1789848458.5599518,33.70
1789848458.8787267,33.26
1789848459.1728203,33.97
1789848459.5024035,32.21
1789848459.7892733,33.86
1789848460.0861259,33.77
1789848460.4058635,33.18
1789848460.6998634,33.71
1789848460.9973419,33.46
1789848461.3135183,33.58
1789848461.6070862,34.13
1789848461.9305463,32.46
1789848462.2242148,33.49
1789848462.517242,33.99
1789848462.8422554,33.10
1789848463.132188,34.03
1789848463.455423,32.31
1789848463.7484682,33.47
1789848464.043608,33.91
1789848464.3642712,33.11
1789848464.6623018,33.44
1789848464.9512274,34.08
1789848465.2744558,33.57
1789848465.5671496,33.92
1789848465.8895493,32.76
1789848466.189024,33.03
1789848466.47639,34.06
1789848466.8046463,32.84
1789848467.093297,34.26
1789848467.4221294,32.13
1789848467.7094362,33.77
1789848468.0014029,34.13
1789848468.3246377,33.25
1789848468.617639,33.86
1789848468.9404364,32.11
1789848469.2336795,33.40
1789848469.531523,33.64
1789848469.8494225,33.13
1789848470.1483495,33.33
1789848470.4361048,34.18
1789848470.761278,33.43
1789848471.0525742,33.98
1789848471.374818,32.82
1789848471.6682527,33.67
1789848471.9617298,34.34
1789848472.2850604,33.22
1789848472.5778089,33.82
1789848472.900497,32.22
1789848473.1937315,33.44
1789848473.4867916,34.35
1789848473.810129,33.27
1789848474.102748,33.85
1789848474.39656,34.11
1789848474.7238002,33.01
1789848477.9392762,31.66
1789848478.2624621,31.82
1789848478.5583746,33.36
1789848478.8517392,33.70
1789848479.1712801,33.40
1789848479.4656022,33.96
1789848479.7947195,31.97
1789848480.085071,33.43
1789848480.3743927,34.55
1789848480.6974993,33.08
1789848480.9979422,33.06
1789848481.3127275,32.54
1789848481.6078606,33.68
1789848481.8995643,34.10
1789848482.222923,33.04
1789848482.5153315,33.80
1789848482.8092623,34.06
1789848483.1341681,33.72
1789848483.424616,34.14
1789848483.747775,32.81
1789848484.0408704,34.01
1789848484.3431113,33.22
1789848484.656662,33.70
1789848484.9502609,34.26
1789848485.2732203,32.60
1789848485.5658884,33.65
1789848485.859265,34.14
1789848486.182541,33.25
1789848486.4756043,33.81
1789848486.7689638,34.11
1789848487.0914364,33.45
1789848487.3901014,33.80
1789848487.7074552,33.11
1789848488.001866,33.73
1789848488.2943017,34.02
1789848488.6213224,32.98
1789848488.9122808,33.89
1789848489.2332869,32.33
1789848489.529787,33.52
1789848489.8195086,34.27
1789848490.142287,33.33
1789848490.4364188,33.77
1789848490.734516,34.15
1789848491.0512981,33.84
1789848491.3543057,33.10
1789848491.6674666,33.10
1789848491.9609241,33.92
1789848492.2594507,33.53
1789848492.5777438,33.43
1789848492.870301,33.89
1789848493.1926346,32.89
1789848493.4859014,33.86
1789848493.7792954,34.03
1789848494.1019933,33.19
1789848494.403909,33.00
1789848494.717911,32.50
1789848495.011656,33.72
1789848495.3057058,33.90
1789848495.6272333,33.02
1789848495.9207668,34.07
1789848496.219286,33.80
1789848496.5394726,33.15
1789848496.8318813,34.24
1789848497.1530144,32.88
1789848497.4469073,34.18
1789848497.7392435,34.18
1789848498.0620463,33.54
1789848498.3613834,33.37
1789848498.6780179,32.65
1789848498.9714682,33.73
1789848499.269964,33.72
1789848499.5875921,33.28
1789848499.880778,34.70
1789848500.1739728,34.38
1789848500.497258,33.70
1789848500.7926164,33.71
1789848501.1131482,32.75
1789848501.4063935,34.11
1789848501.699604,34.12
1789848502.0225894,33.65
1789848502.320349,33.46
1789848502.6417584,32.24
1789848502.9316413,33.82
1789848503.224768,34.01
1789848503.5480893,33.41
1789848503.8406048,33.94
1789848504.1640408,32.71
1789848504.4565985,33.72
1789848504.7500815,34.30
1789848505.0766737,32.73
1789848505.3666666,33.78
1789848505.6627889,33.78
1789848505.984633,33.07
1789848506.2753363,34.09
1789848506.5980055,32.74
1789848506.8916178,33.62
1789848507.1867647,33.88
1789848507.5091798,33.06
1789848507.8012722,33.88
1789848508.1234488,32.36
1789848508.4250681,33.07
1789848508.7099411,34.24
1789848509.0335171,33.20
1789848509.3262975,33.80
1789848509.6194344,34.27
1789848509.9476721,33.18
1789848513.1736183,32.03
1789848513.4976344,32.60
1789848513.7895381,33.65
1789848514.0829365,34.10
1789848514.4053693,33.34
1789848514.6990778,34.31
1789848515.0241492,32.14
1789848515.314951,33.54
1789848515.6090786,34.06
1789848515.9346275,32.86
1789848516.2240887,33.88
1789848516.5468416,32.35
1789848516.8401575,33.51
1789848517.134947,34.12
1789848517.4565773,33.01
1789848517.7495515,34.10
1789848518.049761,33.45
1789848518.36575,33.35
1789848518.6595857,34.11
1789848518.9815917,32.77
1789848519.2747965,33.87
1789848519.569441,34.20
1789848519.8911872,33.22
1789848520.184082,33.95
1789848520.506992,32.42
1789848520.8012805,33.65
1789848521.0938287,33.97
1789848521.4169474,32.95
1789848521.7096348,33.72
1789848522.003542,34.14
1789848522.327471,33.93
1789848522.6194634,34.11
1789848522.9421182,33.36
1789848523.234885,33.88
1789848523.5291202,34.26
1789848523.8507683,33.39
1789848524.1442504,34.05
1789848524.470797,32.21
1789848524.7605555,33.67
1789848525.0546997,34.05
1789848525.3833752,32.38
1789848525.6695714,33.95
1789848525.9660187,34.04
1789848526.285754,33.46
1789848526.5791156,34.38
1789848526.902581,32.84
1789848527.1975143,33.46
1789848527.492287,33.60
1789848527.812838,33.18
1789848528.1040244,34.00
1789848528.4315405,32.28
1789848528.7201486,33.73
1789848529.0146313,34.01
1789848529.3361607,33.22
1789848529.6301348,33.87
1789848529.9525652,32.19
1789848530.245455,33.48
1789848530.5394619,34.21
1789848530.8690507,32.30
1789848531.1551013,33.87
1789848531.4491463,34.08
1789848531.7747757,32.97
1789848532.0655153,33.78
1789848532.3885055,32.75
1789848532.680231,33.74
1789848532.9767618,33.70
1789848533.2966294,33.19
1789848533.5901241,34.08
1789848533.9142113,32.42
1789848534.2054236,33.80
1789848534.5000868,33.98
1789848534.821434,33.13
1789848535.1147087,33.93
1789848535.4150991,33.41
1789848535.730951,33.42
1789848536.0245395,34.04
1789848536.347878,32.74
1789848536.6400893,33.84
1789848536.9362953,33.97
1789848537.256646,33.28
1789848537.5513566,33.89
1789848537.87301,32.56
1789848538.166748,33.61
1789848538.4591541,34.03
1789848538.781799,33.49
1789848539.074956,33.89
1789848539.3981745,32.43
1789848539.693808,33.23
1789848539.9868436,33.90
1789848540.308637,33.12
1789848540.6001503,33.87
1789848540.8979387,34.03
1789848541.2162673,33.61
1789848541.5123324,34.09
1789848541.8322945,32.85
1789848542.129622,33.50
1789848542.4191535,34.09
1789848542.7430768,33.44
1789848543.0348866,33.99
1789848543.357819,32.64
1789848543.6580384,32.95
1789848543.9440732,34.28
1789848544.2671647,33.67
1789848544.5601823,34.07
1789848544.8538015,34.50
1789848545.1761835,33.59
1789848548.4012332,32.57
1789848548.7250597,32.65
1789848549.0171301,33.70
1789848549.3107548,34.09
1789848549.6376019,32.85
1789848549.926536,33.95
1789848550.2541964,32.42
1789848550.5426981,33.78
1789848550.835952,34.72
1789848551.164605,32.74
1789848551.4522493,33.96
1789848551.7453256,34.07
1789848552.0682304,33.64
1789848552.3689783,33.42
1789848552.684653,33.06
1789848552.9777515,34.39
1789848553.270522,34.25
1789848553.5933602,33.55
1789848553.8870058,33.92
1789848554.209208,32.93
1789848554.5118942,32.85
1789848554.7958796,34.21
1789848555.122068,33.21
1789848555.4117846,33.99
1789848555.7346191,32.50
1789848556.0282483,33.91
1789848556.3213441,34.07
1789848556.6439211,33.08
1789848556.9412532,33.43
1789848557.2308424,34.05
1789848557.553486,33.87
1789848557.8482895,34.09
1789848558.1692438,32.78
1789848558.4648979,33.51
1789848558.7581587,33.98
1789848559.0793364,33.24
1789848559.3723378,34.13
1789848559.6944864,32.54
1789848559.988008,33.80
1789848560.2840583,33.96
1789848560.6039317,33.20
1789848560.9017928,33.32
1789848561.1906705,34.16
1789848561.5149674,33.58
1789848561.8066716,34.01
1789848562.1303277,32.65
1789848562.4294639,33.00
1789848562.7159522,34.26
1789848563.041574,33.28
1789848563.3322124,33.93
1789848563.6551328,32.64
1789848563.9479277,33.62
1789848564.2415624,34.14
1789848564.5670726,33.25
1789848564.857162,33.99
1789848565.1809995,32.52
1789848565.4731092,33.62
1789848565.7672138,34.34
1789848566.0939653,32.74
1789848566.3829632,33.88
1789848566.6820328,33.47
1789848566.9988668,33.68
1789848567.2922814,34.42
1789848567.6146836,32.83
1789848567.9083798,33.75
1789848568.2013645,33.99
1789848568.5240474,33.12
1789848568.817211,33.76
1789848569.1398141,32.54
1789848569.433264,33.55
1789848569.7276237,34.02
1789848570.0541022,32.64
1789848570.3426125,33.88
1789848570.6395488,33.79
1789848570.9584978,33.40
1789848571.2523417,34.10
1789848571.574694,32.87
1789848571.8705068,33.63
1789848572.1615498,34.07
1789848572.4841044,33.59
1789848572.777381,34.00
1789848573.100554,32.51
1789848573.393473,33.61
1789848573.6864982,34.10
1789848574.0139444,32.71
1789848574.3029583,34.04
1789848574.630179,32.19
1789848574.9193993,33.82
1789848575.2145703,33.91
1789848575.534631,33.02
1789848575.8279688,34.04
1789848576.121144,34.13
1789848576.4446871,33.50
1789848576.739011,34.01
1789848577.0599692,32.82
1789848577.3537617,33.68
1789848577.6558955,33.08
1789848577.9691458,33.35
1789848578.266478,33.85
1789848578.5851526,32.53
1789848578.8795629,33.62
1789848579.1758182,33.76
1789848579.4961872,32.82
1789848579.7923505,33.35
1789848580.0836256,33.83
1789848580.4055626,33.47
1789848583.631025,32.51
1789848583.9573903,32.40
1789848584.2469923,33.70
1789848584.5433283,34.16
1789848584.862903,33.41
1789848585.1563375,34.29
1789848585.4790676,32.64
1789848585.7727644,33.77
1789848586.0654287,34.16
1789848586.388269,33.12
1789848586.6815014,33.92
1789848586.9797778,33.67
1789848587.297791,33.36
1789848587.5976903,33.26
1789848587.9136312,33.13
1789848588.2073905,33.92
1789848588.5065405,33.48
1789848588.826612,33.12
1789848589.1180499,33.97
1789848589.4394083,32.77
1789848589.7321494,34.07
1789848590.0255787,34.14
1789848590.348907,33.03
1789848590.6442795,33.60
1789848590.9643047,32.43
1789848591.2579706,33.67
1789848591.5518262,33.95
1789848591.874851,32.78
1789848592.1679509,33.58
1789848592.4602177,34.17
1789848592.788956,32.98
1789848593.0761297,34.07
1789848593.3990195,32.96
1789848593.6978993,33.18
1789848593.9857402,34.20
1789848594.3085105,33.75
1789848594.606055,33.59
1789848594.9277864,33.30
1789848595.2179897,34.10
1789848595.5112488,34.42
1789848595.8398376,32.62
1789848596.1270087,34.10
1789848596.427674,33.42
1789848596.743142,33.51
1789848597.0363362,34.36
1789848597.3616056,32.68
1789848597.652313,33.81
1789848597.9457643,34.36
1789848598.2731674,33.17
1789848598.5617082,34.09
1789848598.8849893,32.88
1789848599.1856549,33.00
1789848599.4712677,34.58
1789848599.7937727,33.36
1789848600.0875182,33.93
1789848600.4100747,32.26
1789848600.7028759,33.49
1789848600.9981027,33.95
1789848601.3188293,33.02
1789848601.6144974,33.66
1789848601.9055102,34.07
1789848602.228196,33.75
1789848602.5235317,34.02
1789848602.844679,32.75
1789848603.1374714,33.77
1789848603.4317956,34.10
1789848603.7539709,33.28
1789848604.0474246,34.02
1789848604.3694594,32.30
1789848604.6632354,33.47
1789848604.956225,34.09
1789848605.278994,33.57
1789848605.57952,33.24
1789848605.8655717,34.32
1789848606.1886308,33.69
1789848606.4825964,34.28
1789848606.8105311,32.36
1789848607.0976236,33.90
1789848607.3914557,34.37
1789848607.7135575,33.42
1789848608.0070188,34.12
1789848608.3334012,32.45
1789848608.6230736,33.70
1789848608.9163632,34.25
1789848609.2415333,33.22
1789848609.5329702,33.88
1789848609.8555984,32.04
1789848610.148761,33.43
1789848610.4421866,34.16
1789848610.7681546,32.79
1789848611.0575678,33.86
1789848611.3513668,34.28
1789848611.6740327,33.40
1789848611.970307,33.65
1789848612.2894886,32.93
1789848612.5856895,33.41
1789848612.8762064,34.06
1789848613.1989408,33.37
1789848613.4950535,33.76
1789848613.8185308,32.33
1789848614.1087832,33.61
1789848614.401954,34.14
1789848614.729087,32.68
1789848615.0175982,33.89
1789848615.3110886,34.38
1789848618.5593064,30.22
1789848618.8531766,33.26
1789848619.1747239,32.85
1789848619.4679692,33.76
1789848619.7667694,33.55
1789848620.083845,33.24
1789848620.3775609,34.03
1789848620.7064536,31.91
1789848620.9932299,33.80
1789848621.2866962,34.08
1789848621.6093168,33.09
1789848621.9029982,33.93
1789848622.197219,33.94
1789848622.519114,33.50
1789848622.812292,33.91
1789848623.1346204,33.02
1789848623.4281683,33.95
1789848623.72437,33.73
1789848624.044552,33.20
1789848624.3376465,34.11
1789848624.6666086,32.10
1789848624.9531665,33.95
1789848625.2540252,33.37
1789848625.5691776,33.30
1789848625.867479,33.90
1789848626.1852546,32.68
1789848626.4791238,33.81
1789848626.7744262,33.75
1789848627.0945573,33.02
1789848627.3898304,33.91
1789848627.6815422,34.41
1789848628.012686,32.77
1789848628.297169,34.23
1789848628.620076,33.01
1789848628.9130857,33.78
1789848629.2071023,34.05
1789848629.5296602,33.56
1789848629.8225014,33.96
1789848630.1504655,32.47
1789848630.4389303,33.83
1789848630.7372203,33.74
1789848631.0546243,33.32
1789848631.3482969,34.03
1789848631.641137,34.11
1789848631.9649117,34.10
1789848632.262676,33.60
1789848632.580144,33.24
1789848632.8765364,33.52
1789848633.166461,34.08
1789848633.489578,33.21
1789848633.78871,33.25
1789848634.105124,32.81
1789848634.4027357,33.35
1789848634.6925821,34.03
1789848635.014711,33.45
1789848635.3182478,32.93
1789848635.6310995,32.74
1789848635.9284222,33.73
1789848636.217445,34.20
1789848636.5397453,33.18
1789848636.8343205,34.17
1789848637.1334238,33.60
1789848637.449616,33.65
1789848637.742702,34.24
1789848638.0654113,33.02
1789848638.3584495,33.76
1789848638.6524715,34.14
1789848638.9797509,32.90
1789848639.2686749,33.88
1789848639.5906906,32.49
1789848639.883838,33.65
1789848640.1774042,34.23
1789848640.5063884,32.56
1789848640.793108,33.97
1789848641.0865366,34.69
1789848641.4103014,33.56
1789848641.7025995,34.18
1789848642.0285547,33.36
1789848642.3189452,33.99
1789848642.6123044,34.39
1789848642.940468,32.96
1789848643.227818,34.06
1789848643.5504444,32.38
1789848643.843758,33.55
1789848644.1371384,34.19
1789848644.4678006,32.54
1789848644.7554057,33.92
1789848645.076416,32.15
1789848645.3691576,33.51
1789848645.663305,33.95
1789848645.9877777,33.28
1789848646.278497,33.97
1789848646.5723777,34.24
1789848646.9015355,32.78
1789848647.1879058,34.08
1789848647.510963,32.61
1789848647.8038964,33.62
1789848648.0979419,33.96
1789848648.4253156,32.78
1789848648.7145028,33.80
1789848649.036342,32.31
1789848649.3290663,33.53
1789848649.622831,33.98
1789848649.948951,33.07
1789848650.2385607,33.94
1789848650.53186,34.21
1789848653.797806,30.61
1789848654.0865557,33.13
1789848654.4106834,32.33
1789848654.7049816,33.55
1789848654.9959512,34.15
1789848655.319148,33.50
1789848655.6123393,33.92
1789848655.9354017,32.44
1789848656.2339106,32.97
1789848656.5213501,34.10
1789848656.844177,33.88
1789848657.1373284,34.11
1789848657.4319713,34.14
1789848657.7533197,33.50
1789848658.0467756,34.10
1789848658.3693504,33.00
1789848658.662641,33.85
1789848658.963884,33.27
1789848659.278616,33.47
1789848659.5720267,34.28
1789848659.896796,32.90
1789848660.1882496,33.79
1789848660.4826448,35.03
1789848660.8116896,32.90
1789848661.0984092,34.04
1789848661.4262083,32.27
1789848661.7133796,34.02
1789848662.0099244,33.89
1789848662.3294826,33.16
1789848662.6305995,33.66
1789848662.9161093,35.34
1789848663.2389412,33.92
1789848663.5390844,33.38
1789848663.8547206,33.17
1789848664.1541948,33.22
1789848664.4416153,34.16
1789848664.7647064,33.60
1789848665.0605838,33.84
1789848665.3801308,32.72
1789848665.6745033,33.83
1789848665.9668393,34.07
1789848666.28929,33.31
1789848666.5879989,33.30
1789848666.8759806,34.20
1789848667.1993017,33.81
1789848667.4919133,34.03
1789848667.815088,32.82
1789848668.1113293,33.39
1789848668.4017432,33.98
1789848668.7248573,33.51
1789848669.0175703,33.95
1789848669.3402183,33.05
1789848669.633691,33.71
1789848669.926514,34.12
1789848670.2494247,33.99
1789848670.5506284,33.32
1789848670.8652253,32.60
1789848671.160437,33.69
1789848671.4526312,34.01
1789848671.7747653,32.90
1789848672.0756004,32.98
1789848672.361445,34.22
1789848672.6874838,33.22
1789848672.9787338,33.83
1789848673.2998452,32.62
1789848673.5933871,33.57
1789848673.8865805,34.29
1789848674.2098753,33.62
1789848674.5027502,33.99
1789848674.825936,32.58
1789848675.118693,33.60
1789848675.41241,34.04
1789848675.7399697,32.78
1789848676.0288985,33.84
1789848676.321335,34.43
1789848676.654708,32.76
1789848676.937235,34.32
1789848677.2600331,32.75
1789848677.559962,33.02
1789848677.8475132,34.02
1789848678.1699853,33.57
1789848678.4626856,33.94
1789848678.787391,32.44
1789848679.0818691,33.53
1789848679.3729632,33.98
1789848679.6946676,33.45
1789848679.9879966,33.87
1789848680.3105886,32.51
1789848680.6087263,33.37
1789848680.8978963,34.09
1789848681.2201135,33.62
1789848681.514082,33.88
1789848681.8073764,34.33
1789848682.1292393,33.47
1789848682.42294,34.09
1789848682.74557,32.73
1789848683.0389676,33.86
1789848683.33199,34.03
1789848683.6558754,32.93
1789848683.9514265,33.39
1789848684.271006,32.40
1789848684.5640335,33.77
1789848684.8574364,33.99
1789848685.1811411,32.82
1789848685.4731557,33.72
1789848685.7672436,34.12
1789848689.0233912,31.01
1789848689.3147423,33.13
1789848689.6374102,32.87
1789848689.9311514,33.81
1789848690.2272692,33.76
1789848690.5467927,33.32
1789848690.841556,33.98
1789848691.1632829,32.44
1789848691.4581466,33.38
1789848691.749494,34.03
1789848692.0721598,33.04
1789848692.3654664,34.18
1789848692.6588705,34.16
1789848692.981479,33.95
1789848693.275101,34.05
1789848693.5979655,33.07
1789848693.9004536,32.95
1789848694.1846154,34.32
1789848694.5072234,33.61
1789848694.8017344,33.83
1789848695.1244001,32.50
1789848695.4163637,33.61
1789848695.710309,34.44
1789848696.032281,33.34
1789848696.328383,33.71
1789848696.6486585,32.05
1789848696.944051,33.16
1789848697.244989,32.97
1789848697.5580792,33.25
1789848697.8512633,34.04
1789848698.1440623,34.12
1789848698.4667501,33.79
1789848698.7634058,33.86
1789848699.0830455,33.05
1789848699.3796053,33.70
1789848699.6695397,34.17
1789848699.9920697,33.67
1789848700.285907,34.27
1789848700.6159735,31.83
1789848700.9013205,33.82
1789848701.1968274,33.98
1789848701.517479,33.15
1789848701.811089,34.06
1789848702.1096623,33.58
1789848702.4269445,33.33
1789848702.720217,33.99
1789848703.0432212,33.46
1789848703.3363552,33.88
1789848703.6304708,34.16
1789848703.955242,33.29
1789848704.245798,34.02
1789848704.5679984,32.71
1789848704.8622952,33.91
1789848705.1560273,33.95
1789848705.4774795,33.29
1789848705.7707345,34.21
1789848706.0934722,32.42
1789848706.38732,34.04
1789848706.6839056,33.98
1789848707.0030098,33.15
1789848707.2961998,34.21
1789848707.591004,34.24
1789848707.9170718,33.06
1789848708.207512,33.79
1789848708.5296512,32.69
1789848708.8213904,33.72
1789848709.114816,34.21
1789848709.4404438,33.20
1789848709.7308712,33.94
1789848710.053866,32.75
1789848710.3482423,33.49
1789848710.6401958,34.25
1789848710.9695709,32.52
1789848711.2560601,34.14
1789848711.5556076,33.99
1789848711.8723063,33.73
1789848712.1657596,33.96
1789848712.488026,32.95
1789848712.7814405,34.04
1789848713.0749278,34.12
1789848713.3984275,33.50
1789848713.6911314,33.95
1789848714.014491,32.76
1789848714.3067842,33.78
1789848714.6000016,34.14
1789848714.924418,33.15
1789848715.216001,33.88
1789848715.5396004,32.59
1789848715.8377397,33.18
1789848716.1256542,34.26
1789848716.450655,32.94
1789848716.7413616,33.86
1789848717.0355313,34.01
1789848717.3575566,33.39
1789848717.6510835,34.16
1789848717.9759138,32.97
1789848718.2668188,33.87
1789848718.5633125,34.15
1789848718.882829,33.38
1789848719.1793313,33.80
1789848719.4999778,32.40
1789848719.7932503,33.44
1789848720.0881197,33.93
1789848720.408056,33.11
1789848720.7076986,33.18
1789848720.9969995,33.92
1789848724.252626,32.04
1789848724.5446675,33.47
1789848724.867536,32.71
1789848725.1632445,33.65
1789848725.454108,34.09
1789848725.776778,33.80
1789848726.078533,33.18
1789848726.39387,32.62
1789848726.686249,33.66
1789848726.9808478,33.88
1789848727.3022072,33.09
1789848727.5952766,33.93
1789848727.8913817,33.96
1789848728.2114623,33.42
1789848728.5054681,33.87
1789848728.833314,32.45
1789848729.12074,33.90
1789848729.4201446,33.63
1789848729.736848,33.54
1789848730.0300574,34.04
1789848730.3527868,32.55
1789848730.646171,33.55
1789848730.9402332,34.04
1789848731.2625659,33.16
1789848731.5560493,33.74
1789848731.8791997,32.24
1789848732.1715965,33.59
1789848732.4714825,33.36
1789848732.7874315,33.16
1789848733.0808866,33.99
1789848733.3792892,33.62
1789848733.697077,33.30
1789848733.9923866,33.87
1789848734.31291,32.90
1789848734.6060774,34.14
1789848734.8993926,34.12
1789848735.223265,33.12
1789848735.5152855,33.97
1789848735.838039,32.55
1789848736.1316392,33.87
1789848736.4301615,33.51
1789848736.7483468,33.18
1789848737.0413177,34.02
1789848737.3434293,33.20
1789848737.6567962,33.31
1789848737.9506333,34.40
1789848738.2791216,32.38
1789848738.5663664,33.91
1789848738.8627372,33.80
1789848739.1819432,33.33
1789848739.4753714,34.01
1789848739.7979827,33.00
1789848740.0913286,33.85
1789848740.3855321,34.11
1789848740.7132246,32.68
1789848741.001995,33.90
1789848741.328747,32.29
1789848741.6181223,33.60
1789848741.9101808,34.55
1789848742.243222,32.21
1789848742.5259457,34.21
1789848742.8217952,34.16
1789848743.1420438,33.50
1789848743.4353366,33.94
1789848743.758163,33.05
1789848744.0515006,33.77
1789848744.345163,34.27
1789848744.6757078,32.54
1789848744.9614797,33.99
1789848745.286267,32.29
1789848745.577,33.59
1789848745.8715897,34.06
1789848746.193036,33.15
1789848746.4864357,33.87
1789848746.7795365,34.07
1789848747.103153,33.77
1789848747.3953223,34.05
1789848747.718474,32.75
1789848748.0113525,33.68
1789848748.3053117,34.10
1789848748.6279285,33.32
1789848748.9211166,34.00
1789848749.2481978,32.49
1789848749.536735,33.88
1789848749.8339245,34.07
1789848750.1529942,33.27
1789848750.4513557,33.32
1789848750.769736,32.35
1789848751.0677106,33.08
1789848751.3553765,34.10
1789848751.6785443,32.99
1789848751.9714127,33.77
1789848752.264789,34.16
1789848752.5875006,33.40
1789848752.880832,34.09
1789848753.2075388,32.80
1789848753.4972727,33.81
1789848753.7900643,34.34
1789848754.1132064,33.32
1789848754.407734,34.17
1789848754.7333474,32.37
1789848755.0221546,33.76
1789848755.3214674,33.65
1789848755.638587,33.08
1789848755.9332561,33.73
1789848756.2247658,34.12
1789848759.4782,32.00
1789848759.7807856,32.56
1789848760.0980897,32.45
1789848760.387952,33.95
1789848760.682255,33.93
1789848761.0045478,33.73
1789848761.2968993,34.01
1789848761.6197608,32.58
1789848761.9132974,33.78
1789848762.2064877,33.98
1789848762.5289414,33.07
1789848762.8281906,33.17
1789848763.1157258,34.16
1789848763.4390433,33.46
1789848763.7314453,33.94
1789848764.0596917,32.27
1789848764.347459,33.83
1789848764.645071,33.95
1789848764.963758,33.54
1789848765.2601824,33.83
1789848765.5812032,32.81
1789848765.880701,33.16
1789848766.1666048,34.20
1789848766.4888158,33.69
1789848766.7868476,33.60
1789848767.104956,32.59
1789848767.4015913,33.53
1789848767.6936054,34.03
1789848768.0185535,32.85
1789848768.3075027,33.96
1789848768.6008446,34.28
1789848768.9268267,33.35
1789848769.2179658,33.91
1789848769.5416653,32.70
1789848769.8336964,33.69
1789848770.1281486,34.23
1789848770.4488409,33.40
1789848770.7423873,34.01
1789848771.066804,32.55
1789848771.358248,33.90
1789848771.6542518,33.77
1789848771.974297,33.09
1789848772.2676978,33.96
1789848772.5608296,34.08
1789848772.8835907,33.51
1789848773.1807814,33.59
1789848773.5009482,32.75
1789848773.7932265,33.89
1789848774.0863504,34.10
1789848774.4098663,33.30
1789848774.702882,33.80
1789848775.0272949,32.68
1789848775.3209596,33.65
1789848775.6114748,34.10
1789848775.935101,33.71
1789848776.2288952,33.87
1789848776.5505571,32.72
1789848776.8437383,33.64
1789848777.140342,33.92
1789848777.459556,33.08
1789848777.75284,33.96
1789848778.0464377,34.15
1789848778.3695543,33.66
1789848778.6621323,34.01
1789848778.9849522,33.01
1789848779.2828355,33.45
1789848779.5715227,34.17
1789848779.903616,32.50
1789848780.1875055,34.13
1789848780.5107849,32.67
1789848780.8041205,33.60
1789848781.09802,34.08
1789848781.4195683,33.11
1789848781.7147665,33.91
1789848782.0063298,34.14
1789848782.3296058,33.82
1789848782.6226397,34.03
1789848782.9490073,32.69
1789848783.2392921,33.84
1789848783.534488,34.20
1789848783.8542738,33.40
1789848784.147564,34.17
1789848784.4702578,32.58
1789848784.7637486,33.69
1789848785.0569408,33.98
1789848785.3799639,33.25
1789848785.6729267,33.83
1789848785.9962182,32.71
1789848786.288803,33.66
1789848786.5823529,34.27
1789848786.9159212,32.03
1789848787.1982787,34.13
1789848787.494931,33.98
1789848787.8142698,33.38
1789848788.115006,33.20
1789848788.4300802,32.89
1789848788.7315629,32.93
1789848789.016935,34.22
1789848789.340032,33.47
1789848789.633171,33.93
1789848789.9559293,32.70
1789848790.2490163,33.61
1789848790.543999,34.11
1789848790.8648062,33.23
1789848791.1597004,33.89
1789848791.4517045,34.11
1789848794.707652,32.32
1789848795.0003817,33.52
1789848795.3245285,32.28
1789848795.6162052,33.55
1789848795.9133682,33.96
1789848796.2341444,33.20
1789848796.5282645,33.88
1789848796.8482969,32.64
1789848797.1417615,33.93
1789848797.441574,33.42
1789848797.7608492,32.80
1789848798.0572026,33.54
1789848798.3441784,34.32
1789848798.6676698,33.78
1789848798.9602687,34.07
1789848799.2829354,32.82
1789848799.5798886,33.60
1789848799.8718882,33.95
1789848800.1973662,32.91
1789848800.485656,34.01
1789848800.8132002,32.32
1789848801.1019146,33.72
1789848801.396371,34.19
1789848801.7175577,33.31
1789848802.0110931,34.04
1789848802.3341491,32.37
1789848802.6274135,33.55
1789848802.9242156,33.77
1789848803.2429595,33.24
1789848803.536525,34.04
1789848803.8297017,34.18
1789848804.152859,33.67
1789848804.4456897,33.98
1789848804.7688851,33.13
1789848805.0615888,33.80
1789848805.3550613,34.57
1789848805.6777167,33.44
1789848805.9710948,34.17
1789848806.2972188,32.21
1789848806.587117,33.70
1789848806.8834028,33.87
1789848807.203028,33.32
1789848807.5016792,33.36
1789848807.789939,34.17
1789848808.1124225,33.74
1789848808.4056146,33.98
1789848808.7283144,33.01
1789848809.0229301,33.70
1789848809.3151076,34.06
1789848809.6378245,33.69
1789848809.9310026,33.99
1789848810.2535367,33.06
1789848810.5468826,33.82
1789848810.8409743,34.04
1789848811.1631641,33.20
1789848811.4588087,33.75
1789848811.7788818,32.45
1789848812.0741727,33.60
1789848812.365975,34.03
1789848812.6892986,32.85
1789848812.9858432,33.30
1789848813.2750556,34.21
1789848813.5979857,33.81
1789848813.893409,33.76
1789848814.2184563,32.13
1789848814.507102,33.67
1789848814.8036752,34.49
1789848815.122908,33.46
1789848815.416647,34.01
1789848815.7394402,32.54
1789848816.0327342,33.59
1789848816.3259752,34.46
1789848816.6548154,32.64
1789848816.9427662,33.83
1789848817.235142,34.48
1789848817.562216,33.32
1789848817.853355,33.84
1789848818.1737027,33.04
1789848818.4674299,33.99
1789848818.7601624,34.10
1789848819.0828269,33.22
1789848819.37882,33.52
1789848819.701173,32.56
1789848819.9934397,33.58
1789848820.2959125,33.17
1789848820.608593,33.52
1789848820.9069772,33.84
1789848821.2243323,32.72
1789848821.5221221,33.51
1789848821.810879,34.17
1789848822.1339986,33.06
1789848822.428513,33.59
1789848822.7221675,34.09
1789848823.0507307,33.08
1789848823.3373957,34.12
1789848823.659241,32.82
1789848823.9524248,33.67
1789848824.2470868,34.44
1789848824.5681875,33.42
1789848824.8650715,34.04
1789848825.1845224,32.57
1789848825.4789283,33.68
1789848825.7708728,34.04
1789848826.0935833,33.16
1789848826.3921928,33.38
1789848826.680355,34.13
1789848829.9304695,33.07
1789848830.2237847,33.75
1789848830.5462096,32.74
1789848830.8398252,33.64
1789848831.1328328,34.20
1789848831.4556272,33.30
1789848831.7490735,34.16
1789848832.0717223,32.61
1789848832.3651552,33.75
1789848832.663697,33.84
1789848832.9808433,33.30
1789848833.2746236,34.16
1789848833.5675673,34.18
1789848833.8901598,33.69
1789848834.1845834,33.97
1789848834.5065439,32.80
1789848834.8014138,34.01
1789848835.0931153,34.14
1789848835.4156058,33.97
1789848835.7092166,34.09
1789848836.0315754,32.86
1789848836.3274136,33.63
1789848836.618793,34.02
1789848836.9413028,33.39
1789848837.2381697,33.50
1789848837.5572276,32.40
1789848837.8507812,33.63
1789848838.1438925,33.94
1789848838.4664674,33.04
1789848838.7604985,33.71
1789848839.0562394,34.02
1789848839.4024882,31.74
1789848839.7242682,31.48
1789848840.0745132,30.11
1789848840.394101,31.20
1789848840.714471,31.24
1789848841.0661423,31.23
1789848841.3862224,31.25
1789848841.7382836,30.11
1789848842.0582173,30.87
1789848842.378944,31.43
1789848842.7301767,30.45
1789848843.053495,30.87
1789848843.3707142,31.24
1789848843.7227662,30.81
1789848844.0422986,31.12
1789848844.3941453,30.32
1789848844.7182806,30.83
1789848845.0342982,31.29
1789848845.387092,30.79
1789848845.7066035,31.10
1789848846.049268,30.16
1789848846.3412054,32.79
1789848846.6345553,33.86
1789848846.9571414,33.10
1789848847.2504482,34.09
1789848847.5760489,32.75
1789848847.8673108,33.71
1789848848.1631567,33.87
1789848848.482591,33.06
1789848848.7761302,34.15
1789848849.0690682,34.14
1789848849.3931482,33.55
1789848849.6890965,33.56
1789848850.0077455,33.07
1789848850.3101923,33.03
1789848850.595046,34.22
1789848850.9193416,33.06
1789848851.2104845,33.98
1789848851.5347993,32.19
1789848851.826532,33.53
1789848852.1211946,34.22
1789848852.4424255,33.21
1789848852.7360294,34.14
1789848853.029263,34.12
1789848853.3545408,33.42
1789848853.6522288,33.51
1789848853.9681418,33.18
1789848854.2695377,33.16
1789848854.5549629,34.27
1789848854.8771927,33.35
1789848855.1705296,34.13
1789848855.4932885,32.57
1789848855.7870846,33.91
1789848856.0798266,34.15
1789848856.4024389,33.26
1789848856.6957169,33.81
1789848857.0186734,32.51
1789848857.3167057,33.15
1789848857.6065395,33.89
1789848857.9278142,33.07
1789848858.2210557,33.76
1789848858.514586,34.14
1789848858.8370748,33.41
1789848859.1306238,34.13
1789848859.4531503,32.73
1789848859.7464666,33.63
1789848860.0399904,34.16
1789848860.3644083,33.18
1789848860.656342,33.88
1789848860.9791021,32.35
1789848861.2717817,33.57
1789848861.568215,33.80
1789848861.8904188,32.93
1789848864.5029817,31.67
1789848864.7892685,33.65
1789848865.117055,33.13
1789848865.4048507,34.13
1789848865.7302241,32.65
1789848866.0237484,33.44
1789848866.314115,34.02
1789848866.6368446,33.47
1789848866.9330611,33.93
1789848867.2526484,32.86
1789848867.5487633,33.66
1789848867.8394225,34.44
1789848868.1639173,33.44
1789848868.4555461,34.03
1789848868.7549353,33.47
1789848869.0724897,33.27
1789848869.3708491,33.37
1789848869.6874864,32.87
1789848869.9824414,33.78
1789848870.2744193,34.07
1789848870.597061,33.60
1789848870.8901105,33.96
1789848871.213233,32.71
1789848871.5124798,33.02
1789848871.799441,34.09
1789848872.1268353,32.76
1789848872.4172692,33.76
1789848872.738045,32.36
1789848873.0313933,33.98
1789848873.3249807,34.08
1789848873.6481206,32.91
1789848873.9410033,33.69
1789848874.23455,34.30
1789848874.5566077,33.58
1789848874.8502352,34.18
1789848875.1806822,32.48
1789848875.466112,33.98
1789848875.766827,33.56
1789848876.0822165,33.48
1789848876.375429,34.14
1789848876.6983054,32.69
1789848876.992828,33.78
1789848877.2852933,34.14
1789848877.6076732,33.36
1789848877.9030964,33.78
1789848878.1944432,34.07
1789848878.5171657,33.78
1789848878.8100777,34.01
1789848879.1326854,33.02
1789848879.4338844,33.03
1789848879.7193582,34.19
1789848880.0442498,33.27
1789848880.335869,33.95
1789848880.6583183,32.46
1789848880.951281,33.57
1789848881.2449632,34.09
1789848881.5673158,33.22
1789848881.8610275,33.99
1789848882.1833699,32.45
1789848882.4767592,33.72
1789848882.774708,33.50
1789848883.0928586,32.97
1789848883.3928704,33.12
1789848883.679356,34.19
1789848884.008689,32.75
1789848884.2973263,33.88
1789848884.6196713,32.88
1789848884.9116123,33.75
1789848885.2051964,34.23
1789848885.5273035,33.25
1789848885.820972,34.04
1789848886.1433516,32.40
1789848886.4376056,33.60
1789848886.7301338,33.97
1789848887.0527987,33.22
1789848887.3547661,32.98
1789848887.639262,34.21
1789848887.9623833,33.67
1789848888.255684,33.98
1789848888.5784054,32.98
1789848888.8717954,33.68
1789848889.164669,34.26
1789848889.4895287,33.39
1789848889.780673,34.02
1789848890.1046371,32.71
1789848890.3966258,33.69
1789848890.6903176,34.19
1789848891.0140328,33.57
1789848891.3067572,33.95
1789848891.6295798,32.54
1789848891.9226637,33.60
1789848892.2156744,34.30
1789848892.5390472,33.22
1789848892.8313828,33.86
1789848893.1267283,34.08
1789848893.4509573,33.08
1789848893.74075,33.97
1789848894.0684834,32.20
1789848894.3570795,33.71
1789848894.6540093,34.03
1789848894.97261,33.44
1789848895.270253,33.43
1789848895.5891023,32.41
1789848895.8826218,33.65
1789848896.175474,33.97
1789848899.4177837,29.85
1789848899.7108502,32.64
1789848900.0049946,33.76
1789848900.335723,32.60
1789848900.620785,34.07
1789848900.942906,32.84
1789848901.2368724,33.80
1789848901.529539,34.06
1789848901.85211,33.27
1789848902.1458242,33.77
1789848902.468832,32.62
1789848902.7615314,33.61
1789848903.0552337,33.99
1789848903.3778002,33.09
1789848903.6714041,33.89
1789848903.9641938,34.08
1789848904.305436,32.22
1789848904.6324341,31.03
1789848904.9773083,30.44
1789848905.2974873,31.15
1789848905.6174283,31.23
1789848905.9694247,31.02
1789848906.2963777,31.00
1789848906.641616,30.25
1789848906.9628148,30.92
1789848907.2813268,31.23
1789848907.6035619,32.42
1789848907.8969839,33.53
1789848908.2202055,32.24
1789848908.513273,33.44
1789848908.8062632,34.02
1789848909.1305683,32.79
1789848909.422277,33.97
1789848909.7198272,33.63
1789848910.0381417,33.44
1789848910.3387172,33.39
1789848910.6544335,32.81
1789848910.9495275,33.74
1789848911.2412949,34.11
1789848911.5635915,33.62
1789848911.8652859,33.17
1789848912.1794274,32.82
1789848912.4742632,33.75
1789848912.766507,34.00
1789848913.0888274,33.12
1789848913.3856115,33.64
1789848913.6757348,34.14
1789848913.9986014,33.58
1789848914.2917194,33.97
1789848914.614373,32.93
1789848914.90883,34.09
1789848915.2009552,34.18
1789848915.5235293,33.40
1789848915.8167799,33.86
1789848916.1393998,32.72
1789848916.4332027,33.59
1789848916.7260485,34.23
1789848917.0503695,33.25
1789848917.3421643,33.88
1789848917.664946,32.40
1789848917.9584944,34.18
1789848918.2514212,34.15
1789848918.574164,32.98
1789848918.8758361,33.10
1789848919.1607835,34.24
1789848919.4852176,33.42
1789848919.777005,34.03
1789848920.0996044,32.95
1789848920.3954368,33.68
1789848920.686704,34.09
1789848921.009261,33.36
1789848921.3023024,33.87
1789848921.624824,34.92
1789848921.9184597,34.35
1789848922.2114708,34.28
1789848922.5343642,33.37
1789848922.8274846,33.86
1789848923.1207466,34.32
1789848923.443848,33.48
1789848923.7377596,33.85
1789848924.064433,32.90
1789848924.3528233,34.11
1789848924.6488447,34.17
1789848924.9687967,33.46
1789848925.2628133,34.04
1789848925.590309,32.22
1789848925.8789473,33.79
1789848926.1729453,34.22
1789848926.4947426,33.12
1789848926.7904787,33.71
1789848927.0807474,34.14
1789848927.4036705,33.85
1789848927.6968067,34.01
1789848928.022608,32.85
1789848928.3191004,33.22
1789848928.6117582,33.75
1789848928.9313207,33.39
1789848929.2263768,33.91
1789848929.5447867,32.94
1789848929.8385532,33.79
1789848930.1316617,34.02
1789848930.4547687,33.68
1789848930.7482822,33.90
1789848931.0705183,32.36
1789848931.3640952,33.47
1789848934.3155437,30.19
1789848934.6333272,31.92
1789848934.9252462,33.44
1789848935.2187705,34.06
1789848935.544291,33.26
1789848935.8363748,33.80
1789848936.1577363,32.86
1789848936.4507751,33.69
1789848936.745484,34.00
1789848937.0666192,33.38
1789848937.360243,34.20
1789848937.6922119,32.22
1789848937.9758372,34.01
1789848938.269994,34.21
1789848938.592223,33.17
1789848938.8856006,34.03
1789848939.178841,34.10
1789848939.501219,33.58
1789848939.7968314,33.85
1789848940.117643,32.84
1789848940.4112306,33.80
1789848940.70405,34.05
1789848941.0269601,33.86
1789848941.3264582,33.41
1789848941.6429014,32.85
1789848941.9371448,33.95
1789848942.2304928,33.97
1789848942.5519013,33.35
1789848942.8453805,34.03
1789848943.168396,32.67
1789848943.4667988,33.09
1789848943.7546577,34.10
1789848944.079358,33.05
1789848944.376473,33.29
1789848944.6642668,34.10
1789848944.9865608,33.76
1789848945.2803516,33.93
1789848945.6024985,32.78
1789848945.901332,33.25
1789848946.189339,34.11
1789848946.5119689,33.41
1789848946.8056555,33.82
1789848947.1280053,32.50
1789848947.4262943,33.37
1789848947.7146924,34.43
1789848948.037941,33.26
1789848948.3307297,34.00
1789848948.6268117,34.15
1789848948.9469175,33.93
1789848949.2411668,34.24
1789848949.5694137,32.67
1789848949.8561323,34.02
1789848950.1526625,34.09
1789848950.4719245,33.42
1789848950.7665796,33.94
1789848951.087863,32.58
1789848951.3813722,34.11
1789848951.6749709,34.09
1789848951.9986424,33.37
1789848952.2974374,33.27
1789848952.6134048,32.64
1789848952.9069703,33.89
1789848953.1999674,34.05
1789848953.523595,33.46
1789848953.8368561,33.02
1789848954.1096551,35.37
1789848954.438045,33.70
1789848954.7308307,33.74
1789848955.04824,32.89
1789848955.3452225,34.38
1789848955.6347997,34.40
1789848955.958313,33.84
1789848956.2508788,34.09
1789848956.573401,32.61
1789848956.8761938,32.75
1789848957.1631765,34.21
1789848957.4889657,32.73
1789848957.7803264,34.96
1789848958.0730858,34.55
1789848958.3919373,33.71
1789848958.6854234,33.95
1789848959.0081472,32.92
1789848959.3028665,33.93
1789848959.5945365,34.14
1789848959.9238439,33.02
1789848960.2105365,34.12
1789848960.5339005,32.62
1789848960.8303416,34.08
1789848961.120099,34.30
1789848961.4459796,32.98
1789848961.7362146,33.86
1789848962.0310779,34.05
1789848962.3520217,33.46
1789848962.648934,33.81
1789848962.9680262,33.10
1789848963.2664883,33.62
1789848963.55456,34.33
1789848963.878075,33.70
1789848964.170937,34.00
1789848964.4932728,32.90
1789848964.7906919,33.46
1789848965.0816367,33.92
1789848965.4026427,33.39
1789848965.6962564,33.82
1789848966.0186667,32.54
1789848966.3131695,33.74
1789848969.5407486,31.30
1789848969.8637552,32.59
1789848970.1568167,33.59
1789848970.4504452,34.09
1789848970.7734478,33.50
1789848971.0664837,34.04
1789848971.388639,32.94
1789848971.6821053,33.94
1789848971.9797502,33.87
1789848972.2980313,33.45
1789848972.5931833,33.90
1789848972.9143083,32.64
1789848973.2074094,33.78
1789848973.5008447,35.96
1789848973.82352,34.36
1789848974.1231422,34.67
1789848974.410066,34.73
1789848974.7379816,33.16
1789848975.0264046,34.19
1789848975.3584213,32.04
1789848975.6420994,33.95
1789848975.9381034,33.86
1789848976.2584248,33.37
1789848976.5514855,34.04
1789848976.874677,32.58
1789848977.1676157,33.63
1789848977.4607768,34.03
1789848977.7863545,33.05
1789848978.0767033,33.90
1789848978.3993776,32.63
1789848978.6931188,33.88
1789848978.9859486,34.10
1789848979.3085945,33.23
1789848979.6080537,33.20
1789848979.8957148,34.10
1789848980.2221673,33.11
1789848980.511329,33.98
1789848980.8378148,32.51
1789848981.127264,33.82
1789848981.4270175,33.37
1789848981.7433238,33.36
1789848982.0418277,33.35
1789848982.3596728,32.74
1789848982.659567,33.09
1789848982.94649,34.10
1789848983.2691324,33.00
1789848983.5620854,33.80
1789848983.857512,33.94
1789848984.1789382,33.58
1789848984.4712439,33.97
1789848984.7942617,32.91
1789848985.0959294,32.88
1789848985.3805635,34.15
1789848985.703294,33.30
1789848985.9971495,34.01
1789848986.3218558,32.66
1789848986.6137695,33.89
1789848986.9061549,34.56
1789848987.2288227,33.76
1789848987.5221543,34.17
1789848987.8503566,32.48
1789848988.1419313,33.53
1789848988.431736,34.34
1789848988.7540467,33.51
1789848989.0476089,33.88
1789848989.3450332,34.00
1789848989.6717894,33.83
1789848989.9570704,35.15
1789848990.2823563,33.19
1789848990.573095,34.33
1789848990.883466,32.70
1789848991.1893706,34.39
1789848991.483849,34.90
1789848991.8046436,33.07
1789848992.099396,33.66
1789848992.3929415,33.99
1789848992.7290196,32.96
1789848993.0086052,35.75
1789848993.3034112,34.82
1789848993.6237054,34.29
1789848993.9213588,34.19
1789848994.2416506,32.75
1789848994.5344718,33.80
1789848994.8340604,33.98
1789848995.1510155,33.81
1789848995.451343,33.45
1789848995.7682939,32.69
1789848996.0632126,33.70
1789848996.3547645,34.05
1789848996.6750922,33.44
1789848996.9676492,34.03
1789848997.2639184,33.86
1789848997.5934417,32.97
1789848997.889378,34.80
1789848998.2088969,33.96
1789848998.5228982,33.59
1789848998.7947292,36.28
1789848999.1109872,34.38
1789848999.4033854,34.51
1789848999.742934,32.25
1789849000.0658844,33.36
1789849000.3774168,34.23
1789849000.6824841,35.31
1789849000.979887,35.95
1789849001.2503722,37.28
1789849001.5510542,36.16
1789849004.7705846,32.40
1789849005.091276,32.80
1789849005.3828862,33.91
1789849005.6773388,34.54
1789849006.0011988,33.67
1789849006.3262658,33.32
1789849006.6155803,34.73
1789849006.9103408,34.23
1789849007.2009177,34.60
1789849007.5235984,33.37
1789849007.8205657,33.54
1789849008.1464546,32.02
1789849008.4340324,33.81
1789849008.7264605,34.34
1789849009.04979,33.05
1789849009.3422382,34.13
1789849009.6354563,34.50
1789849009.9645317,33.27
1789849010.2526183,34.21
1789849010.5798173,32.47
1789849010.8721461,33.73
1789849011.1952827,32.69
1789849011.5743284,29.24
1789849011.8825533,32.25
1789849012.2010257,32.50
1789849012.4944568,33.58
1789849012.7809083,34.58
1789849013.1048992,33.34
1789849013.4017084,33.96
1789849013.719067,33.17
1789849014.0146198,33.60
1789849014.3094237,34.25
1789849014.6302798,33.11
1789849014.9242985,33.84
1789849015.2161736,34.05
1789849015.5406272,33.44
1789849015.8331933,33.98
1789849016.1567638,32.97
1789849016.4552543,33.53
1789849016.7449703,34.40
1789849017.0745976,33.06
1789849017.3611853,35.08
1789849017.6807392,33.07
1789849017.9753587,33.97
1789849018.2654564,34.49
1789849018.5955198,32.56
1789849018.8815134,34.41
1789849019.1773803,34.17
1789849019.5016532,33.28
1789849019.7918777,34.14
1789849020.1166894,33.00
1789849020.4111497,33.76
1789849020.7052019,33.94
1789849021.026607,33.32
1789849021.3170357,34.23
1789849021.6434414,32.54
1789849021.9451654,33.35
1789849022.251392,34.57
1789849022.5505204,34.21
1789849022.848547,34.30
1789849023.1646042,33.97
1789849023.4700322,34.17
1789849023.7730184,34.32
1789849024.0777497,34.68
1789849024.3700478,34.66
1789849024.6767876,34.19
1789849024.9999378,33.42
1789849025.2836907,35.21
1789849025.5997627,33.70
1789849025.8938568,34.49
1789849026.1881697,35.07
1789849026.5111513,34.08
1789849026.803536,34.30
1789849027.124092,32.99
1789849027.419519,33.71
1789849027.7210834,34.90
1789849028.0375414,33.88
1789849028.3345723,33.63
1789849028.6264453,34.20
1789849028.9444077,33.87
1789849029.2378256,34.02
1789849050.2851763,0.56
1789849050.607892,21.58
1789849050.8998477,30.34
1789849051.2223825,31.83
1789849051.5176752,33.60
1789849051.8157644,34.18
1789849052.1380024,33.17
1789849052.426562,34.89
1789849052.7465534,34.03
1789849053.0529075,33.50
1789849053.3348434,34.88
1789849053.661834,33.51
1789849053.951145,34.93
1789849054.2483053,34.15
1789849054.5678763,33.54
1789849054.861287,34.11
1789849055.1844335,32.53
1789849055.4767466,33.60
1789849055.7813492,34.86
1789849056.1035872,33.08
1789849056.3868973,34.93
1789849056.6823528,34.42
1789849057.007273,33.59
1789849057.3071365,34.35
1789849057.6246636,33.25
1789849057.9145908,35.27
1789849058.2038677,34.77
1789849058.529844,34.17
1789849058.822182,34.26
1789849059.143686,32.60
1789849059.43614,33.76
1789849059.730679,33.84
1789849060.052866,33.08
1789849060.3459241,34.04
1789849060.6665654,32.68
1789849060.960434,34.23
1789849061.256525,34.32
1789849061.577918,33.32
1789849061.8760283,33.98
1789849062.1632605,35.16
1789849062.4893956,33.71
1789849062.803948,32.91
1789849063.140506,33.07
1789849063.4283779,35.16
1789849063.71265,36.00
1789849064.012205,34.65
1789849064.3107765,34.42
1789849064.626562,33.99
1789849064.9283402,33.97
1789849065.2141855,34.96
1789849065.539048,33.06
1789849065.8310165,33.83
1789849066.129529,33.86
1789849066.446299,34.40
1789849066.7454329,34.74
1789849067.0653586,33.30
1789849067.3585439,34.30
1789849067.6556551,34.36
1789849067.9709394,33.83
1789849068.265899,34.00
1789849068.5997808,31.23
1789849068.8898847,34.18
1789849069.1910467,34.69
1789849069.497085,34.47
1789849069.7908366,34.34
1789849070.0839744,34.24
1789849070.4125144,33.97
1789849070.7051063,34.76
1789849071.0264463,33.86
1789849071.3238673,34.68
1789849071.6129198,35.09
1789849071.932509,33.95
1789849075.1708188,32.42
1789849075.4885495,32.61
1789849075.781301,33.97
1789849076.0750203,34.54
1789849076.3971603,33.39
1789849076.706996,34.69
1789849077.0133157,34.52
1789849077.308533,34.59
1789849077.6019666,34.85
1789849077.9204738,33.54
1789849078.2142618,34.06
1789849078.5138204,34.07
1789849078.8322093,34.09
1789849079.1273124,34.32
1789849079.451091,32.77
1789849079.741192,33.96
1789849080.0340376,34.20
1789849080.3594172,34.04
1789849080.6622205,34.71
1789849080.976873,33.84
1789849081.2742183,34.97
1789849081.561609,35.61
1789849081.8832088,33.73
1789849082.1851728,33.96
1789849082.4884624,33.99
1789849082.7935793,34.70
1789849083.1003144,34.19
1789849083.413363,33.98
1789849083.7137039,33.93
1789849084.0057814,34.86
1789849084.3285637,32.91
1789849084.6156394,34.66
1789849084.9360476,33.27
1789849085.22718,34.24
1789849085.5217016,34.27
1789849085.8408644,33.45
1789849086.1412182,33.42
1789849086.4549565,33.23
1789849086.7589812,33.10
1789849087.0460274,34.73
1789849087.3657029,33.66
1789849087.6602504,34.05
1789849087.9531832,34.06
1789849088.2889245,33.27
1789849088.5673544,35.93
1789849088.8941147,33.32
1789849089.1870804,34.46
1789849089.4775784,34.70
1789849089.802574,33.19
1789849090.100563,34.33
1789849090.4191155,33.04
1789849090.7199724,34.16
1789849091.0228908,33.42
1789849091.3327248,33.35
1789849091.6195161,34.96
1789849091.9194562,34.19
1789849092.2382774,33.69
1789849092.532437,34.16
1789849092.8560967,32.55
1789849093.153315,33.53
1789849093.4443548,34.51
1789849093.7597296,34.02
1789849094.0543792,34.05
1789849094.377819,32.40
1789849094.679719,33.42
1789849094.974379,34.93
1789849095.2881107,34.19
1789849095.5800073,34.69
1789849095.9002712,33.17
1789849096.1956685,33.78
1789849096.5000396,33.77
1789849096.8222,32.42
1789849097.1152859,34.23
1789849097.4017,35.03
1789849097.7213328,33.89
1789849098.0140054,34.08
1789849098.3427548,32.72
1789849098.6290476,34.77
1789849098.9227264,34.85
1789849099.2519464,33.84
1789849099.556407,33.97
1789849099.8633132,34.04
1789849100.1568046,34.77
1789849100.4536273,34.91
1789849100.774447,33.43
1789849101.0644004,34.26
1789849101.3571389,34.37
1789849101.6818924,33.43
1789849101.974582,34.00
1789849102.2984378,32.85
1789849102.5898714,34.05
1789849102.884346,34.15
1789849103.2050529,33.48
1789849103.504978,34.98
1789849103.8234856,33.94
1789849104.1209629,34.84
1789849104.4153142,35.34
1789849104.733845,33.93
1789849105.0270977,34.50
1789849105.3203738,34.94
1789849105.6446035,33.89
1789849105.942581,34.42
1789849106.2695951,33.32
1789849106.5653296,34.46
1789849106.846744,35.44
1789849110.1050973,31.09
1789849110.3991852,33.21
1789849110.7194395,32.38
1789849111.0095296,34.02
1789849111.3053336,34.50
1789849111.6318893,33.08
1789849111.9348617,33.87
1789849112.2398338,34.54
1789849112.5431023,34.41
1789849112.8372517,34.71
1789849113.154708,33.97
1789849113.4515216,35.03
1789849113.7400005,34.83
1789849114.0590918,33.86
1789849114.3606212,33.33
1789849114.6855175,31.89
1789849114.9846916,33.42
1789849115.285748,34.09
1789849115.595032,33.54
1789849115.8909647,34.23
1789849116.2229125,32.04
1789849116.5479794,32.04
1789849116.8606925,32.43
1789849117.190563,32.08
1789849117.483657,33.47
1789849117.7845101,33.20
1789849118.118268,32.81
1789849118.4004483,36.00
1789849118.722405,33.74
1789849119.0201824,35.40
1789849119.3129609,34.88
1789849119.649391,33.41
1789849119.944132,35.05
1789849120.261614,33.70
1789849120.5544634,34.76
1789849120.847044,34.56
1789849121.1682703,33.46
1789849121.4706259,34.59
1789849121.785203,33.91
1789849122.111359,33.57
1789849122.4314044,33.15
1789849122.748302,34.01
1789849123.021918,36.16
1789849123.3147533,35.69
1789849123.613764,35.64
1789849123.909049,34.63
1789849124.2398221,32.81
1789849124.5697465,32.99
1789849124.8521008,35.58
1789849125.1457717,34.80
1789849125.444556,34.14
1789849125.7654212,32.73
1789849126.0585163,33.95
1789849126.3568466,34.11
1789849126.6706305,33.79
1789849126.9665306,33.90
1789849127.2632792,34.48
1789849127.5954535,33.15
1789849127.8717873,35.64
1789849128.1975715,33.14
1789849128.4890053,33.83
1789849128.783178,33.97
1789849129.1104136,33.34
1789849129.4017293,34.75
1789849129.7281206,32.37
1789849130.0150938,34.01
1789849130.3127651,34.20
1789849130.6443589,32.62
1789849130.9279046,34.93
1789849131.245088,33.15
1789849131.546721,33.97
1789849131.8328326,34.53
1789849132.1586082,32.99
1789849132.44885,33.93
1789849132.747241,34.37
1789849133.065431,33.72
1789849133.3584683,33.98
1789849133.6862483,32.64
1789849133.9752574,33.86
1789849134.269344,34.19
1789849134.594311,32.94
1789849134.8837986,33.88
1789849135.2073872,33.62
1789849135.502889,33.67
1789849135.7946634,34.03
1789849136.118324,33.01
1789849136.4115326,33.65
1789849136.7042673,34.05
1789849137.0252128,33.49
1789849137.3300676,32.84
1789849137.6466455,32.68
1789849137.9408286,34.30
1789849138.2308593,34.62
1789849138.5507739,33.45
1789849138.848652,33.94
1789849139.1696687,32.45
1789849139.4613087,33.59
1789849139.7543225,34.38
1789849140.0777357,33.77
1789849140.3679311,34.69
1789849140.6625593,34.24
1789849140.9881356,33.60
1789849141.2778556,34.31
1789849141.6114516,32.15
1789849141.8976076,34.42
1789849142.1869912,34.48
1789849145.316571,31.70
1789849145.6084127,33.26
1789849145.932829,32.88
1789849146.225759,33.81
1789849146.5178337,34.44
1789849146.838083,33.59
1789849147.1319892,34.04
1789849147.4593766,33.01
1789849147.753091,34.09
1789849148.041683,34.56
1789849148.3647568,33.34
1789849148.6581697,33.83
1789849148.949913,34.22
1789849149.273549,33.38
1789849149.567175,33.82
1789849149.8953145,32.43
1789849150.1847403,34.60
1789849150.477896,34.44
1789849150.8004131,33.96
1789849151.0915632,34.44
1789849151.4142442,32.60
1789849151.7079911,33.64
1789849152.0035243,34.32
1789849152.323544,33.43
1789849152.619234,33.75
1789849152.910285,34.06
1789849153.2369494,33.55
1789849153.5300186,34.00
1789849153.857235,32.18
1789849154.1430454,34.29
1789849154.4388068,34.00
1789849154.7617767,34.19
1789849155.0569136,34.71
1789849155.3755414,33.24
1789849155.678375,33.15
1789849155.9662578,35.26
1789849156.283046,34.05
1789849156.5794165,34.46
1789849156.8989654,33.23
1789849157.192913,33.93
1789849157.4962356,33.33
1789849157.8156233,33.06
1789849158.104674,34.12
1789849158.3950443,34.70
1789849158.7185469,33.51
1789849159.021328,33.15
1789849159.3389804,33.23
1789849159.630042,34.11
1789849159.9276772,33.80
1789849160.2448974,33.42
1789849160.5391712,33.70
1789849160.8645964,32.19
1789849161.156116,33.83
1789849161.4516406,34.33
1789849161.7698658,33.51
1789849162.0629687,33.91
1789849162.3596206,34.08
1789849162.6820235,34.42
1789849162.9737241,34.64
1789849163.300622,32.58
1789849163.5878544,34.39
1789849163.8803155,34.34
1789849164.2031555,33.51
1789849164.503931,34.08
1789849164.8276849,32.00
1789849165.1154513,33.78
1789849165.4057674,34.61
1789849165.7351415,32.72
1789849166.0228217,34.33
1789849166.3441358,32.99
1789849166.637637,33.79
1789849166.9375165,33.60
1789849167.256787,32.83
1789849167.5468302,34.16
1789849167.8470123,33.60
1789849168.1670935,33.32
1789849168.4586656,34.21
1789849168.7844956,32.41
1789849169.0756567,34.01
1789849169.3703434,33.98
1789849169.6899135,33.74
1789849169.9820635,34.13
1789849170.3055367,33.46
1789849170.5995307,34.61
1789849170.8959959,34.53
1789849171.2166412,33.45
1789849171.5089123,34.07
1789849171.801719,34.29
1789849172.1321037,32.73
1789849172.4196658,34.78
1789849172.7416744,33.23
1789849173.0351949,33.99
1789849173.3282053,34.54
1789849173.6498919,33.70
1789849173.9472673,33.82
1789849174.267139,32.50
1789849174.5602112,33.47
1789849174.859702,34.04
1789849175.1759405,33.35
1789849175.4694004,34.03
1789849175.7687125,33.52
1789849176.0838494,33.75
1789849176.377565,34.00
1789849176.7075632,32.25
1789849176.9957702,33.74
1789849177.2857428,34.24
1789849180.5464492,31.86
1789849180.8386347,33.70
1789849181.1591325,32.76
1789849181.4602785,33.28
1789849181.7469695,34.46
1789849182.0707433,33.52
1789849182.3627744,34.06
1789849182.6841397,32.73
1789849182.9903643,33.66
1789849183.2796574,34.00
1789849183.5969381,33.50
1789849183.8869143,34.37
1789849184.1809342,34.24
1789849184.5050375,33.40
1789849184.799549,33.66
1789849185.128489,32.16
1789849185.4173164,34.20
1789849185.7074654,34.39
1789849186.0293808,34.11
1789849186.3221083,34.32
1789849186.6468377,32.29
1789849186.939472,33.71
1789849187.243703,34.15
1789849187.5538192,34.71
1789849187.8487327,34.70
1789849188.1431372,34.73
1789849188.4742444,32.80
1789849188.7577386,34.64
1789849189.080683,32.82
1789849189.3733876,33.68
1789849189.6699388,34.42
1789849189.9909081,33.53
1789849190.2825327,34.01
1789849190.608948,32.42
1789849190.9047916,33.66
1789849191.19387,34.26
1789849191.5221155,32.66
1789849191.8157027,34.71
1789849192.1334803,33.24
1789849192.4300334,34.14
1789849192.7309582,34.40
1789849193.0482502,33.34
1789849193.343658,34.44
1789849193.6306825,34.83
1789849193.951713,34.44
1789849194.2435403,34.26
1789849194.5651755,32.81
1789849194.8670063,33.14
1789849195.161514,35.00
1789849195.4762654,34.03
1789849195.7712638,34.64
1789849196.0936923,32.73
1789849196.385313,34.93
1789849196.6794171,35.91
1789849197.0098062,33.49
1789849197.3053226,34.04
1789849197.5938888,35.22
1789849197.911591,33.96
1789849198.2030382,34.14
1789849198.533442,32.59
1789849198.8250494,34.15
1789849199.1233962,34.63
1789849199.4382048,33.80
1789849199.7316022,34.71
1789849200.0508976,32.89
1789849200.343494,33.96
1789849200.646729,33.72
1789849200.9626777,33.40
1789849201.2564762,34.31
1789849201.5747519,32.89
1789849201.8770678,33.28
1789849202.173486,34.85
1789849202.4889522,33.95
1789849202.7903132,34.56
1789849203.0911324,34.86
1789849203.4020007,33.76
1789849203.7057176,33.86
1789849204.014122,33.55
1789849204.3036637,34.97
1789849204.5978336,34.63
1789849204.9268095,33.19
1789849205.2247052,33.84
1789849205.53515,34.06
1789849205.8428733,33.92
1789849206.13032,35.03
1789849206.4514644,33.19
1789849206.73858,34.90
1789849207.0349061,34.26
1789849207.3719418,32.52
1789849207.6570134,34.70
1789849207.9758449,33.30
1789849208.2692738,33.82
1789849208.5669053,34.12
1789849208.8819616,33.70
1789849209.1756856,34.17
1789849209.4975572,32.66
1789849209.7984698,32.86
1789849210.0870507,34.91
1789849210.4104183,33.66
1789849210.69954,34.55
1789849210.9940736,34.39
1789849211.3148093,33.73
1789849211.6101718,34.12
1789849211.9391365,32.61
1789849212.228496,34.96
1789849212.5219016,34.80
1789849215.787911,32.24
1789849216.0827947,34.06
1789849216.395175,33.44
1789849216.7064762,33.88
1789849217.0012083,34.24
1789849217.3020723,34.26
1789849217.605616,33.80
1789849217.9133043,33.60
1789849218.212139,33.98
1789849218.4999332,34.53
1789849218.8218877,33.16
1789849219.1327279,33.39
1789849219.4173896,35.21
1789849219.7371936,33.89
1789849220.0341434,33.60
1789849220.3935952,30.25
1789849220.7076669,31.60
1789849221.0273032,31.63
1789849221.3952634,29.90
1789849221.7149057,31.14
1789849222.0349488,32.06
1789849222.344865,32.86
1789849222.622281,35.41
1789849222.9532483,32.83
1789849223.2809477,33.41
1789849223.5563285,35.93
1789849223.8569791,35.87
1789849224.1530712,34.77
1789849224.470257,33.19
1789849224.763687,34.32
1789849225.0575564,34.17
1789849225.3906505,32.20
1789849225.67682,34.85
1789849225.9977775,33.69
1789849226.287908,34.98
1789849226.5858371,34.86
1789849226.904972,33.90
1789849227.1992679,33.88
1789849227.5189278,33.29
1789849227.8167777,34.07
1789849228.1177692,34.33
1789849228.43484,33.29
1789849228.729585,33.72
1789849229.0202124,34.06
1789849229.3387165,33.59
1789849229.635914,33.79
1789849229.954905,32.92
1789849230.2501774,33.66
1789849230.5402389,34.22
1789849230.8724134,32.99
1789849231.1601748,34.10
1789849231.4792428,32.69
1789849231.773122,33.61
1789849232.0742779,33.22
1789849232.3910372,33.55
1789849232.6866663,33.65
1789849233.01255,33.55
1789849233.3215256,34.42
1789849233.6591442,32.27
1789849233.960475,33.46
1789849234.2354567,35.83
1789849234.5173519,36.59
1789849234.8252366,34.51
1789849235.1301632,34.11
1789849235.4467123,33.07
1789849235.7527637,35.02
1789849236.0319972,35.72
1789849236.3508346,33.74
1789849236.6462963,34.11
1789849236.9638891,32.99
1789849237.2731597,33.30
1789849237.5563407,35.25
1789849237.8744164,33.91
1789849238.1689165,33.95
1789849238.469828,33.95
1789849238.7862835,33.51
1789849239.0787036,34.18
1789849239.3985665,32.94
1789849239.6982367,33.44
1789849239.9916945,33.74
1789849240.3083763,33.47
1789849240.6016188,34.11
1789849240.9238305,32.52
1789849241.2235842,34.09
1789849241.520454,33.98
1789849241.8411505,33.01
1789849242.133046,33.86
1789849242.4234226,34.92
1789849242.7466877,33.91
1789849243.0420306,34.62
1789849243.3599868,33.26
1789849243.6532671,33.89
1789849243.946967,34.05
1789849244.283027,32.12
1789849244.5656905,34.48
1789849244.8865378,32.92
1789849245.1820476,33.58
1789849245.4762328,33.84
1789849245.7958236,33.00
1789849246.0898848,33.67
1789849246.3810005,34.10
1789849246.7079687,33.50
1789849247.0023513,34.45
1789849247.3196032,33.51
1789849247.6137407,33.82
1789849250.6656601,31.73
1789849250.9864407,32.58
1789849251.2796009,33.53
1789849251.6070874,32.37
1789849251.8949869,34.00
1789849252.1880374,34.24
1789849252.5126631,33.03
1789849252.8042266,34.22
1789849253.1269577,32.45
1789849253.423042,33.33
1789849253.7134314,33.98
1789849254.0372264,32.99
1789849254.3302171,33.71
1789849254.6233056,33.97
1789849254.9530098,32.71
1789849255.2399032,34.71
1789849255.5616698,33.19
1789849255.8559475,33.69
1789849256.1489656,33.93
1789849256.483794,32.15
1789849256.7763207,33.44
1789849257.1170065,31.47
1789849257.4308586,31.69
1789849257.7460372,31.69
1789849258.091576,30.80
1789849258.4111555,31.32
1789849258.7233403,32.08
1789849259.068931,31.35
1789849259.3835528,31.64
1789849259.7303152,30.55
1789849260.0461857,31.39
1789849260.3629289,31.89
1789849260.7073228,31.13
1789849261.0219297,31.59
1789849261.368737,30.40
1789849261.68405,31.48
1789849261.9989076,31.72
1789849262.3460948,30.86
1789849262.6650236,31.54
1789849263.0076525,30.23
1789849263.33956,30.38
1789849263.6531425,32.82
1789849263.9855983,32.30
1789849264.3057947,31.70
1789849264.6170416,32.00
1789849264.9965923,29.44
1789849265.3319545,29.69
1789849265.7143908,27.84
1789849266.0715044,28.06
1789849266.4163826,29.44
1789849266.7889547,28.68
1789849267.133173,29.66
1789849267.5303307,26.94
1789849267.8853683,28.62
1789849268.2267585,30.12
1789849268.60304,28.47
1789849268.937909,29.91
1789849269.2857194,29.59
1789849269.6644514,28.61
1789849270.0104613,28.92
1789849270.392102,27.80
1789849270.7480574,28.12
1789849271.0927513,28.96
1789849271.4711988,28.64
1789849271.8153265,29.30
1789849272.19936,27.50
1789849272.5444877,28.43
1789849272.886,29.11
1789849273.249714,28.86
1789849273.5747533,30.13
1789849273.9309864,29.17
1789849274.2508876,30.62
1789849274.5710688,31.09
1789849274.9288082,30.15
1789849275.2479532,31.01
1789849275.5641491,31.38
1789849275.9155214,30.72
1789849276.2472754,30.71
1789849276.5875187,30.61
1789849276.9099169,31.15
1789849277.229203,31.39
1789849277.5790837,30.67
1789849277.908,30.81
1789849278.251991,30.23
1789849278.5709133,31.35
1789849278.8918397,31.34
1789849279.2438188,30.31
1789849279.5686078,30.65
1789849279.8911397,30.86
1789849280.237856,31.49
1789849280.5569708,31.92
1789849280.9095356,30.09
1789849281.280552,30.08
1789849281.6216085,30.85
1789849281.9517293,31.99
1789849282.2614536,32.92
1789849282.5842762,32.67
1789849282.8988404,32.61
1789849283.2161713,32.24
1789849283.5668545,31.16
1789849283.8888054,31.14
1789849284.2060773,31.39
1789849284.5612366,31.65
1789849284.8767972,32.14
1789849285.2351968,30.01
1789849285.5492787,31.16
1789849285.8701077,31.13
1789849286.2223125,30.93
1789849286.5437737,31.30
1789849286.8933437,30.42
1789849287.2141893,31.13
1789849287.5352457,31.11
1789849287.890095,30.72
1789849288.2131455,31.27
1789849288.5550349,30.68
1789849288.8752477,31.30
1789849289.167291,34.36
1789849289.488853,33.07
1789849289.7854748,34.09
1789849290.0762,34.60
1789849290.3942242,33.94
1789849290.6893835,34.00
1789849291.016268,32.53
1789849291.3062341,34.51
1789849291.5989494,34.74
1789849291.9243872,33.32
1789849292.2172706,33.84
1789849292.5399077,32.30
1789849292.8352518,34.16
1789849293.1272304,34.72
1789849293.4485762,34.14
1789849293.7540324,34.12
1789849294.0412457,35.71
1789849294.3603663,34.38
1789849294.6539185,34.79
1789849294.971179,33.69
1789849295.2720344,33.33
1789849295.5647907,34.35
1789849295.889554,33.50
1789849296.1769493,34.53
1789849296.4980433,33.00
1789849296.793726,33.99
1789849297.0908995,33.96
1789849297.4103055,33.66
1789849297.699795,34.41
1789849298.0260446,34.37
1789849298.315451,34.76
1789849298.6131425,34.73
1789849298.9321232,33.64
1789849299.2255557,34.01
1789849299.528428,34.19
1789849299.8443651,34.36
1789849300.1374912,34.38
1789849300.46117,33.44
1789849300.7525876,34.22
1789849301.0443215,34.38
1789849301.3760056,33.17
1789849301.6665218,34.81
1789849301.985896,32.95
1789849302.279003,34.12
1789849302.5727186,34.40
1789849302.891459,33.38
1789849303.1908364,33.42
1789849303.4788833,35.62
1789849303.8018157,34.58
1789849304.0995731,34.41
1789849304.4186957,33.13
1789849304.710947,34.26
1789849305.0108063,34.48
1789849305.3289044,34.20
1789849305.6361504,34.18
1789849305.9444656,33.75
1789849306.234823,35.63
1789849306.5327673,36.36
1789849306.8725703,33.56
1789849307.165083,35.71
1789849307.465882,35.69
1789849307.7867062,34.60
1789849308.0585783,37.05
1789849308.3826082,35.29
1789849308.6811335,36.14
1789849308.9745383,35.79
1789849309.2859428,34.48
1789849309.581804,34.11
1789849309.9017045,33.50
1789849310.208572,33.25
1789849310.4921794,35.76
1789849310.8141835,34.18
1789849311.1127093,33.97
1789849311.4264424,33.30
1789849311.7208157,34.29
1789849312.0147784,34.24
1789849312.3443031,32.47
1789849312.6388173,34.30
1789849312.9282377,35.32
1789849313.247937,33.67
1789849313.5456085,34.84
1789849313.8719957,32.78
1789849314.161353,34.79
1789849314.4570327,34.98
1789849314.7763112,34.31
1789849315.066188,34.71
1789849315.3901677,32.92
1789849315.680743,34.04
1789849315.9783375,33.81
1789849316.2969909,33.52
1789849316.5909238,34.59
1789849316.8857687,34.25
1789849317.2127092,32.98
1789849317.5054026,34.40
1789849317.822428,33.22
1789849318.1156309,33.93
1789849318.4139366,34.29
1789849318.7308712,34.46
1789849319.0297327,34.55
1789849319.3473146,33.14
1789849319.6503508,33.85
1789849319.9446812,35.30
1789849320.258556,33.98
1789849320.5537865,34.34
1789849320.8714757,34.12
1789849321.1664026,34.34
1789849321.4602847,34.60
1789849321.7823894,33.83
1789849322.0935762,32.93
1789849322.4127154,32.07
1789849322.7644596,30.97
1789849323.085908,31.09
1789849323.446385,30.29
1789849323.7672186,32.03
1789849324.085355,32.78
1789849324.4373527,30.80
1789849324.7470744,32.40
1789849325.104512,30.54
1789849325.4272857,31.95
1789849325.7464132,31.59
1789849326.0987804,30.12
1789849326.4157593,31.17
1789849326.7381427,31.11
1789849327.0857294,30.56
1789849327.4081795,30.84
1789849327.7614985,30.09
1789849328.0841951,32.02
1789849328.4072468,32.60
1789849328.7568173,32.07
1789849329.0829592,31.93
1789849329.4354086,30.13
1789849329.7877393,30.48
1789849330.1352286,31.00
1789849330.4902637,31.16
1789849330.8378036,31.34
1789849331.1619906,32.97
1789849331.475134,32.68
1789849331.7830367,33.18
1789849332.1301634,31.77
1789849332.4431434,33.90
1789849332.747828,33.29
1789849333.111686,31.58
1789849333.424225,32.96
1789849333.7817945,30.84
1789849334.0994074,32.19
1789849334.4141119,31.91
1789849334.776345,30.49
1789849335.0883124,31.86
1789849335.434569,30.78
1789849335.7572365,31.57
1789849336.0832868,31.10
1789849336.4356742,31.16
1789849336.7541938,31.99
1789849337.0982916,30.62
1789849337.4298708,31.24
1789849337.7394483,32.16
1789849338.0928857,30.87
1789849338.4127007,31.15
1789849338.753557,31.07
1789849339.0915358,31.48
1789849339.4067907,31.77
1789849339.757665,30.34
1789849340.0757804,31.17
1789849340.3983865,31.47
1789849340.7554061,30.62
1789849341.073981,31.70
1789849341.4236207,30.17
1789849341.7437975,31.45
1789849342.0619593,31.48
1789849342.414464,30.30
1789849342.7368119,31.51
1789849343.066,31.12
1789849343.4050858,31.17
1789849343.727551,31.41
1789849344.0779414,30.21
1789849344.3974009,31.04
1789849344.7180212,31.39
1789849345.1004596,29.31
1789849345.4427967,31.33
1789849345.7461793,32.84
1789849346.0732327,32.32
1789849346.4046805,32.32
1789849346.7391565,31.56
1789849350.1097894,29.28
1789849350.4573426,29.69
1789849350.780137,30.65
1789849351.11039,30.50
1789849351.4647915,30.69
1789849351.835294,29.96
1789849352.1718438,31.85
1789849352.4904137,32.62
1789849352.795718,33.73
1789849353.126313,32.27
1789849353.4767327,31.72
1789849353.8151004,31.60
1789849354.1669204,31.42
1789849354.4705424,32.95
1789849354.7799394,33.13
1789849355.1296694,31.53
1789849355.437053,33.27
1789849355.7854052,31.56
1789849356.1065695,32.70
1789849356.4120033,32.98
1789849356.7648802,31.10
1789849357.0860965,31.48
1789849357.434207,30.33
1789849357.771929,30.52
1789849358.1144989,31.86
1789849358.4277093,32.39
1789849358.749675,31.70
1789849359.0968359,30.31
1789849359.4153616,31.42
1789849359.7345638,31.41
1789849360.0976973,29.76
1789849360.4077287,31.38
1789849360.7263641,31.39
1789849361.077528,30.71
1789849361.399425,31.53
1789849361.7512262,30.04
1789849362.068321,31.53
1789849362.3878374,31.35
1789849362.7544975,31.58
1789849363.0980752,31.99
1789849363.443675,31.68
1789849363.759014,32.65
1789849364.0586324,34.47
1789849364.392384,33.16
1789849364.7197134,32.37
1789849365.0320728,32.72
1789849365.346231,32.56
1789849365.6491697,33.05
1789849365.9884872,31.64
1789849366.2948802,32.28
1789849366.6032667,33.12
1789849366.9448965,32.74
1789849367.246054,34.35
1789849367.586314,31.86
1789849367.891796,32.43
1789849368.2005813,32.78
1789849368.5425951,31.72
1789849368.8719916,32.13
1789849369.1955063,31.81
1789849369.532445,32.31
1789849369.834979,33.90
1789849370.1370945,34.47
1789849370.4462373,33.58
1789849370.7618248,33.14
1789849371.1209605,31.40
1789849371.4340894,33.23
1789849371.7314,33.97
1789849372.0556033,32.93
1789849372.3779836,34.17
1789849372.6963732,35.31
1789849373.0201836,34.43
1789849373.3310394,34.59
1789849373.6122262,36.50
1789849373.8831224,37.64
1789849374.1957505,34.72
1789849374.5055315,35.08
1789849374.7948747,35.86
1789849375.092417,35.27
1789849375.3901198,34.62
1789849375.7099779,33.79
1789849376.003421,34.04
1789849376.293764,34.43
1789849376.6176443,33.35
1789849376.915203,34.68
1789849377.234311,33.87
1789849377.5296402,35.29
1789849377.8285415,34.42
1789849378.1425602,33.97
1789849378.4361033,34.10
1789849378.7546248,32.88
1789849379.0506964,33.73
1789849379.3460715,34.52
1789849379.6723282,33.23
1789849379.9661527,34.77
1789849380.2598822,34.83
1789849380.5902379,33.51
1789849380.8756196,35.09
1789849381.1954358,33.31
1789849381.4887037,34.38
1789849381.784531,34.48
1789849382.1009572,33.77
1789849383.666732,32.33
1789849383.9877312,32.16
1789849384.2891622,33.61
1789849384.5753858,35.05
1789849384.9027722,33.12
1789849385.190965,34.23
1789849385.515406,33.44
1789849385.806995,34.41
1789849386.101494,34.49
1789849386.4331195,32.60
1789849386.718783,34.73
1789849387.011492,34.72
1789849387.3360837,33.60
1789849387.627261,34.05
1789849387.9534347,32.33
1789849388.2488978,34.37
1789849388.5443883,34.98
1789849388.8612626,34.15
1789849389.1532526,34.75
1789849389.472406,33.25
1789849389.7681322,33.81
1789849390.0678484,34.66
1789849390.3897455,33.32
1789849390.678181,34.24
1789849390.9734738,34.16
1789849391.2938213,33.62
1789849391.5867581,34.18
1789849391.9115973,32.52
1789849392.2077572,34.05
1789849392.5035655,34.99
1789849392.8227692,33.79
1789849393.115127,34.50
1789849393.4387188,32.78
1789849393.7291062,33.88
1789849394.0224152,34.20
1789849394.3506925,32.52
1789849394.6462042,34.35
1789849394.946472,35.08
1789849395.2531724,34.37
1789849395.5571756,33.50
1789849395.8728862,33.05
1789849396.1604068,34.32
1789849396.4882445,33.69
1789849396.8194401,32.76
1789849397.1578138,32.11
1789849397.4928458,31.85
1789849397.7926738,33.91
1789849398.0828955,35.36
1789849398.3631988,36.90
1789849398.6346047,37.82
1789849398.9474509,34.57
1789849399.2618546,33.56
1789849399.5406659,35.65
1789849399.8664134,33.13
1789849400.1581445,34.21
1789849400.4496837,35.00
1789849400.7720683,34.09
1789849401.064242,34.30
1789849401.391055,33.14
1789849401.6795535,34.52
1789849401.9769642,35.51
1789849402.2933547,34.09
1789849402.585415,34.18
1789849402.9242315,32.91
1789849403.2351544,34.78
1789849403.5585284,34.10
1789849403.875919,34.20
1789849404.1702623,35.03
1789849404.4434183,37.06
1789849404.737075,35.26
1789849405.0482633,34.57
1789849405.365944,34.35
1789849405.6927423,33.83
1789849405.9724712,36.58
1789849406.2753131,35.64
1789849406.5518064,37.01
1789849406.8686848,34.12
1789849407.1623123,34.73
1789849407.456929,34.36
1789849407.7855744,33.46
1789849408.0744328,34.70
1789849408.4006507,32.09
1789849408.688875,34.19
1789849408.9807045,34.44
1789849409.3126414,32.54
1789849409.6287124,33.39
1789849409.9070008,36.52
1789849410.2180426,34.38
1789849410.515297,34.32
1789849410.8315616,33.64
1789849411.1239338,34.16
1789849411.4168632,34.22
1789849411.7464314,33.38
1789849412.0384562,34.74
1789849412.3621495,32.38
1789849412.6499827,34.29
1789849412.9415011,34.29
1789849413.2985606,31.11
1789849413.5761163,35.57
1789849413.8777645,35.17
1789849414.172268,34.63
1789849414.471773,35.09
1789849414.7946393,33.57
1789849415.0848758,34.23
1789849415.377245,34.55
1789849415.7074075,33.19
1789849418.9249938,32.75
1789849419.2446237,32.61
1789849419.540732,33.48
1789849419.845845,33.95
1789849420.1581821,33.56
1789849420.463926,33.14
1789849420.8105721,30.95
1789849421.1363297,31.23
1789849421.4525414,31.69
1789849421.8053467,30.41
1789849422.1260443,31.18
1789849422.4439204,31.59
1789849422.7951427,30.95
1789849423.1166186,31.17
1789849423.4727268,29.54
1789849423.8069878,31.33
1789849424.1179543,32.61
1789849424.4615498,31.46
1789849424.751615,34.81
1789849425.0756743,33.65
1789849425.3643496,34.53
1789849425.669518,33.63
1789849425.9778764,33.29
1789849426.2764058,33.80
1789849426.5926716,33.32
1789849426.8865523,34.19
1789849427.184335,34.69
1789849427.5019476,33.44
1789849427.7972312,34.43
1789849428.089068,34.51
1789849428.4160004,34.01
1789849428.741986,33.76
1789849429.0307076,34.59
1789849429.321369,34.34
1789849429.6259696,33.49
1789849429.9398675,33.70
1789849430.2303905,34.19
1789849430.5516376,32.66
1789849430.8528197,34.59
1789849431.147905,34.41
1789849431.463209,33.78
1789849431.7574384,33.97
1789849432.0502415,34.71
1789849432.371824,33.59
1789849432.6834073,34.37
1789849432.9960496,33.44
1789849433.2809193,35.12
1789849433.5780768,34.73
1789849433.8996632,33.84
1789849434.210798,34.14
1789849434.515659,35.27
1789849434.8125317,35.24
1789849435.1219835,34.75
1789849435.428452,35.15
1789849435.7347066,34.16
1789849436.0386276,35.09
1789849436.3336744,34.42
1789849436.628605,34.20
1789849436.9676378,32.25
1789849437.2483046,35.81
1789849437.558006,35.06
1789849437.8599513,34.57
1789849438.1518562,34.70
1789849438.4876873,32.19
1789849438.800588,34.21
1789849439.1308527,33.40
1789849439.4323945,35.73
1789849439.7026174,37.21
1789849440.0018337,36.05
1789849440.2907727,35.79
1789849440.5861075,34.95
1789849440.9120562,33.55
1789849441.208106,34.06
1789849441.5033457,34.17
1789849441.8266945,33.53
1789849442.1100676,34.55
1789849442.432725,32.77
1789849442.727896,33.85
1789849443.0194743,34.39
1789849443.341452,33.42
1789849443.639092,34.07
1789849443.9583457,32.61
1789849444.2529478,33.72
1789849444.5467381,33.89
1789849444.8680801,33.00
1789849445.1687973,34.49
1789849445.4658282,34.14
1789849445.8221452,32.49
1789849446.11505,35.23
1789849446.4094248,35.32
1789849446.7353613,34.50
1789849447.0634625,33.58
1789849447.3971143,33.01
1789849447.731471,32.59
1789849448.051122,34.28
1789849448.3643324,35.05
1789849448.6971788,33.17
1789849449.0160193,33.94
1789849449.3351626,34.06
1789849449.6523595,34.24
1789849449.9835377,33.82
1789849450.3151114,33.21
1789849450.6320913,33.81
1789849450.9562256,33.53
1789849453.8374946,31.02
1789849454.169818,32.49
1789849454.5029738,32.89
1789849454.8265917,33.10
1789849455.1539595,33.30
1789849455.4709857,34.11
1789849455.7969532,33.71
1789849456.1277974,33.35
1789849456.4628978,32.23
1789849456.7913747,32.88
1789849457.121731,33.13
1789849457.456544,34.18
1789849457.7853901,33.16
1789849458.1228082,32.84
1789849458.4703636,31.11
1789849458.7965164,32.98
1789849459.1145256,33.72
1789849459.4466996,33.01
1789849459.7701821,33.86
1789849460.0977535,33.16
1789849460.4314604,32.73
1789849460.7647061,32.26
1789849461.1014776,32.75
1789849461.4367583,32.18
1789849461.761338,33.64
1789849462.0894668,33.61
1789849462.4079008,34.25
1789849462.747091,32.90
1789849463.0687256,33.75
1789849463.4137528,33.18
1789849463.7316835,33.38
1789849464.062663,33.59
1789849464.3407826,36.10
1789849464.634619,35.94
1789849464.9195065,36.64
1789849465.2393866,34.73
1789849465.5584245,34.59
1789849465.8737113,33.87
1789849466.1783726,34.25
1789849466.493023,34.87
1789849466.8168368,34.23
1789849467.1368206,34.31
1789849467.4645345,34.16
1789849467.7729824,34.68
1789849468.1007886,33.88
1789849468.4242146,33.25
1789849468.738506,33.54
1789849469.0437448,33.49
1789849469.3401642,35.32
1789849469.6358156,36.20
1789849469.9592555,34.25
1789849470.2928696,34.04
1789849470.6187656,33.57
1789849470.9203506,34.10
1789849471.2029216,36.42
1789849471.5049944,36.35
1789849471.8257663,35.26
1789849472.1543589,34.54
1789849472.4735243,33.86
1789849472.8075597,32.89
1789849473.1261976,33.74
1789849473.4485848,33.67
1789849473.7738554,33.45
1789849474.0758061,34.83
1789849474.3902972,34.87
1789849474.6984599,35.02
1789849474.9902282,35.43
1789849475.2606425,37.29
1789849475.5472448,36.26
1789849475.863476,34.74
1789849476.1807363,34.78
1789849476.5093627,34.33
1789849476.8484185,33.26
1789849477.1649806,33.70
1789849477.4511924,35.73
1789849477.745109,36.00
1789849478.0326228,36.03
1789849478.32672,35.41
1789849478.6261754,35.99
1789849478.9516723,33.69
1789849479.2470875,35.53
1789849479.5147893,37.45
1789849479.8382595,34.64
1789849480.1373212,34.07
1789849480.4605498,33.11
1789849480.7492971,34.00
1789849481.0430148,34.26
1789849481.3708916,32.75
1789849481.661509,33.94
1789849481.9819515,32.22
1789849482.273436,33.59
1789849482.5700157,34.22
1789849482.8891954,33.37
1789849483.1837683,34.15
1789849483.5085251,33.22
1789849483.7987156,34.34
1789849484.0920238,34.53
1789849484.417653,33.09
1789849484.7083483,34.51
1789849485.0027914,34.43
1789849485.3249285,33.49
1789849485.6172285,33.97
1789849488.877019,31.22
1789849489.1755004,34.22
1789849489.4656582,34.69
1789849489.7915142,33.31
1789849490.081211,34.52
1789849490.4007819,32.80
1789849490.6999836,33.60
1789849490.9910383,34.14
1789849491.3314176,31.62
1789849491.6494384,32.18
1789849491.9836261,32.46
1789849492.3205218,31.37
1789849492.6411793,31.37
1789849492.9964542,29.64
1789849493.3118675,31.10
1789849493.6319263,31.55
1789849493.982363,30.72
1789849494.2825577,32.69
1789849494.6058364,31.87
1789849494.8986766,33.43
1789849495.1979983,34.23
1789849495.5160882,33.32
1789849495.8097498,33.95
1789849496.1133835,34.66
1789849496.4301553,34.67
1789849496.7183444,35.40
1789849497.0397062,33.75
1789849497.3459303,33.14
1789849497.6315165,35.65
1789849497.951477,34.30
1789849498.2427025,34.40
1789849498.569604,32.14
1789849498.8617797,34.14
1789849499.1524112,34.75
1789849499.473905,33.49
1789849499.7712991,34.70
1789849500.0882893,33.42
1789849500.3827157,33.93
1789849500.6872935,33.23
1789849501.0014071,33.30
1789849501.3020809,34.16
1789849501.5948873,34.42
1789849501.9117677,34.13
1789849502.2044828,34.49
1789849502.5250084,33.04
1789849502.818827,33.81
1789849503.1151896,33.86
1789849503.4419646,33.30
1789849503.7269502,35.35
1789849504.0561411,32.24
1789849504.353032,34.27
1789849504.6355984,35.72
1789849504.9643793,33.21
1789849505.2593734,33.95
1789849505.548063,34.76
1789849505.8787892,32.96
1789849506.1620977,34.87
1789849506.4845262,33.17
1789849506.7810998,33.99
1789849507.081794,33.99
1789849507.3964841,33.66
1789849507.6898737,34.23
1789849508.0125751,33.03
1789849508.305815,34.19
1789849508.5973825,34.68
1789849508.9189854,33.48
1789849509.2148013,34.04
1789849509.5339198,33.17
1789849509.8316045,33.81
1789849510.1219242,34.19
1789849510.4486654,32.70
1789849510.7406707,34.10
1789849511.0342479,34.15
1789849511.353958,33.56
1789849511.6504173,33.93
1789849511.973507,32.43
1789849512.2675154,34.74
1789849512.5623186,34.79
1789849512.8818905,34.05
1789849513.178745,34.58
1789849513.4961407,33.23
1789849513.7895415,34.50
1789849514.0816643,34.39
1789849514.4059298,32.97
1789849514.698092,33.91
1789849514.9974263,35.01
1789849515.3239152,33.85
1789849515.6108727,35.03
1789849515.9305584,33.49
1789849516.2249136,33.78
1789849516.5250843,34.24
1789849516.8412504,33.59
1789849517.1350837,34.37
1789849517.4564066,32.51
1789849517.7515671,33.93
1789849518.0429084,34.37
1789849518.3638973,33.32
1789849518.6654353,33.83
1789849518.9790258,33.98
1789849519.2770655,34.35
1789849519.5690043,34.47
1789849519.8904474,34.38
1789849520.1954563,34.20
1789849520.4925942,34.92
1789849520.8088071,34.57
1789849523.7701728,32.71
1789849524.0837677,33.19
1789849524.3770916,34.46
1789849524.7213683,32.67
1789849525.0328646,33.83
1789849525.32712,35.29
1789849525.6219938,35.18
1789849525.9016266,35.72
1789849526.1981876,35.17
1789849526.5153928,34.13
1789849526.8186262,34.05
1789849527.1124864,36.00
1789849527.4281008,34.63
1789849527.7167084,34.71
1789849528.044345,32.61
1789849528.3329906,34.28
1789849528.628301,34.66
1789849528.9563906,33.14
1789849529.2594182,34.62
1789849529.5720642,33.46
1789849529.8609998,34.53
1789849530.1534066,34.42
1789849530.4856927,32.62
1789849530.7797983,34.17
1789849531.0716898,34.33
1789849531.388515,33.93
1789849531.6795502,34.40
1789849532.0016901,33.00
1789849532.295867,33.74
1789849532.5881643,34.20
1789849532.9148502,34.23
1789849533.210848,35.07
1789849533.5303354,33.64
1789849533.8224368,34.20
1789849534.1155956,34.82
1789849534.4367385,33.78
1789849534.7291138,34.18
1789849535.0493696,34.36
1789849535.348004,34.39
1789849535.6389363,34.40
1789849535.9683044,32.74
1789849536.2587862,34.35
1789849536.5480952,34.63
1789849536.880395,33.31
1789849537.1687539,34.76
1789849537.490177,33.14
1789849537.781894,34.27
1789849538.0714185,34.63
1789849538.4008038,33.34
1789849538.6929982,33.92
1789849539.0107095,32.95
1789849539.306949,33.73
1789849539.6009345,34.08
1789849539.9249291,32.94
1789849540.2160058,33.92
1789849540.5074806,34.27
1789849540.8334327,34.50
1789849541.1233375,34.85
1789849541.4494648,33.10
1789849541.739258,34.08
1789849542.0390482,33.82
1789849542.3587732,33.17
1789849542.648658,34.26
1789849542.9750419,32.07
1789849543.26768,34.18
1789849543.55676,34.70
1789849543.8807461,33.34
1789849544.1807234,33.23
1789849544.4950795,33.23
1789849544.7943618,33.50
1789849545.0838616,34.19
1789849545.4120498,33.20
1789849545.7004013,34.40
1789849545.9915605,34.62
1789849546.3224006,33.53
1789849546.61382,34.29
1789849546.931387,33.38
1789849547.228544,33.98
1789849547.518956,34.53
1789849547.8407595,33.34
1789849548.1384873,33.72
1789849548.4612823,32.95
1789849548.7571044,33.76
1789849549.0427933,35.24
1789849549.3691137,33.01
1789849549.6654246,33.94
1789849549.9609697,34.86
1789849550.2797348,33.71
1789849550.5702446,34.61
1789849550.8921568,33.13
1789849551.1901455,33.57
1789849551.478967,34.24
1789849551.8005152,33.30
1789849552.1024287,34.34
1789849552.420323,32.83
1789849552.713846,34.49
1789849553.0065815,34.39
1789849553.328714,33.52
1789849553.6207502,34.11
1789849553.9400084,32.75
1789849554.241722,33.81
1789849554.5380793,34.16
1789849554.859471,33.65
1789849555.152294,34.93
1789849555.4412367,34.91
1789849555.7605379,34.25
1789849558.9942255,32.74
1789849559.3145676,32.82
1789849559.6081598,33.77
1789849559.9058433,33.63
1789849560.2297041,33.93
1789849560.5212088,35.17
1789849560.838597,33.51
1789849561.1350722,34.35
1789849561.428563,34.24
1789849561.7571304,32.37
1789849562.0472374,33.62
1789849562.3344169,34.84
1789849562.662877,33.58
1789849562.9566634,35.27
1789849563.275529,33.39
1789849563.5711353,34.33
1789849563.8602898,34.51
1789849564.1880095,33.44
1789849564.4778173,34.35
1789849564.798438,32.70
1789849565.0950258,34.29
1789849565.3900707,34.24
1789849565.7085712,33.42
1789849566.0117128,33.22
1789849566.2984092,34.96
1789849566.618407,33.87
1789849566.9130645,34.27
1789849567.235628,32.73
1789849567.5308409,33.98
1789849567.8275645,34.32
1789849568.14457,33.45
1789849568.4380703,34.49
1789849568.7670946,32.27
1789849569.0608854,34.18
1789849569.356123,35.02
1789849569.6735914,34.01
1789849569.9672527,34.14
1789849570.2834377,32.97
1789849570.5819147,34.23
1789849570.8718567,34.51
1789849571.199273,32.92
1789849571.4880984,34.29
1789849571.7884717,34.58
1789849572.105888,33.97
1789849572.398174,34.41
1789849572.7237344,32.55
1789849573.0147254,34.07
1789849573.308211,34.48
1789849573.6370318,32.81
1789849573.9215117,34.57
1789849574.2444081,32.65
1789849574.5463965,32.92
1789849574.8332887,35.00
1789849575.153557,33.49
1789849575.4460402,34.23
1789849575.747817,33.96
1789849576.0688198,33.24
1789849576.3583562,34.19
1789849576.680568,32.76
1789849576.972739,34.00
1789849577.2745435,34.54
1789849577.5933492,33.69
1789849577.8886478,34.64
1789849578.2074704,33.33
1789849578.4980757,33.96
1789849578.792468,34.75
1789849579.1172602,33.90
1789849579.4117136,34.46
1789849579.7286003,33.39
1789849580.0225685,33.95
1789849580.325144,33.77
1789849580.643555,33.23
1789849580.934336,34.13
1789849581.232736,34.17
1789849581.5484157,33.70
1789849581.8444803,33.89
1789849582.1760936,31.85
1789849582.4584684,34.49
1789849582.7525775,34.97
1789849583.0822783,32.95
1789849583.3724508,34.14
1789849583.6885474,33.42
1789849583.9851935,33.81
1789849584.276895,34.62
1789849584.601195,33.14
1789849584.901956,33.42
1789849585.20024,34.13
1789849585.5119715,34.53
1789849585.801324,34.76
1789849586.1362529,32.60
1789849586.4189374,34.97
1789849586.7159529,35.05
1789849587.042553,33.18
1789849587.3323402,34.22
1789849587.6549563,32.84
1789849587.9489923,33.86
1789849588.2393374,34.64
1789849588.5598032,33.34
1789849588.8598223,33.52
1789849589.1766474,34.04
1789849589.4726217,34.24
1789849589.7636037,35.00
1789849590.0855947,33.34
1789849590.3838842,33.85
1789849590.680266,34.12
1789849590.993915,33.99
1789849594.2279341,31.41
1789849594.5421839,32.90
1789849594.836443,34.23
1789849595.1289213,34.54
1789849595.4576406,32.94
1789849595.7497785,34.65
1789849596.0669327,33.54
1789849596.3644633,33.71
1789849596.6614435,33.89
1789849596.9825563,33.05
1789849597.2711463,34.34
1789849597.5658238,34.04
1789849597.8913884,33.60
1789849598.189697,33.93
1789849598.5062168,33.15
1789849598.7985597,34.30
1789849599.09481,34.07
1789849599.412803,33.46
1789849599.7072852,33.87
1789849600.03244,32.40
1789849600.3212113,34.59
1789849600.6172504,34.34
1789849600.9403715,33.20
1789849601.2303913,34.16
1789849601.5270088,33.82
1789849601.8503447,33.39
1789849602.1396239,34.63
1789849602.4658237,32.64
1789849602.759308,34.30
1789849603.0497692,34.46
1789849603.3781528,33.60
1789849603.6686811,34.28
1789849603.9880948,33.36
1789849604.2920668,33.74
1789849604.5792997,34.82
1789849604.899269,33.88
1789849605.1942286,34.45
1789849605.511597,33.49
1789849605.807453,33.96
1789849606.109079,33.94
1789849606.4253993,33.37
1789849606.7253764,33.76
1789849607.0158427,35.34
1789849607.3368049,33.87
1789849607.6265566,34.83
1789849607.9488328,33.27
1789849608.2529094,33.64
1789849608.5410688,34.77
1789849608.8610847,33.72
1789849609.1502862,34.52
1789849609.4811933,32.06
1789849609.7658803,34.25
1789849610.0601993,34.62
1789849610.3844845,33.43
1789849610.6791842,34.61
1789849610.9695733,34.88
1789849611.2912047,34.04
1789849611.599412,33.32
1789849611.90704,33.55
1789849612.2038965,34.17
1789849612.4955542,34.28
1789849612.8202147,33.71
1789849613.1147168,34.23
1789849613.435339,33.02
1789849613.7279673,33.85
1789849614.0246158,34.57
1789849614.3506393,33.37
1789849614.639515,34.60
1789849614.9576929,33.31
1789849615.2585804,33.82
1789849615.5467758,34.51
1789849615.86829,33.27
1789849616.1625278,33.90
1789849616.4634693,34.51
1789849616.7791133,34.12
1789849617.0699344,34.70
1789849617.4019067,32.17
1789849617.685367,34.58
1789849617.9825866,34.22
1789849618.3090851,33.32
1789849618.5988963,34.19
1789849618.916929,33.06
1789849619.2181954,33.87
1789849619.5060644,35.22
1789849619.8377478,32.74
1789849620.1284735,34.30
1789849620.4206197,34.72
1789849620.7368298,33.81
1789849621.030258,34.01
1789849621.3620489,31.89
1789849621.6545708,33.44
1789849621.940902,34.88
1789849622.2701929,33.25
1789849622.5579822,34.92
1789849622.8783402,33.17
1789849623.1744397,34.11
1789849623.472797,34.53
1789849623.7902777,33.30
1789849624.086124,34.36
1789849624.3766131,34.60
1789849624.6975882,33.75
1789849624.9967556,33.72
1789849625.3174603,33.70
1789849625.617912,33.69
1789849625.9037778,35.43
1789849626.2225528,34.50
1789849629.4496646,32.91
1789849629.772283,32.57
1789849630.0662763,33.43
1789849630.3702312,33.76
1789849630.6897693,34.08
1789849630.979537,34.82
1789849631.296102,34.08
1789849631.5970626,34.56
1789849631.8844936,35.30
1789849632.2114637,33.49
1789849632.499105,35.33
1789849632.793208,35.53
1789849633.1252184,33.00
1789849633.416005,34.38
1789849633.7362454,33.17
1789849634.0254917,34.47
1789849634.3181915,34.36
1789849634.6456697,33.08
1789849634.9372902,34.33
1789849635.257098,32.66
1789849635.5554054,33.46
1789849635.8455386,34.39
1789849636.1798563,32.50
1789849636.4997256,33.64
1789849636.795066,35.73
1789849637.0800884,35.66
1789849637.3718662,34.99
1789849637.6926856,33.08
1789849637.9850204,34.27
1789849638.278971,34.20
1789849638.6023753,33.42
1789849638.9015982,33.85
1789849639.2205274,32.98
1789849639.5134735,34.45
1789849639.8027928,34.78
1789849640.1266575,33.31
1789849640.4203825,34.27
1789849640.744291,33.94
1789849641.0379784,34.30
1789849641.3295453,34.68
1789849641.6517403,33.51
1789849641.9497762,33.70
1789849642.242085,34.49
1789849642.5606477,33.86
1789849642.8553548,33.99
1789849643.1810231,33.23
1789849643.4736414,33.96
1789849643.769902,33.98
1789849644.0861068,33.79
1789849644.3840597,34.42
1789849644.7027256,32.85
1789849644.9990735,34.13
1789849645.2927234,35.05
1789849645.6102257,33.83
1789849645.9052756,34.68
1789849646.199758,35.16
1789849646.5227113,34.21
1789849646.814307,34.34
1789849647.1422372,32.55
1789849647.4413438,34.27
1789849647.7264256,35.30
1789849648.047393,34.20
1789849648.3461406,34.43
1789849648.661152,33.34
1789849648.9566543,33.81
1789849649.250448,33.87
1789849649.57481,32.95
1789849649.865178,34.19
1789849650.1856136,33.97
1789849650.4863956,34.18
1789849650.7799115,34.10
1789849651.0981438,33.04
1789849651.3910763,33.92
1789849651.6828196,34.22
1789849652.0111372,33.10
1789849652.301603,34.34
1789849652.6221583,33.02
1789849652.9194207,33.80
1789849653.2100077,34.84
1789849653.531159,33.72
1789849653.8313093,34.37
1789849654.1466937,33.42
1789849654.4390001,34.23
1789849654.7375364,34.55
1789849655.061373,33.29
1789849655.352823,34.09
1789849655.6428328,34.40
1789849655.9728658,33.71
1789849656.2636435,34.45
1789849656.580331,33.61
1789849656.8818076,34.16
1789849657.1772666,34.76
1789849657.4931867,34.78
1789849657.792888,34.18
1789849658.1105773,33.08
1789849658.4017303,34.12
1789849658.701701,34.39
1789849659.0181985,33.38
1789849659.311427,34.08
1789849659.6113367,34.15
1789849659.933658,33.24
1789849660.2231402,34.31
1789849660.5442107,33.62
1789849660.8360074,33.98
1789849661.1380038,33.80
1789849661.4544463,34.07
1789849664.681029,33.36
1789849665.0006237,32.74
1789849665.291116,33.89
1789849665.5972157,33.92
1789849665.907961,33.85
1789849666.2007344,34.21
1789849666.5262759,32.44
1789849666.8217516,34.13
1789849667.110468,34.76
1789849667.4426625,32.56
1789849667.7282524,34.52
1789849668.0202034,34.87
1789849668.3450642,33.44
1789849668.6408167,35.00
1789849668.9629796,33.64
1789849669.2536943,34.33
1789849669.5452025,34.33
1789849669.8735764,33.00
1789849670.1619802,34.53
1789849670.4833546,32.78
1789849670.7777166,33.56
1789849671.0733378,34.43
1789849671.394099,33.71
1789849671.6903636,34.69
1789849671.9805925,34.64
1789849672.3065271,33.76
1789849672.5993323,34.42
1789849672.9189675,33.31
1789849673.2129405,33.81
1789849673.5040267,34.29
1789849673.8284345,33.47
1789849674.1288795,33.83
1789849674.4465852,33.81
1789849674.745044,33.80
1789849675.0329266,34.73
1789849675.3606992,33.08
1789849675.656286,34.60
1789849675.9675956,34.25
1789849676.2664394,33.94
1789849676.5564282,34.59
1789849676.8821695,32.81
1789849677.1801164,34.52
1789849677.4714582,34.59
1789849677.7899153,33.79
1789849678.0791295,34.49
1789849678.414422,31.87
1789849678.7018893,34.09
1789849678.9935038,34.42
1789849679.3135905,33.33
1789849679.6112745,33.44
1789849679.9332664,32.82
1789849680.2218459,34.83
1789849680.5209813,34.46
1789849680.8390412,33.65
1789849681.1408758,33.37
1789849681.4327948,34.44
1789849681.7543032,33.27
1789849682.0417485,34.40
1789849682.3687084,32.78
1789849682.6581047,34.24
1789849682.950465,34.59
1789849683.2766798,33.12
1789849683.5752296,34.27
1789849683.8898854,32.72
1789849684.1872952,33.95
1789849684.4767668,34.53
1789849684.8009257,33.56
1789849685.0931547,34.43
1789849685.412498,32.94
1789849685.7163632,32.85
1789849686.0096827,34.83
1789849686.3265166,33.79
1789849686.6200824,34.18
1789849686.912174,34.28
1789849687.2384021,33.67
1789849687.5305,34.73
1789849687.8501387,33.57
1789849688.141557,34.15
1789849688.44255,34.17
1789849688.761808,33.78
1789849689.0535326,34.16
1789849689.3730025,32.77
1789849689.6695998,33.89
1789849689.9601338,34.36
1789849690.2925882,33.31
1789849690.578353,35.50
1789849690.8761656,34.80
1789849691.1946762,33.75
1789849691.492778,34.26
1789849691.8136127,32.62
1789849692.1029117,34.24
1789849692.3995047,34.44
1789849692.7182932,33.59
1789849693.0123856,33.99
1789849693.3371153,32.21
1789849693.6292531,34.11
1789849693.9261298,34.67
1789849694.244023,33.56
1789849694.5383687,34.37
1789849694.8432314,33.80
1789849695.1537287,33.90
1789849695.4508739,33.98
1789849695.769612,33.46
1789849696.061623,34.21
1789849696.3567367,34.18
1789849699.6225533,30.01
1789849699.9077337,34.29
1789849700.2336586,32.55
1789849700.5234563,34.02
1789849700.8157423,34.25
1789849701.1482558,33.13
1789849701.4344199,34.45
1789849701.7525814,33.26
1789849702.0481966,33.89
1789849702.346135,34.24
1789849702.663648,33.71
1789849702.9559073,34.06
1789849703.2530074,34.55
1789849703.5750453,33.65
1789849703.8671653,34.37
1789849704.198878,32.11
1789849704.4834058,34.50
1789849704.7796597,34.54
1789849705.0985742,33.86
1789849705.3943448,34.60
1789849705.7152772,33.18
1789849706.0162842,33.37
1789849706.304671,34.31
1789849706.6252313,33.25
1789849706.9229112,33.55
1789849707.213779,34.73
1789849707.533897,33.56
1789849707.8292153,33.70
1789849708.1573966,32.14
1789849708.449243,33.71
1789849708.737498,34.62
1789849709.059325,33.55
1789849709.3539922,33.77
1789849709.6739154,32.83
1789849709.9781988,33.56
1789849710.26441,35.11
1789849710.589725,33.33
1789849710.8791745,34.60
1789849711.1979773,33.48
1789849711.494869,33.78
1789849711.79228,34.27
1789849712.1084542,33.94
1789849712.409486,34.26
1789849712.6991122,34.89
1789849713.0242927,33.47
1789849713.311734,34.93
1789849713.6363358,32.75
1789849713.938747,33.75
1789849714.2251744,35.09
1789849714.5465386,33.75
1789849714.838777,34.55
1789849715.1619427,32.74
1789849715.454971,33.87
1789849715.766943,33.24
1789849716.08494,33.98
1789849716.3738139,35.21
1789849716.659834,35.27
1789849716.980158,34.06
1789849717.272216,34.22
1789849717.5977817,33.02
1789849717.890502,33.87
1789849718.179931,34.48
1789849718.5084078,33.80
1789849718.8019516,34.52
1789849719.1239312,32.86
1789849719.4138677,34.00
1789849719.7132652,34.03
1789849720.0300016,33.64
1789849720.3223665,34.09
1789849720.6439235,33.61
1789849720.9377556,34.64
1789849721.2319877,34.31
1789849721.5580685,33.10
1789849721.8640056,33.44
1789849722.1524532,35.11
1789849722.468836,33.93
1789849722.7573297,34.94
1789849723.077902,33.24
1789849723.374917,33.97
1789849723.6747246,34.18
1789849723.9888391,34.00
1789849724.2842512,34.48
1789849724.6032882,33.23
1789849724.8985457,34.23
1789849725.1926727,34.17
1789849725.5167525,32.81
1789849725.8114214,33.94
1789849726.102186,34.32
1789849726.429958,34.15
1789849726.7191505,35.36
1789849727.0405767,33.59
1789849727.3365662,33.64
1789849727.6312885,34.21
1789849727.9535387,33.41
1789849728.2408926,34.32
1789849728.566789,32.64
1789849728.8591826,33.91
1789849729.1528816,34.19
1789849729.4839022,32.64
1789849729.7765276,34.27
1789849730.0659904,34.79
1789849730.38514,34.51
1789849730.677999,34.33
1789849731.0115712,32.40
1789849731.2992387,34.66
1789849731.5910277,34.70
1789849734.841731,30.22
1789849735.1358662,33.47
1789849735.4574058,32.57
1789849735.7514668,33.60
1789849736.0427122,34.09
1789849736.3696744,33.41
1789849736.664004,34.23
1789849736.9795582,33.19
1789849737.278475,33.80
1789849737.5700228,34.80
1789849737.8924687,33.21
1789849738.1907325,33.78
1789849738.485749,34.90
1789849738.8037302,34.82
1789849739.0945277,34.93
1789849739.4157832,33.38
1789849739.7144253,33.45
1789849740.0070534,34.64
1789849740.329137,33.89
1789849740.6203597,34.06
1789849740.9458294,32.18
1789849741.2347815,33.99
1789849741.526103,34.43
1789849741.8525321,34.05
1789849742.1445346,34.49
1789849742.435919,34.71
1789849742.7681756,33.91
1789849743.0564418,34.91
1789849743.3783677,33.07
1789849743.6725917,34.33
1789849743.9632244,34.48
1789849744.2868845,34.19
1789849744.5862803,34.25
1789849744.9067419,33.11
1789849745.1959114,34.56
1789849745.4904766,34.45
1789849745.8131442,33.69
1789849746.1040306,34.25
1789849746.4244993,32.87
1789849746.7245312,33.95
1789849747.0171847,34.18
1789849747.3351858,33.62
1789849747.6306849,34.43
1789849747.9223886,34.49
1789849748.2533193,32.85
1789849748.5446305,34.40
1789849748.8635817,32.96
1789849749.1640356,33.61
1789849749.451373,35.56
1789849749.770724,34.23
1789849750.0649447,34.22
1789849750.3877668,32.81
1789849750.6823385,33.76
1789849750.9778588,34.52
1789849751.2998562,33.82
1789849751.5965304,33.81
1789849751.882417,34.93
1789849752.212753,32.97
1789849752.501325,34.30
1789849752.8198705,33.25
1789849753.116272,34.34
1789849753.4140797,34.45
1789849753.7353995,33.56
1789849754.024377,34.50
1789849754.3476417,32.78
1789849754.6495998,32.89
1789849754.9391546,34.37
1789849755.2556462,33.84
1789849755.5501466,34.45
1789849755.8707361,33.36
1789849756.1716523,33.69
1789849756.4580138,34.85
1789849756.7875564,32.77
1789849757.0832078,34.13
1789849757.3747685,35.26
1789849757.6938963,34.21
1789849757.990432,34.28
1789849758.3086424,33.42
1789849758.6020827,34.01
1789849758.8922718,34.41
1789849759.2217586,33.15
1789849759.5117128,34.24
1789849759.8297026,33.28
1789849760.1290078,33.37
1789849760.4222596,34.67
1789849760.7419662,33.63
1789849761.0412252,34.00
1789849761.3345098,34.54
1789849761.6528869,33.62
1789849761.9432466,34.46
1789849762.2669048,32.91
1789849762.5641131,33.98
1789849762.8566413,34.16
1789849763.174249,33.45
1789849763.475337,33.71
1789849763.7958539,32.52
1789849764.0899243,33.67
1789849764.3951693,33.77
1789849764.6995587,35.06
1789849764.9987369,34.37
1789849765.2885885,34.45
1789849765.6211672,33.23
1789849765.9061644,34.87
1789849766.2284374,33.30
1789849766.5229566,34.35
1789849766.8129623,34.57
1789849770.0661864,32.04
1789849770.3571858,33.60
1789849770.6854498,32.34
1789849770.9775,34.16
1789849771.2668033,34.36
1789849771.5972557,33.54
1789849771.883636,34.67
1789849772.2032104,33.43
1789849772.5000112,33.78
1789849772.800146,34.31
1789849773.1153352,33.81
1789849773.4118612,34.19
1789849773.709617,34.11
1789849774.025933,33.53
1789849774.3189368,34.00
1789849774.6459265,31.99
1789849774.9361625,33.67
1789849775.2264218,34.19
1789849775.5492768,33.34
1789849775.8469894,34.45
1789849776.1693227,32.39
1789849776.4590473,34.55
1789849776.7565641,34.14
1789849777.0742452,33.70
1789849777.36872,34.44
1789849777.6610746,34.57
1789849777.9858778,33.39
1789849778.279338,33.77
1789849778.605797,33.45
1789849778.8944838,34.66
1789849779.1905472,34.36
1789849779.5099847,33.67
1789849779.8046603,33.87
1789849780.1252887,32.75
1789849780.4264708,33.02
1789849780.7164872,34.27
1789849781.0334556,33.74
1789849781.3304737,34.01
1789849781.6484768,32.71
1789849781.9495368,33.67
1789849782.238662,34.43
1789849782.568183,32.56
1789849782.854485,34.83
1789849783.148113,34.49
1789849783.4704158,33.40
1789849783.777531,33.60
1789849784.0893323,33.37
1789849784.3805957,33.93
1789849784.6723454,34.26
1789849784.998342,33.69
1789849785.296661,34.24
1789849785.6122992,33.20
1789849785.9071567,34.61
1789849786.199834,34.48
1789849786.519619,33.24
1789849786.8143773,34.75
1789849787.11527,34.39
1789849787.4382184,33.35
1789849787.7227294,35.09
1789849788.0485249,32.97
1789849788.3416872,34.62
1789849788.6321034,35.04
1789849788.9619665,32.88
1789849789.2521167,33.93
1789849789.5761218,32.54
1789849789.8654559,33.86
1789849790.1589808,34.40
1789849790.4813533,33.51
1789849790.774187,33.89
1789849791.0940273,32.63
1789849791.3892453,34.14
1789849791.6828878,34.34
1789849792.0099745,32.73
1789849792.3039057,35.05
1789849792.5942326,35.48
1789849792.9146018,34.33
1789849793.2100556,34.74
1789849793.5331964,33.08
1789849793.8248844,34.22
1789849794.1196203,34.69
1789849794.4405322,34.50
1789849794.7349315,34.14
1789849795.054099,32.79
1789849795.35674,33.31
1789849795.6666694,33.50
1789849795.9705992,33.62
1789849796.266703,34.70
1789849796.5542617,35.57
1789849796.8754444,34.28
1789849797.1706383,34.31
1789849797.4991415,32.88
1789849797.7848709,35.51
1789849798.081885,35.31
1789849798.4031005,33.81
1789849798.6973279,34.21
1789849799.0196338,32.60
1789849799.3159559,34.08
1789849799.6035008,34.90
1789849799.9251325,33.45
1789849800.2236638,34.46
1789849800.5220425,34.68
1789849800.8353481,34.56
1789849801.1290038,34.72
1789849801.4496346,34.06
1789849801.7480662,34.18
1789849802.0383346,34.53
1789849805.3000133,31.87
1789849805.5915384,34.63
1789849805.9095862,33.78
1789849806.2095926,34.17
1789849806.4975407,34.79
1789849806.8257177,33.09
1789849807.1139557,34.16
1789849807.4334266,32.90
1789849807.731689,33.63
1789849808.028238,33.94
1789849808.3517873,33.22
1789849808.6655884,33.77
1789849808.9404294,36.69
1789849809.2605271,34.61
1789849809.547416,34.90
1789849809.8772957,32.35
1789849810.1665337,34.23
1789849810.4581923,34.41
1789849810.7794793,33.78
1789849811.073519,34.04
1789849811.3968158,32.46
1789849811.6973455,33.26
1789849811.9889302,34.79
1789849812.3088279,33.57
1789849812.6004689,34.19
1789849812.8916676,34.69
1789849813.215689,33.43
1789849813.5118446,34.23
1789849813.8315096,33.84
1789849814.1248386,34.43
1789849814.4209998,34.00
1789849814.744297,32.93
1789849815.0340183,34.76
1789849815.355533,33.09
1789849815.6554084,34.06
1789849815.9502916,34.24
1789849816.2650688,33.86
1789849816.5646334,33.58
1789849816.8794472,33.06
1789849817.177293,33.72
1789849817.467498,34.17
1789849817.791637,33.19
1789849818.084095,34.39
1789849818.3808992,34.11
1789849818.701357,33.46
1789849818.9991794,33.99
1789849819.3166876,32.97
1789849819.6095042,33.88
1789849819.9032521,33.97
1789849820.2295032,33.38
1789849820.5286357,34.06
1789849820.843012,32.95
1789849821.1363688,33.87
1789849821.4321787,34.31
1789849821.751875,33.52
1789849822.0444715,34.03
1789849822.3358765,34.36
1789849822.6660168,33.23
1789849822.9598908,34.40
1789849823.2769995,33.54
1789849823.572991,33.99
1789849823.8651683,34.23
1789849824.1851916,33.40
1789849824.4811637,33.92
1789849824.8025959,32.39
1789849825.0936894,33.94
1789849825.3864121,34.13
1789849825.7172441,32.49
1789849826.0060217,34.24
1789849826.324089,32.94
1789849826.6205845,34.34
1789849826.915509,34.63
1789849827.23872,33.45
1789849827.528848,35.15
1789849827.822074,34.79
1789849828.1525571,33.59
1789849828.4395387,34.95
1789849828.7660785,33.21
1789849829.058028,34.16
1789849829.3492548,34.91
1789849829.6679547,34.06
1789849829.9641879,33.92
1789849830.2842898,32.99
1789849830.5884318,33.87
1789849830.8793225,35.28
1789849831.1939538,34.65
1789849831.4878392,34.54
1789849831.7946227,33.41
1789849832.122729,33.01
1789849832.40055,35.85
1789849832.719524,34.00
1789849833.0138893,34.51
1789849833.3088818,34.47
1789849833.666879,31.34
1789849834.0045218,32.16
1789849834.340391,32.36
1789849834.6518755,34.34
1789849834.9689918,33.79
1789849835.2492602,36.16
1789849835.5348265,36.63
1789849835.830624,35.28
1789849836.1248748,34.65
1789849836.423461,34.21
1789849836.743712,33.04
1789849837.0329325,34.57
1789849837.3541927,32.86
1789849840.5859513,32.43
1789849840.881745,33.57
1789849841.2035613,32.79
1789849841.5030754,33.19
1789849841.790052,34.56
1789849842.1130626,33.94
1789849842.4031792,34.59
1789849842.7327979,32.33
1789849843.0251095,34.61
1789849843.3139403,35.00
1789849843.636764,33.61
1789849843.9315104,34.02
1789849844.2496676,32.94
1789849844.5549796,33.94
1789849844.844138,34.78
1789849845.1654382,33.33
1789849845.4547403,34.31
1789849845.747285,34.34
1789849846.07246,33.70
1789849846.3663929,34.16
1789849846.687059,33.13
1789849846.98622,33.34
1789849847.2825675,34.40
1789849847.5953383,33.83
1789849847.8958528,33.42
1789849848.2132022,32.59
1789849848.5048337,34.25
1789849848.7989035,34.31
1789849849.1271036,33.21
1789849849.4197624,33.94
1789849849.7066376,34.73
1789849850.0319915,33.55
1789849850.3246956,33.97
1789849850.65251,32.85
1789849850.9603193,33.64
1789849851.264342,34.36
1789849851.576951,33.66
1789849851.8625526,35.14
1789849852.1855206,33.34
1789849852.4665473,34.92
1789849852.7564785,34.87
1789849853.0817897,34.18
1789849853.378774,34.51
1789849853.695353,34.08
1789849853.994959,33.73
1789849854.2840922,34.52
1789849854.6111903,32.78
1789849854.900717,34.45
1789849855.1959147,34.44
1789849855.5162182,33.63
1789849855.815377,33.44
1789849856.1321962,33.06
1789849856.4327128,33.12
1789849856.725884,34.47
1789849857.0412707,33.99
1789849857.3346496,34.35
1789849857.6612175,32.17
1789849857.9554641,33.63
1789849858.2444258,34.71
1789849858.565857,33.54
1789849858.8628962,34.23
1789849859.1577997,34.47
1789849859.4761682,33.54
1789849859.7709901,34.34
1789849860.0964437,32.55
1789849860.3862154,33.92
1789849860.680998,34.02
1789849861.0087576,33.31
1789849861.3019247,34.05
1789849861.6182716,33.29
1789849861.9148934,34.26
1789849862.2032766,34.63
1789849862.5255134,33.50
1789849862.8251827,34.46
1789849863.1408224,33.63
1789849863.439349,33.88
1789849863.729721,34.61
1789849864.056097,32.86
1789849864.3527393,34.42
1789849864.6405923,35.45
1789849864.963798,33.98
1789849865.2531173,34.53
1789849865.5754406,33.06
1789849865.8747516,33.78
1789849866.1691766,35.02
1789849866.4865525,33.97
1789849866.78318,34.20
1789849867.1045399,32.95
1789849867.3942313,34.30
1789849867.6925488,33.94
1789849868.0106928,33.49
1789849868.3052042,34.31
1789849868.5985162,34.37
1789849868.923227,33.84
1789849869.217652,34.90
1789849869.542771,32.88
1789849869.8323913,34.21
1789849870.1499152,33.38
1789849870.4551036,33.95
1789849870.7435303,35.51
1789849871.0629172,33.12
1789849871.3563592,33.94
1789849871.649687,34.25
1789849871.9748628,33.27
1789849872.273765,33.92
1789849872.585489,33.87
1789849875.844234,31.80
1789849876.1700382,32.54
1789849876.4774857,33.86
1789849876.7554598,36.11
1789849877.0440533,36.12
1789849877.3403296,34.86
1789849877.6342745,34.73
1789849877.9588287,33.32
1789849878.2488189,34.34
1789849878.5434148,35.30
1789849878.864749,33.74
1789849879.1656654,33.79
1789849879.4790225,33.46
1789849879.7727108,34.10
1789849880.0678477,34.43
1789849880.390545,33.12
1789849880.6840184,33.74
1789849880.9874551,33.71
1789849881.2979393,33.90
1789849881.5971959,35.00
1789849881.9174192,33.62
1789849882.2267525,33.55
1789849882.509912,35.00
1789849882.827733,33.57
1789849883.1162696,34.93
1789849883.4426436,32.66
1789849883.7578008,33.62
1789849884.0675087,34.11
1789849884.3604872,35.35
1789849884.6507092,35.13
1789849884.9437153,35.92
1789849885.2714062,34.46
1789849885.5689857,36.10
1789849885.8912106,34.16
1789849886.1935198,35.16
1789849886.51147,34.31
1789849886.8366346,33.51
1789849887.1356494,35.10
1789849887.4527583,34.15
1789849887.761165,34.74
1789849888.0548668,36.03
1789849888.370273,34.99
1789849888.6712835,35.91
1789849888.9861526,35.46
1789849889.2923725,35.29
1789849889.596922,35.39
1789849889.8831468,36.62
1789849890.1761966,35.89
1789849890.4635227,35.95
1789849890.7805445,35.50
1789849891.0721664,35.97
1789849891.3871865,34.30
1789849891.6869879,34.77
1789849891.9805105,34.81
1789849892.2976158,34.13
1789849892.596364,33.93
1789849892.917586,32.95
1789849893.2068794,34.57
1789849893.5060434,33.94
1789849893.825702,33.25
1789849894.117559,34.31
1789849894.4379249,32.85
1789849894.7354734,33.81
1789849895.0287824,34.22
1789849895.3528798,32.88
1789849895.6489792,33.69
1789849895.9382968,34.56
1789849896.2657306,33.34
1789849896.5551078,34.55
1789849896.8731577,33.44
1789849897.178818,33.11
1789849897.4656794,34.68
1789849897.7841334,33.67
1789849898.0800607,34.06
1789849898.4032917,32.45
1789849898.7018843,33.14
1789849898.9878387,34.45
1789849899.312033,33.65
1789849899.6121144,33.58
1789849899.9097195,33.68
1789849900.2179725,34.01
1789849900.5170774,34.21
1789849900.83373,33.51
1789849901.1287155,33.89
1789849901.4229565,34.05
1789849901.7467682,33.69
1789849902.0381281,34.36
1789849902.3635573,32.69
1789849902.654041,33.98
1789849902.954093,34.24
1789849903.269983,33.86
1789849903.5613942,34.59
1789849903.8830934,32.73
1789849904.1834016,34.00
1789849904.47364,34.40
1789849904.797236,33.14
1789849905.092236,34.39
1789849905.3811905,34.88
1789849905.704541,33.75
1789849905.9979146,34.33
1789849906.3225012,33.05
1789849906.6155205,33.82
1789849906.9077637,34.12
1789849907.2311697,33.38
1789849907.5260425,34.15
1789849910.776937,31.17
1789849911.0745738,33.94
1789849911.3661325,34.56
1789849911.69279,33.42
1789849911.9803848,34.70
1789849912.2728546,34.53
1789849912.6081033,33.94
1789849912.891797,35.62
1789849913.2189713,33.56
1789849913.5071456,34.53
1789849913.7986212,34.57
1789849914.1261253,33.46
1789849914.4210331,34.69
1789849914.7408807,32.85
1789849915.0345123,33.80
1789849915.327372,34.19
1789849915.645748,33.54
1789849915.9404404,33.85
1789849916.2621393,33.16
1789849916.5598555,34.05
1789849916.8530338,34.32
1789849917.1731844,33.34
1789849917.464414,33.98
1789849917.7617424,34.37
1789849918.087847,33.17
1789849918.3759499,34.68
1789849918.7056499,32.33
1789849918.9921274,34.74
1789849919.2836385,34.96
1789849919.6088846,33.53
1789849919.9125926,34.15
1789849920.2209697,34.09
1789849920.515569,34.55
1789849920.8147457,34.17
1789849921.1345115,33.14
1789849921.4257104,34.23
1789849921.7220595,34.39
1789849922.0441387,33.40
1789849922.3363996,34.01
1789849922.6605978,33.17
1789849922.9546375,34.88
1789849923.2477517,34.50
1789849923.5727367,33.53
1789849923.8602345,34.36
1789849924.1889307,32.10
1789849924.4826262,34.72
1789849924.7751818,34.75
1789849925.1006832,33.83
1789849925.3857863,34.64
1789849925.6804342,34.30
1789849926.0039153,34.24
1789849926.3004313,34.06
1789849926.6173081,33.48
1789849926.9214118,33.36
1789849927.2073033,34.58
1789849927.526755,34.03
1789849927.8253763,33.57
1789849928.1461527,33.18
1789849928.4410937,34.37
1789849928.7286367,34.57
1789849929.0531468,34.21
1789849929.3449237,34.44
1789849929.6664565,32.77
1789849929.9669313,34.31
1789849930.2589557,35.11
1789849930.5787535,33.68
1789849930.8749654,33.60
1789849931.1720288,34.07
1789849931.4881198,34.09
1789849931.7835367,34.32
1789849932.1041896,33.02
1789849932.4028652,33.72
1789849932.6951632,34.79
1789849933.013891,33.70
1789849933.309644,34.18
1789849933.6271355,32.90
1789849933.9219944,33.75
1789849934.214312,34.10
1789849934.544243,33.06
1789849934.8342993,33.97
1789849935.1280072,34.51
1789849935.455503,33.14
1789849935.7417727,34.79
1789849936.0626154,33.11
1789849936.3660283,34.11
1789849936.6538663,35.22
1789849936.9748812,33.83
1789849937.2729747,33.86
1789849937.59006,33.23
1789849937.89134,33.06
1789849938.1789427,34.44
1789849938.4981146,33.84
1789849938.7904727,34.16
1789849939.1121337,32.73
1789849939.4104702,34.19
1789849939.7005918,34.41
1789849940.0260181,33.11
1789849940.3178113,33.91
1789849940.619133,33.36
1789849940.935324,33.50
1789849941.2257895,34.31
1789849941.55557,32.25
1789849941.844203,35.02
1789849942.1360517,35.63
1789849942.4652386,33.25
1789849942.7579646,35.31
1789849946.0062606,30.58
1789849946.3053782,33.00
1789849946.59317,34.87
1789849946.914632,33.45
1789849947.2129316,33.57
1789849947.516048,33.47
1789849947.8239663,33.99
1789849948.1225991,34.48
1789849948.443482,33.05
1789849948.7378092,33.58
1789849949.0301874,34.93
1789849949.3529081,33.74
1789849949.6495209,33.60
1789849949.964864,32.77
1789849950.2629373,33.83
1789849950.5546818,34.43
1789849950.8836305,32.63
1789849951.1702638,34.76
1789849951.4890478,33.14
1789849951.7897692,34.17
1789849952.0780387,35.14
1789849952.4008875,33.38
1789849952.6943216,34.62
1789849952.9874237,34.40
1789849953.3171182,33.15
1789849953.6064496,34.40
1789849953.9287498,33.02
1789849954.2202237,34.06
1789849954.5128853,34.28
1789849954.8428168,32.86
1789849955.1340888,34.35
1789849955.4490952,33.62
1789849955.7488108,33.97
1789849956.0394015,34.64
1789849956.3689096,32.75
1789849956.6526663,34.83
1789849956.9478574,34.89
1789849957.2737935,33.37
1789849957.5635116,34.75
1789849957.8895373,33.00
1789849958.1784334,34.13
1789849958.4743032,34.30
1789849958.7939548,33.74
1789849959.088475,33.97
1789849959.4160259,32.56
1789849959.7066576,34.07
1789849959.9978154,34.53
1789849960.3250477,33.47
1789849960.6149855,34.35
1789849960.90853,34.67
1789849961.2300026,33.78
1789849961.5268757,35.01
1789849961.8497396,33.72
1789849962.1782858,33.56
1789849962.4560263,36.28
1789849962.7553005,34.92
1789849963.0487022,34.34
1789849963.3744977,33.16
1789849963.6824872,34.48
1789849963.9866276,35.30
1789849964.2826004,34.95
1789849964.582981,34.72
1789849964.8943367,33.93
1789849965.2085514,34.12
1789849965.50792,35.46
1789849965.8129141,34.13
1789849966.1063814,34.88
1789849966.3980696,35.72
1789849966.7187135,34.12
1789849967.0097609,35.22
1789849967.3374515,32.67
1789849967.6290057,33.86
1789849967.9231687,34.66
1789849968.2419956,33.92
1789849968.5461798,33.29
1789849968.86094,33.10
1789849969.1535208,33.82
1789849969.4506896,33.69
1789849969.7694263,33.82
1789849970.0596175,34.59
1789849970.3515046,34.64
1789849970.6882284,33.18
1789849970.975164,35.38
1789849971.29223,33.72
1789849971.5866916,34.52
1789849971.886903,34.32
1789849972.2049394,33.69
1789849972.5242994,33.46
1789849972.8557792,32.42
1789849973.134898,35.51
1789849973.417169,36.27
1789849973.7276876,35.28
1789849974.027771,34.74
1789849974.3402715,33.94
1789849974.6340754,34.41
1789849974.9292715,34.24
1789849975.2595289,32.93
1789849975.5695107,34.21
1789849975.9074273,33.36
1789849976.218028,33.60
1789849976.5012035,36.15
1789849976.7975023,35.57
1789849977.0794375,36.53
1789849977.3679576,36.31
1789849977.689109,34.24
1789849977.978451,35.01
1789849981.2385774,30.05
1789849981.53209,33.41
1789849981.818951,34.44
1789849982.1438577,33.27
1789849982.4389722,34.81
1789849982.7283854,34.57
1789849983.0550497,33.44
1789849983.348692,34.21
1789849983.6815298,31.93
1789849984.0047033,32.88
1789849984.2882526,35.37
1789849984.578639,35.05
1789849984.8873792,34.52
1789849985.204603,33.21
1789849985.5210724,34.25
1789849985.8385205,33.96
1789849986.1622684,33.72
1789849986.494285,33.31
1789849986.7854164,35.21
1789849987.0618172,36.98
1789849987.345193,36.66
1789849987.6796527,33.77
1789849988.006027,33.46
1789849988.332373,32.79
1789849988.6396565,35.06
1789849988.9192865,36.86
1789849989.2166839,35.78
1789849989.531248,34.71
1789849989.8436592,34.86
1789849990.13228,35.54
1789849990.4151583,36.66
1789849990.7107208,35.36
1789849991.0014153,34.91
1789849991.3005178,34.04
1789849991.6230538,33.00
1789849991.9143722,33.98
1789849992.2321877,32.92
1789849992.5302546,33.98
1789849992.8277192,33.75
1789849993.145129,33.24
1789849993.4429927,34.91
1789849993.7566266,33.62
1789849994.0722609,33.84
1789849994.3721585,34.80
1789849994.6778512,35.58
1789849994.9679494,35.58
1789849995.282768,34.28
1789849995.5898192,34.98
1789849995.908447,34.34
1789849996.1920738,35.58
1789849996.4930415,34.10
1789849996.7862332,34.16
1789849997.1113012,32.75
1789849997.415739,34.73
1789849997.7265532,34.76
1789849998.0224798,35.14
1789849998.3083978,35.81
1789849998.6318681,33.63
1789849998.925694,34.24
1789849999.2149758,34.45
1789849999.5395231,33.95
1789849999.8317513,34.38
1789850000.1540575,32.90
1789850000.45145,33.53
1789850000.765586,33.85
1789850001.087428,33.24
1789850001.4026911,34.54
1789850001.70119,34.96
1789850001.9851518,35.47
1789850002.2719471,35.72
1789850002.5960119,34.75
1789850002.889291,35.28
1789850003.1830668,34.83
1789850003.5004454,34.47
1789850003.8045802,34.65
1789850004.119686,33.77
1789850004.4142172,34.59
1789850004.7147276,35.21
1789850005.0566192,32.82
1789850005.3574262,34.73
1789850005.689758,33.79
1789850006.007267,34.06
1789850006.2964363,35.38
1789850006.5851057,35.65
1789850006.8560116,37.52
1789850007.1400084,36.26
1789850007.4578228,34.38
1789850007.75186,34.23
1789850008.0777493,33.53
1789850008.3756702,33.78
1789850008.6609123,34.74
1789850008.9883428,32.94
1789850009.2801237,34.69
1789850009.5999632,32.99
1789850009.9042695,33.08
1789850010.1860964,34.89
1789850010.508754,33.38
1789850010.8125138,33.88
1789850011.1013608,34.71
1789850011.417411,34.34
1789850011.7121778,34.13
1789850012.0354142,32.77
1789850012.3285437,34.21
1789850012.6256573,33.88
1789850012.9464366,33.69
1789850013.2399628,34.37
1789850016.4931633,31.27
1789850016.795196,33.07
1789850017.0855703,35.35
1789850017.407626,33.74
1789850017.7046568,33.84
1789850018.0168657,33.34
1789850018.315234,33.92
1789850018.6117213,34.25
1789850018.9302711,33.32
1789850019.2491379,32.80
1789850019.5788493,32.81
1789850019.9012983,33.23
1789850020.2255151,33.39
1789850020.5497413,33.50
1789850020.8732414,33.78
1789850021.1953762,33.50
1789850021.5261133,33.36
1789850021.8265882,35.66
1789850022.1094375,36.37
1789850022.4094954,35.42
1789850022.7226033,34.71
1789850023.0146132,35.62
1789850023.3119159,34.98
1789850023.6241872,33.90
1789850023.9264438,34.52
1789850024.2118444,35.00
1789850024.541464,33.17
1789850024.8550444,32.71
1789850025.1505299,33.80
1789850025.4411745,34.72
1789850025.7402864,34.45
1789850026.0649753,33.41
1789850026.3931518,33.28
1789850026.6677608,36.33
1789850026.967371,34.89
1789850027.2712367,34.66
1789850027.5806413,34.30
1789850027.8756022,34.17
1789850028.1680315,34.13
1789850028.494427,33.48
1789850028.7832656,34.66
1789850029.113535,32.23
1789850029.4011486,33.86
1789850029.7011032,34.08
1789850030.0352762,32.73
1789850030.3173873,35.64
1789850030.6314278,34.60
1789850030.92559,35.01
1789850031.2194128,34.68
1789850031.5532484,32.85
1789850031.8422065,34.54
1789850032.1605117,35.08
1789850032.4494455,35.49
1789850032.7750032,32.83
1789850033.0753443,33.63
1789850033.3632097,35.18
1789850033.6612773,35.02
1789850034.0076525,33.36
1789850034.3314643,32.93
1789850034.622216,35.01
1789850034.9190776,35.23
1789850035.1839747,37.56
1789850035.5039399,34.44
1789850035.7976348,34.35
1789850036.0881956,34.74
1789850036.41066,33.58
1789850036.7041068,34.10
1789850037.0287235,32.55
1789850037.3213038,33.62
1789850037.6209803,33.40
1789850037.940769,32.97
1789850038.2296066,34.55
1789850038.5529437,33.22
1789850038.8441188,34.09
1789850039.1371021,34.32
1789850039.4634037,33.11
1789850039.7542868,34.26
1789850040.0756176,32.60
1789850040.3743243,33.39
1789850040.6633213,34.39
1789850040.9861972,33.15
1789850041.2787337,33.87
1789850041.5741727,34.52
1789850041.901197,33.88
1789850042.188951,35.43
1789850042.5153844,32.93
1789850042.8055377,34.02
1789850043.117354,34.07
1789850043.4214,34.75
1789850043.7139275,34.41
1789850044.0371368,33.19
1789850044.3351734,34.15
1789850044.6275547,34.52
1789850044.946705,33.57
1789850045.2466583,34.05
1789850045.5518963,34.34
1789850045.872081,33.17
1789850046.1599524,34.83
1789850046.4906378,33.68
1789850046.7760425,35.47
1789850047.0612211,35.64
1789850047.3802118,34.04
1789850047.6779141,34.53
1789850047.9973555,32.62
1789850048.2960758,33.11
1789850051.5144744,31.17
1789850051.8350937,32.27
1789850052.1277146,33.42
1789850052.447975,33.17
1789850052.74624,34.23
1789850053.0384464,34.61
1789850053.3572052,33.57
1789850053.650823,33.93
1789850053.9521961,34.74
1789850054.2716887,34.46
1789850054.5606098,34.67
1789850054.8846805,32.76
1789850055.1784225,33.66
1789850055.488214,34.45
1789850055.7947776,34.66
1789850056.0871944,34.52
1789850056.4076076,33.33
1789850056.7014086,33.89
1789850056.996694,33.95
1789850057.325851,32.78
1789850057.6104987,34.39
1789850057.9039135,34.68
1789850058.2260828,33.73
1789850058.5268483,34.20
1789850058.842324,33.13
1789850059.1374264,33.73
1789850059.4335368,34.46
1789850059.7564497,33.85
1789850060.0453372,34.39
1789850060.3781314,32.03
1789850060.6625903,34.10
1789850060.954763,34.43
1789850061.284087,32.66
1789850061.5726023,33.88
1789850061.8659897,34.38
1789850062.1898494,34.24
1789850062.4850202,35.49
1789850062.8073432,33.44
1789850063.110275,34.56
1789850063.3954585,36.13
1789850063.7179143,33.99
1789850064.0111606,34.82
1789850064.3313222,33.36
1789850064.6221442,34.09
1789850064.936425,33.95
1789850065.2400408,34.36
1789850065.533979,34.34
1789850065.8530824,33.65
1789850066.148706,33.86
1789850066.4413729,34.00
1789850066.7647278,32.87
1789850067.0691643,34.29
1789850067.356954,34.79
1789850067.6799843,33.47
1789850067.966433,34.75
1789850068.2962165,32.38
1789850068.5875716,34.45
1789850068.876984,34.81
1789850069.1999311,33.70
1789850069.493034,33.98
1789850069.8161407,32.76
1789850070.1073043,33.98
1789850070.444361,32.95
1789850070.7468073,34.41
1789850071.020263,36.23
1789850071.3165042,34.53
1789850071.648211,32.54
1789850071.9617379,33.61
1789850072.2780302,34.79
1789850072.5612848,35.80
1789850072.849352,36.53
1789850073.16516,33.93
1789850073.4530838,34.80
1789850073.7787824,32.80
1789850074.069948,33.86
1789850074.3627007,34.09
1789850074.6880841,33.49
1789850074.9795818,34.80
1789850075.2987268,33.12
1789850075.5938492,33.68
1789850075.8883326,33.83
1789850076.2153525,33.73
1789850076.5084145,34.25
1789850076.7948308,35.34
1789850077.1210053,33.96
1789850077.410969,34.41
1789850077.7394996,32.67
1789850078.033397,33.75
1789850078.321295,34.45
1789850078.6481936,33.61
1789850078.9395156,34.43
1789850079.2589579,32.74
1789850079.5536506,33.80
1789850079.8561554,33.23
1789850080.172982,33.08
1789850080.46917,33.79
1789850080.7563558,34.74
1789850081.0782776,33.60
1789850081.3736875,34.51
1789850081.6966016,33.03
1789850081.9917884,34.34
1789850082.283124,34.40
1789850082.605539,34.25
1789850082.9084823,34.03
1789850083.2214258,33.19
1789850083.5218697,33.69
1789850086.7488122,32.84
1789850087.0666277,33.10
1789850087.3610811,33.77
1789850087.68209,33.41
1789850087.9777586,34.39
1789850088.273365,34.31
1789850088.607987,32.43
1789850088.8963895,35.61
1789850089.1979823,35.87
1789850089.5153935,35.01
1789850089.8099012,35.19
1789850090.1305697,33.10
1789850090.4298775,34.37
1789850090.75643,33.64
1789850091.0479147,35.80
1789850091.3503125,35.73
1789850091.6486762,35.90
1789850091.9702904,34.70
1789850092.2815938,35.45
1789850092.5590396,36.46
1789850092.848688,35.27
1789850093.1395543,34.90
1789850093.4651625,33.81
1789850093.7594314,34.09
1789850094.0764632,33.26
1789850094.3806257,33.53
1789850094.665205,35.17
1789850094.98754,33.61
1789850095.2816455,35.07
1789850095.6049898,32.84
1789850095.897104,33.77
1789850096.195518,34.00
1789850096.5147228,33.44
1789850096.8059046,34.19
1789850097.0993752,34.13
1789850097.4300306,33.34
1789850097.7255564,34.21
1789850098.0402215,33.96
1789850098.3349993,34.64
1789850098.6238947,34.81
1789850098.9539356,34.09
1789850099.2463117,34.26
1789850099.56495,33.03
1789850099.8581696,34.08
1789850100.1514122,34.21
1789850100.480839,32.68
1789850100.7702403,34.48
1789850101.0871305,33.66
1789850101.3830864,34.17
1789850101.6770988,34.13
1789850102.0001633,33.06
1789850102.299429,33.62
1789850102.5876732,34.50
1789850102.9236054,34.00
1789850103.2098482,36.39
1789850103.5338798,34.32
1789850103.817872,35.26
1789850104.1129491,34.57
1789850104.4405174,33.68
1789850104.7298012,34.76
1789850105.0522084,32.35
1789850105.342274,33.78
1789850105.642572,33.90
1789850105.9603057,33.16
1789850106.2533865,33.92
1789850106.5461912,34.05
1789850106.8733845,33.39
1789850107.1707566,34.39
1789850107.5031278,32.34
1789850107.8295832,32.91
1789850108.1495242,34.11
1789850108.4760103,33.96
1789850108.7707467,35.23
1789850109.0483396,36.46
1789850109.3383763,36.09
1789850109.6262217,35.46
1789850109.9515896,33.63
1789850110.242906,34.80
1789850110.5686932,32.24
1789850110.8577952,33.65
1789850111.1564682,34.53
1789850111.4747212,33.59
1789850111.7688143,34.32
1789850112.062989,34.04
1789850112.3894932,33.03
1789850112.6739645,34.77
1789850112.9965277,33.14
1789850113.2984023,34.09
1789850113.5901883,34.47
1789850113.908147,33.87
1789850114.2101526,33.34
1789850114.5269892,32.92
1789850114.8176398,34.20
1789850115.1218612,33.12
1789850115.434432,33.33
1789850115.726316,34.23
1789850116.0472336,32.79
1789850116.3496623,32.95
1789850116.6394873,35.33
1789850116.9628854,33.47
1789850117.2548268,34.59
1789850117.5452063,34.70
1789850117.8738956,33.01
1789850118.16483,34.67
1789850118.4853055,33.19
1789850118.7853835,33.84
1789850121.9992146,33.37
1789850122.3206532,33.06
1789850122.6215878,33.99
1789850122.9355228,33.22
1789850123.2328105,34.22
1789850123.5244057,34.36
1789850123.8481538,34.00
1789850124.1417134,34.01
1789850124.432903,34.59
1789850124.753668,33.72
1789850125.0537512,33.29
1789850125.3725517,32.44
1789850125.6643083,33.80
1789850125.968015,33.12
1789850126.2829142,33.30
1789850126.577465,33.91
1789850126.896078,32.65
1789850127.196607,33.39
1789850127.484415,34.27
1789850127.8050368,33.23
1789850128.1022487,33.72
1789850128.420037,32.74
1789850128.7167342,33.54
1789850129.010436,34.20
1789850129.3323052,33.05
1789850129.6291847,34.04
1789850129.915855,35.11
1789850130.2436938,33.57
1789850130.5373425,34.06
1789850130.8594756,33.27
1789850131.1506917,34.17
1789850131.4439745,34.14
1789850131.7788424,32.88
1789850132.0616581,35.02
1789850132.3798828,33.33
1789850132.677006,33.51
1789850132.9733608,33.51
1789850133.289893,34.24
1789850133.5832114,34.39
1789850133.8769312,34.13
1789850134.2030284,33.38
1789850134.4934316,34.07
1789850134.8151028,32.88
1789850135.113835,33.49
1789850135.4049428,33.92
1789850135.7254062,33.32
1789850136.025249,33.58
1789850136.3481028,32.75
1789850136.6358182,34.02
1789850136.9287555,34.45
1789850137.2504804,33.20
1789850137.5433507,33.87
1789850137.843964,33.85
1789850138.160616,33.61
1789850138.4574244,33.72
1789850138.7762377,33.22
1789850139.0723245,33.53
1789850139.368024,33.82
1789850139.6867204,33.49
1789850139.984078,33.64
1789850140.3026206,33.13
1789850140.595262,33.79
1789850140.8943172,33.93
1789850141.213685,33.57
1789850141.5035796,34.16
1789850141.8297403,32.64
1789850142.1211116,33.89
1789850142.4160397,33.97
1789850142.735235,33.28
1789850143.0372436,33.18
1789850143.3232064,34.87
1789850143.645768,33.70
1789850143.9384053,34.00
1789850144.2605073,33.24
1789850144.5538058,33.86
1789850144.8477547,34.46
1789850145.1720212,33.27
1789850145.4749396,33.21
1789850145.7910237,32.47
1789850146.0823836,34.08
1789850146.373169,34.22
1789850146.7027576,32.50
1789850146.9930525,34.05
1789850147.2845657,34.63
1789850147.6055152,33.69
1789850147.9085922,33.17
1789850148.2240016,32.70
1789850148.5134177,34.09
1789850148.8100672,34.07
1789850149.1305115,33.24
1789850149.4259865,33.54
1789850149.7488658,32.38
1789850150.0391376,34.29
1789850150.3322656,34.41
1789850150.6596134,32.88
1789850150.9504073,34.02
1789850151.2700338,33.00
1789850151.5702493,33.19
1789850151.8571124,34.22
1789850152.182284,32.94
1789850152.477032,34.18
1789850152.7703986,34.41
1789850153.0906913,33.56
1789850153.3831213,34.62
1789850153.706749,32.84
1789850153.998126,33.81
1789850157.2240126,32.86
1789850157.5484943,32.65
1789850157.8426254,33.89
1789850158.163524,32.43
1789850158.456509,34.27
1789850158.7515438,34.23
1789850159.077559,32.74
1789850159.3675594,33.97
1789850159.6594183,34.13
1789850159.9879444,33.40
1789850160.2754898,34.30
1789850160.600269,32.56
1789850160.8907802,33.80
1789850161.1843305,34.04
1789850161.5130157,33.45
1789850161.799742,34.45
1789850162.1254454,32.32
1789850162.417265,33.58
1789850162.7115033,33.83
1789850163.040391,32.91
1789850163.3253636,34.61
1789850163.6474724,33.22
1789850163.9416072,33.96
1789850164.2370994,34.41
1789850164.56859,33.19
1789850164.8521833,35.39
1789850165.1461885,34.79
1789850165.4660387,34.03
1789850165.7607226,34.02
1789850166.0891798,32.91
1789850166.376564,34.17
1789850166.6697404,34.23
1789850167.0034413,32.32
1789850167.2868726,34.30
1789850167.6073256,32.87
1789850167.9050164,33.67
1789850168.1954648,34.31
1789850168.5191565,33.16
1789850168.8115757,33.92
1789850169.1115065,33.80
1789850169.4270375,33.77
1789850169.722514,34.35
1789850170.044108,33.54
1789850170.3393972,34.01
1789850170.6286833,34.67
1789850170.9561462,33.73
1789850171.2471545,35.01
1789850171.5678697,33.19
1789850171.8635652,33.81
1789850172.1553526,34.87
1789850172.4863987,32.50
1789850172.7803414,33.72
1789850173.0678184,34.93
1789850173.3991349,33.17
1789850173.6899712,35.30
1789850174.0193644,32.89
1789850174.3406708,34.45
1789850174.6155074,36.16
1789850174.9340777,33.85
1789850175.2118332,35.95
1789850175.5274954,33.91
1789850175.8277895,34.13
1789850176.1286428,34.70
1789850176.4386013,34.35
1789850176.74095,34.32
1789850177.0536673,34.21
1789850177.3547182,34.10
1789850177.6396458,34.86
1789850177.9694436,33.30
1789850178.2593484,34.03
1789850178.5508103,34.49
1789850178.8933983,33.44
1789850179.2154171,34.11
1789850179.5084975,35.52
1789850179.806865,35.44
1789850180.0892775,36.47
1789850180.4014585,34.77
1789850180.695527,34.29
1789850181.0152194,32.75
1789850181.3087404,33.78
1789850181.602422,34.18
1789850181.9241946,33.07
1789850182.2200406,35.40
1789850182.513677,35.06
1789850182.8366675,33.64
1789850183.1436791,34.12
1789850183.464021,32.78
1789850183.7571783,35.40
1789850184.0396323,36.87
1789850184.361227,34.78
1789850184.6525974,34.92
1789850184.974277,33.20
1789850185.297835,33.46
1789850185.6317146,33.26
1789850185.9453363,34.48
1789850186.2351465,36.05
1789850186.5076735,37.31
1789850186.795271,35.75
1789850187.0878098,35.33
1789850187.422689,32.71
1789850187.714838,33.75
1789850187.9965496,35.10
1789850188.3359199,32.89
1789850188.6458254,34.13
1789850188.9631932,34.62
1789850192.191477,32.69
1789850192.4707956,35.47
1789850192.782043,34.83
1789850193.0710988,35.35
1789850193.3922467,33.21
1789850193.7287936,33.31
1789850195.0554612,23.80
1789850195.597623,21.52
1789850196.005433,25.01
1789850196.371466,27.50
1789850196.75606,27.71
1789850197.1737704,27.47
1789850198.08359,16.89
1789850198.9925075,13.14
1789850433.5444589,11.80
